-- MySQL Script generated by MySQL Workbench
-- Sat Dec 19 21:16:22 2020
-- Model: New Model    Version: 1.0
-- MySQL Workbench Forward Engineering

SET @OLD_UNIQUE_CHECKS=@@UNIQUE_CHECKS, UNIQUE_CHECKS=0;
SET @OLD_FOREIGN_KEY_CHECKS=@@FOREIGN_KEY_CHECKS, FOREIGN_KEY_CHECKS=0;
SET @OLD_SQL_MODE=@@SQL_MODE, SQL_MODE='ONLY_FULL_GROUP_BY,STRICT_TRANS_TABLES,NO_ZERO_IN_DATE,NO_ZERO_DATE,ERROR_FOR_DIVISION_BY_ZERO,NO_ENGINE_SUBSTITUTION';

-- -----------------------------------------------------
-- Schema mydb
-- -----------------------------------------------------
-- -----------------------------------------------------
-- Schema booking_db
-- -----------------------------------------------------

-- -----------------------------------------------------
-- Schema booking_db
-- -----------------------------------------------------
CREATE SCHEMA IF NOT EXISTS `booking_db` DEFAULT CHARACTER SET utf8mb4 COLLATE utf8mb4_0900_ai_ci ;
USE `booking_db` ;

-- -----------------------------------------------------
-- Table `booking_db`.`cities`
-- -----------------------------------------------------
DROP TABLE IF EXISTS `booking_db`.`cities` ;

CREATE TABLE IF NOT EXISTS `booking_db`.`cities` (
  `id_city` INT NOT NULL AUTO_INCREMENT,
  `name` NVARCHAR(255) NULL DEFAULT NULL,
  `number_of_hotels` INT NULL DEFAULT 0,
  `number_of_tours` INT NULL DEFAULT 0,
  `image` NVARCHAR(255) NULL DEFAULT NULL,
  PRIMARY KEY (`id_city`))
ENGINE = InnoDB;


-- -----------------------------------------------------
-- Table `booking_db`.`locations`
-- -----------------------------------------------------
DROP TABLE IF EXISTS `booking_db`.`locations` ;

CREATE TABLE IF NOT EXISTS `booking_db`.`locations` (
  `id_location` INT NOT NULL AUTO_INCREMENT,
  `id_city` INT NULL,
  `country` NVARCHAR(255) NULL DEFAULT 'Việt Nam',
  `district` NVARCHAR(255) NULL DEFAULT NULL,
  `street` NVARCHAR(255) NULL DEFAULT NULL,
  `number` NVARCHAR(255) NULL DEFAULT NULL,
  PRIMARY KEY (`id_location`),
  INDEX `City-Location_idx` (`id_city` ASC) VISIBLE,
  CONSTRAINT `fk_locations_cities`
    FOREIGN KEY (`id_city`)
    REFERENCES `booking_db`.`cities` (`id_city`)
    ON DELETE NO ACTION
    ON UPDATE NO ACTION)
ENGINE = InnoDB;


-- -----------------------------------------------------
-- Table `booking_db`.`areas`
-- -----------------------------------------------------
DROP TABLE IF EXISTS `booking_db`.`areas` ;

CREATE TABLE IF NOT EXISTS `booking_db`.`areas` (
  `id_area` INT NOT NULL AUTO_INCREMENT,
  `id_city` INT NULL,
  `name` NVARCHAR(255) NULL DEFAULT NULL,
  `number_of_hotels` INT NULL DEFAULT 0,
  PRIMARY KEY (`id_area`),
  INDEX `City-Area_idx` (`id_city` ASC) VISIBLE,
  CONSTRAINT `fk_areas_cities`
    FOREIGN KEY (`id_city`)
    REFERENCES `booking_db`.`cities` (`id_city`)
    ON DELETE NO ACTION
    ON UPDATE NO ACTION)
ENGINE = InnoDB;


-- -----------------------------------------------------
-- Table `booking_db`.`utilities`
-- -----------------------------------------------------
DROP TABLE IF EXISTS `booking_db`.`utilities` ;

CREATE TABLE IF NOT EXISTS `booking_db`.`utilities` (
  `id_utility` INT NOT NULL AUTO_INCREMENT,
  `family_room` INT NULL DEFAULT NULL,
  `private_beach` INT NULL DEFAULT NULL,
  `car_park` INT NULL DEFAULT NULL,
  `pool` INT NULL DEFAULT NULL,
  `free_airport_transportation` INT NULL DEFAULT NULL,
  `children_amusement_park` INT NULL DEFAULT NULL,
  `package_service` INT NULL DEFAULT NULL,
  PRIMARY KEY (`id_utility`))
ENGINE = InnoDB;


-- -----------------------------------------------------
-- Table `booking_db`.`service_rooms`
-- -----------------------------------------------------
DROP TABLE IF EXISTS `booking_db`.`service_rooms` ;

CREATE TABLE IF NOT EXISTS `booking_db`.`service_rooms` (
  `id_service_room` INT NOT NULL AUTO_INCREMENT,
  PRIMARY KEY (`id_service_room`))
ENGINE = InnoDB;


-- -----------------------------------------------------
-- Table `booking_db`.`theme_hotels`
-- -----------------------------------------------------
DROP TABLE IF EXISTS `booking_db`.`theme_hotels` ;

CREATE TABLE IF NOT EXISTS `booking_db`.`theme_hotels` (
  `id_theme_hotel` INT NOT NULL AUTO_INCREMENT,
  `name` NVARCHAR(255) NULL DEFAULT NULL,
  `description` NVARCHAR(255) NULL DEFAULT NULL,
  `image` NVARCHAR(255) NULL DEFAULT NULL,
  `number_of_hotels` INT NULL DEFAULT 0,
  PRIMARY KEY (`id_theme_hotel`))
ENGINE = InnoDB;


-- -----------------------------------------------------
-- Table `booking_db`.`type_of_hotels`
-- -----------------------------------------------------
DROP TABLE IF EXISTS `booking_db`.`type_of_hotels` ;

CREATE TABLE IF NOT EXISTS `booking_db`.`type_of_hotels` (
  `id_type_of_hotel` INT NOT NULL AUTO_INCREMENT,
  `name` NVARCHAR(255) NULL DEFAULT NULL,
  PRIMARY KEY (`id_type_of_hotel`))
ENGINE = InnoDB;


-- -----------------------------------------------------
-- Table `booking_db`.`hotels`
-- -----------------------------------------------------
DROP TABLE IF EXISTS `booking_db`.`hotels` ;

CREATE TABLE IF NOT EXISTS `booking_db`.`hotels` (
  `id_hotel` INT NOT NULL AUTO_INCREMENT,
  `id_location` INT NULL,
  `id_area` INT NULL,
  `id_utility` INT NULL,
  `id_theme_hotel` INT NULL DEFAULT 1,
  `id_type_of_hotel` INT NULL DEFAULT 1,
  `title` NVARCHAR(255) NULL DEFAULT NULL,
  `star_rating` INT NULL,
  `description` LONGTEXT NULL DEFAULT NULL,
  `term_checkin` NVARCHAR(255) NULL DEFAULT NULL,
  `term_checkout` NVARCHAR(255) NULL DEFAULT NULL,
  `term_transportation` LONGTEXT NULL DEFAULT NULL,
  `term_receiving_room` LONGTEXT NULL DEFAULT NULL,
  `term_entertainment` LONGTEXT NULL DEFAULT NULL,
  `term_surcharge` LONGTEXT NULL DEFAULT NULL,
  `term_note` LONGTEXT NULL DEFAULT NULL,
  `image_1` NVARCHAR(255) NULL DEFAULT NULL,
  `image_2` NVARCHAR(255) NULL DEFAULT NULL,
  `image_3` NVARCHAR(255) NULL DEFAULT NULL,
  `image_4` NVARCHAR(255) NULL DEFAULT NULL,
  `image_5` NVARCHAR(255) NULL DEFAULT NULL,
  `video_linked` NVARCHAR(255) NULL DEFAULT NULL,
  `score` FLOAT NULL DEFAULT 0.0,
  `number_of_reviews` INT NULL DEFAULT 0,
  PRIMARY KEY (`id_hotel`),
  INDEX `ID_Location_idx` (`id_location` ASC) VISIBLE,
  INDEX `ID_Area_idx` (`id_area` ASC) VISIBLE,
  INDEX `Utility--Hotel_idx` (`id_utility` ASC) VISIBLE,
  INDEX `hotel_is_of_type_idx` (`id_type_of_hotel` ASC) VISIBLE,
  INDEX `fk_hotels_theme_hotels_idx` (`id_theme_hotel` ASC) VISIBLE,
  CONSTRAINT `fk_hotels_locations`
    FOREIGN KEY (`id_location`)
    REFERENCES `booking_db`.`locations` (`id_location`)
    ON DELETE NO ACTION
    ON UPDATE NO ACTION,
  CONSTRAINT `fk_hotels_areas`
    FOREIGN KEY (`id_area`)
    REFERENCES `booking_db`.`areas` (`id_area`)
    ON DELETE NO ACTION
    ON UPDATE NO ACTION,
  CONSTRAINT `fk_hotels_utilities`
    FOREIGN KEY (`id_utility`)
    REFERENCES `booking_db`.`utilities` (`id_utility`)
    ON DELETE NO ACTION
    ON UPDATE NO ACTION,
  CONSTRAINT `fk_hotels_type_of_hotels`
    FOREIGN KEY (`id_type_of_hotel`)
    REFERENCES `booking_db`.`type_of_hotels` (`id_type_of_hotel`)
    ON DELETE NO ACTION
    ON UPDATE NO ACTION,
  CONSTRAINT `fk_hotels_theme_hotels`
    FOREIGN KEY (`id_theme_hotel`)
    REFERENCES `booking_db`.`theme_hotels` (`id_theme_hotel`)
    ON DELETE NO ACTION
    ON UPDATE NO ACTION)
ENGINE = InnoDB;


-- -----------------------------------------------------
-- Table `booking_db`.`type_of_views`
-- -----------------------------------------------------
DROP TABLE IF EXISTS `booking_db`.`type_of_views` ;

CREATE TABLE IF NOT EXISTS `booking_db`.`type_of_views` (
  `id_type_of_view` INT NOT NULL AUTO_INCREMENT,
  `urban` INT NULL DEFAULT NULL,
  `garden` INT NULL,
  `sea` INT NULL,
  `golf_court` INT NULL,
  `pool` INT NULL,
  `mountain` INT NULL,
  PRIMARY KEY (`id_type_of_view`))
ENGINE = InnoDB;


-- -----------------------------------------------------
-- Table `booking_db`.`type_of_rooms`
-- -----------------------------------------------------
DROP TABLE IF EXISTS `booking_db`.`type_of_rooms` ;

CREATE TABLE IF NOT EXISTS `booking_db`.`type_of_rooms` (
  `id_type_of_room` INT NOT NULL,
  `id_hotel` INT NULL,
  `id_type_of_view` INT NULL,
  `name` NVARCHAR(255) NULL DEFAULT NULL,
  `adult_capacity` INT NULL DEFAULT NULL,
  `children_capacity` INT NULL DEFAULT NULL,
  `size` INT NULL DEFAULT NULL,
  `image` NVARCHAR(255) NULL DEFAULT NULL,
  PRIMARY KEY (`id_type_of_room`),
  INDEX `ID_Hotel_idx` (`id_hotel` ASC) VISIBLE,
  INDEX `type_of_room_has_type_of_view_idx` (`id_type_of_view` ASC) VISIBLE,
  CONSTRAINT `fk_type_of_rooms_hotels`
    FOREIGN KEY (`id_hotel`)
    REFERENCES `booking_db`.`hotels` (`id_hotel`)
    ON DELETE NO ACTION
    ON UPDATE NO ACTION,
  CONSTRAINT `fk_type_of_rooms_type_of_views`
    FOREIGN KEY (`id_type_of_view`)
    REFERENCES `booking_db`.`type_of_views` (`id_type_of_view`)
    ON DELETE NO ACTION
    ON UPDATE NO ACTION)
ENGINE = InnoDB;


-- -----------------------------------------------------
-- Table `booking_db`.`packages`
-- -----------------------------------------------------
DROP TABLE IF EXISTS `booking_db`.`packages` ;

CREATE TABLE IF NOT EXISTS `booking_db`.`packages` (
  `id_type_of_room` INT NOT NULL,
  `id_service_room` INT NOT NULL,
  `price_per_night` CHAR(40) NULL DEFAULT NULL,
  PRIMARY KEY (`id_type_of_room`, `id_service_room`),
  INDEX `fk_packages_service_rooms_idx` (`id_service_room` ASC) VISIBLE,
  CONSTRAINT `fk_packages_type_of_rooms`
    FOREIGN KEY (`id_type_of_room`)
    REFERENCES `booking_db`.`type_of_rooms` (`id_type_of_room`)
    ON DELETE NO ACTION
    ON UPDATE NO ACTION,
  CONSTRAINT `fk_packages_service_rooms`
    FOREIGN KEY (`id_service_room`)
    REFERENCES `booking_db`.`service_rooms` (`id_service_room`)
    ON DELETE NO ACTION
    ON UPDATE NO ACTION)
ENGINE = InnoDB;


-- -----------------------------------------------------
-- Table `booking_db`.`combos`
-- -----------------------------------------------------
DROP TABLE IF EXISTS `booking_db`.`combos` ;

CREATE TABLE IF NOT EXISTS `booking_db`.`combos` (
  `id_combo` INT NOT NULL AUTO_INCREMENT,
  `id_hotel` INT NULL,
  `id_type_of_room` INT NULL,
  `id_service_room` INT NULL,
  `discount` INT NULL DEFAULT NULL,
  `start_date` DATE NULL DEFAULT NULL,
  `end_date` DATE NULL DEFAULT NULL,
  `minimum_number_of_rooms` INT NULL DEFAULT NULL,
  PRIMARY KEY (`id_combo`),
  INDEX `fk_combos_hotels_idx` (`id_hotel` ASC) VISIBLE,
  INDEX `fk_combos_packages_idx` (`id_type_of_room` ASC, `id_service_room` ASC) VISIBLE,
  CONSTRAINT `fk_combos_hotels`
    FOREIGN KEY (`id_hotel`)
    REFERENCES `booking_db`.`hotels` (`id_hotel`)
    ON DELETE NO ACTION
    ON UPDATE NO ACTION,
  CONSTRAINT `fk_combos_packages`
    FOREIGN KEY (`id_type_of_room` , `id_service_room`)
    REFERENCES `booking_db`.`packages` (`id_type_of_room` , `id_service_room`)
    ON DELETE NO ACTION
    ON UPDATE NO ACTION)
ENGINE = InnoDB;


-- -----------------------------------------------------
-- Table `booking_db`.`rooms`
-- -----------------------------------------------------
DROP TABLE IF EXISTS `booking_db`.`rooms` ;

CREATE TABLE IF NOT EXISTS `booking_db`.`rooms` (
  `id_room` INT NOT NULL AUTO_INCREMENT,
  `id_type_of_room` INT NULL,
  `id_hotel` INT NULL,
  `name` VARCHAR(45) NULL DEFAULT NULL,
  `availability` INT NULL DEFAULT NULL,
  `checkin_date` DATE NULL DEFAULT NULL,
  `checkout_date` DATE NULL DEFAULT NULL,
  `note` LONGTEXT NULL DEFAULT NULL,
  PRIMARY KEY (`id_room`),
  INDEX `ID_Hotel_idx` (`id_hotel` ASC) VISIBLE,
  INDEX `ID_Type_Of_Room_idx` (`id_type_of_room` ASC) VISIBLE,
  CONSTRAINT `fk_rooms_hotels`
    FOREIGN KEY (`id_hotel`)
    REFERENCES `booking_db`.`hotels` (`id_hotel`)
    ON DELETE NO ACTION
    ON UPDATE NO ACTION,
  CONSTRAINT `fk_rooms_type_of_rooms`
    FOREIGN KEY (`id_type_of_room`)
    REFERENCES `booking_db`.`type_of_rooms` (`id_type_of_room`)
    ON DELETE NO ACTION
    ON UPDATE NO ACTION)
ENGINE = InnoDB;


-- -----------------------------------------------------
-- Table `booking_db`.`roles`
-- -----------------------------------------------------
DROP TABLE IF EXISTS `booking_db`.`roles` ;

CREATE TABLE IF NOT EXISTS `booking_db`.`roles` (
  `id_role` INT NOT NULL AUTO_INCREMENT,
  `name` VARCHAR(45) NULL DEFAULT NULL,
  PRIMARY KEY (`id_role`))
ENGINE = InnoDB;


-- -----------------------------------------------------
-- Table `booking_db`.`users`
-- -----------------------------------------------------
DROP TABLE IF EXISTS `booking_db`.`users` ;

CREATE TABLE IF NOT EXISTS `booking_db`.`users` (
  `id_user` INT NOT NULL AUTO_INCREMENT,
  `id_role` INT NULL,
  `username` NVARCHAR(255) NULL,
  `password` VARCHAR(255) NOT NULL,
  `email` VARCHAR(255) NULL DEFAULT NULL,
  `google_account` VARCHAR(255) NULL DEFAULT NULL,
  `facebook_account` VARCHAR(255) NULL DEFAULT NULL,
  `create_time` TIMESTAMP NULL DEFAULT NULL,
  PRIMARY KEY (`id_user`),
  INDEX `ID_Role_idx` (`id_role` ASC) VISIBLE,
  CONSTRAINT `fk_users_roles`
    FOREIGN KEY (`id_role`)
    REFERENCES `booking_db`.`roles` (`id_role`)
    ON DELETE NO ACTION
    ON UPDATE NO ACTION)
ENGINE = InnoDB;


-- -----------------------------------------------------
-- Table `booking_db`.`review_hotels`
-- -----------------------------------------------------
DROP TABLE IF EXISTS `booking_db`.`review_hotels` ;

CREATE TABLE IF NOT EXISTS `booking_db`.`review_hotels` (
  `id_user` INT NOT NULL,
  `id_hotel` INT NOT NULL,
  `score` INT NULL DEFAULT NULL,
  `content` LONGTEXT NULL DEFAULT NULL,
  `create_time` TIMESTAMP NULL DEFAULT NULL,
  INDEX `ID_User_idx` (`id_user` ASC) VISIBLE,
  INDEX `ID_Hotel_idx` (`id_hotel` ASC) VISIBLE,
  PRIMARY KEY (`id_user`, `id_hotel`),
  CONSTRAINT `fk_review_hotels_users`
    FOREIGN KEY (`id_user`)
    REFERENCES `booking_db`.`users` (`id_user`)
    ON DELETE NO ACTION
    ON UPDATE NO ACTION,
  CONSTRAINT `fk_review_hotels_hotels`
    FOREIGN KEY (`id_hotel`)
    REFERENCES `booking_db`.`hotels` (`id_hotel`)
    ON DELETE NO ACTION
    ON UPDATE NO ACTION)
ENGINE = InnoDB;


-- -----------------------------------------------------
-- Table `booking_db`.`tour_transportations`
-- -----------------------------------------------------
DROP TABLE IF EXISTS `booking_db`.`tour_transportations` ;

CREATE TABLE IF NOT EXISTS `booking_db`.`tour_transportations` (
  `id_tour_transportation` INT NOT NULL AUTO_INCREMENT,
  `bus` INT NULL DEFAULT NULL,
  `train` INT NULL DEFAULT NULL,
  `airplane` INT NULL DEFAULT NULL,
  `ship` INT NULL DEFAULT NULL,
  `trekking` INT NULL,
  `aerial_tramway` INT NULL,
  PRIMARY KEY (`id_tour_transportation`))
ENGINE = InnoDB;


-- -----------------------------------------------------
-- Table `booking_db`.`theme_tours`
-- -----------------------------------------------------
DROP TABLE IF EXISTS `booking_db`.`theme_tours` ;

CREATE TABLE IF NOT EXISTS `booking_db`.`theme_tours` (
  `id_theme_tour` INT NOT NULL AUTO_INCREMENT,
  `name` NVARCHAR(255) NULL DEFAULT NULL,
  PRIMARY KEY (`id_theme_tour`))
ENGINE = InnoDB;


-- -----------------------------------------------------
-- Table `booking_db`.`tours`
-- -----------------------------------------------------
DROP TABLE IF EXISTS `booking_db`.`tours` ;

CREATE TABLE IF NOT EXISTS `booking_db`.`tours` (
  `id_tour` INT NOT NULL AUTO_INCREMENT,
  `id_start_city` INT NULL,
  `id_destination_city` INT NULL,
  `id_tour_transportation` INT NULL,
  `id_theme_tour` INT NULL,
  `score` FLOAT NULL DEFAULT NULL,
  `number_of_reviews` INT NULL DEFAULT NULL,
  `name` NVARCHAR(255) NULL DEFAULT NULL,
  `code` VARCHAR(45) NULL DEFAULT NULL,
  `number_of_days` INT NULL DEFAULT NULL,
  `number_of_nights` INT NULL DEFAULT NULL,
  `term_surcharge` LONGTEXT NULL DEFAULT NULL,
  `term_price_included` LONGTEXT NULL DEFAULT NULL,
  `term_price_not_included` LONGTEXT NULL DEFAULT NULL,
  `term_cancelling` LONGTEXT NULL DEFAULT NULL,
  `term_note` LONGTEXT NULL DEFAULT NULL,
  `term_single_room_surchage_price` CHAR(40) NULL DEFAULT NULL,
  `price_per_adult` CHAR(40) NULL DEFAULT NULL,
  `price_per_child` CHAR(40) NULL DEFAULT NULL,
  `thumbnail` VARCHAR(255) NULL,
  `image` VARCHAR(255) NULL,
  `introduction_heading` NVARCHAR(255) NULL,
  `introduction` LONGTEXT NULL,
  `description_heading` NVARCHAR(255) NULL,
  `description` LONGTEXT NULL,
  PRIMARY KEY (`id_tour`),
  INDEX `tour_is_at_city_idx` (`id_destination_city` ASC) VISIBLE,
  INDEX `fk_tours_theme_tours_idx` (`id_theme_tour` ASC) VISIBLE,
  INDEX `fk_tours_cities_start_idx` (`id_start_city` ASC) VISIBLE,
  INDEX `fk_tours_tour_transportations_idx` (`id_tour_transportation` ASC) VISIBLE,
  CONSTRAINT `fk_tours_cities_destination`
    FOREIGN KEY (`id_destination_city`)
    REFERENCES `booking_db`.`cities` (`id_city`)
    ON DELETE NO ACTION
    ON UPDATE NO ACTION,
  CONSTRAINT `fk_tours_theme_tours`
    FOREIGN KEY (`id_theme_tour`)
    REFERENCES `booking_db`.`theme_tours` (`id_theme_tour`)
    ON DELETE NO ACTION
    ON UPDATE NO ACTION,
  CONSTRAINT `fk_tours_cities_start`
    FOREIGN KEY (`id_start_city`)
    REFERENCES `booking_db`.`cities` (`id_city`)
    ON DELETE NO ACTION
    ON UPDATE NO ACTION,
  CONSTRAINT `fk_tours_tour_transportations`
    FOREIGN KEY (`id_tour_transportation`)
    REFERENCES `booking_db`.`tour_transportations` (`id_tour_transportation`)
    ON DELETE NO ACTION
    ON UPDATE NO ACTION)
ENGINE = InnoDB;


-- -----------------------------------------------------
-- Table `booking_db`.`review_tours`
-- -----------------------------------------------------
DROP TABLE IF EXISTS `booking_db`.`review_tours` ;

CREATE TABLE IF NOT EXISTS `booking_db`.`review_tours` (
  `id_user` INT NOT NULL,
  `id_tour` INT NOT NULL,
  `score` INT NULL DEFAULT NULL,
  `content` LONGTEXT NULL DEFAULT NULL,
  `create_time` TIMESTAMP NULL DEFAULT NULL,
  INDEX `review_is_written_by_user_idx` (`id_user` ASC) VISIBLE,
  INDEX `review_is_for_tour_idx` (`id_tour` ASC) VISIBLE,
  PRIMARY KEY (`id_tour`, `id_user`),
  CONSTRAINT `fk_review_tours_users`
    FOREIGN KEY (`id_user`)
    REFERENCES `booking_db`.`users` (`id_user`)
    ON DELETE NO ACTION
    ON UPDATE NO ACTION,
  CONSTRAINT `fk_review_tours_tours`
    FOREIGN KEY (`id_tour`)
    REFERENCES `booking_db`.`tours` (`id_tour`)
    ON DELETE NO ACTION
    ON UPDATE NO ACTION)
ENGINE = InnoDB;


-- -----------------------------------------------------
-- Table `booking_db`.`hotel_consulting_requests`
-- -----------------------------------------------------
DROP TABLE IF EXISTS `booking_db`.`hotel_consulting_requests` ;

CREATE TABLE IF NOT EXISTS `booking_db`.`hotel_consulting_requests` (
  `id_hotel_consulting_request` INT NOT NULL AUTO_INCREMENT,
  `hotel_name` NVARCHAR(255) NULL DEFAULT NULL,
  `start_date` DATE NULL DEFAULT NULL,
  `end_date` DATE NULL DEFAULT NULL,
  `number_of_adults` INT NULL DEFAULT NULL,
  `number_of_children` INT NULL DEFAULT NULL,
  `note` LONGTEXT NULL DEFAULT NULL,
  `name` NVARCHAR(45) NULL DEFAULT NULL,
  `phone_number` VARCHAR(45) NULL DEFAULT NULL,
  `email` NVARCHAR(45) NULL DEFAULT NULL,
  PRIMARY KEY (`id_hotel_consulting_request`))
ENGINE = InnoDB;


-- -----------------------------------------------------
-- Table `booking_db`.`departures`
-- -----------------------------------------------------
DROP TABLE IF EXISTS `booking_db`.`departures` ;

CREATE TABLE IF NOT EXISTS `booking_db`.`departures` (
  `id_departure` INT NOT NULL,
  `id_tour` INT NULL,
  `start_date` DATE NULL DEFAULT NULL,
  `end_date` DATE NULL DEFAULT NULL,
  `holiday_surcharge` CHAR(40) NULL DEFAULT NULL,
  `availability` INT NULL,
  PRIMARY KEY (`id_departure`),
  INDEX `departture_is_for_tour_idx` (`id_tour` ASC) VISIBLE,
  CONSTRAINT `fk_departures_tours`
    FOREIGN KEY (`id_tour`)
    REFERENCES `booking_db`.`tours` (`id_tour`)
    ON DELETE NO ACTION
    ON UPDATE NO ACTION)
ENGINE = InnoDB;


-- -----------------------------------------------------
-- Table `booking_db`.`type_of_payments`
-- -----------------------------------------------------
DROP TABLE IF EXISTS `booking_db`.`type_of_payments` ;

CREATE TABLE IF NOT EXISTS `booking_db`.`type_of_payments` (
  `id_type_of_payment` INT NOT NULL AUTO_INCREMENT,
  `name` NVARCHAR(255) NULL DEFAULT NULL,
  PRIMARY KEY (`id_type_of_payment`))
ENGINE = InnoDB;


-- -----------------------------------------------------
-- Table `booking_db`.`order_hotels`
-- -----------------------------------------------------
DROP TABLE IF EXISTS `booking_db`.`order_hotels` ;

CREATE TABLE IF NOT EXISTS `booking_db`.`order_hotels` (
  `id_order_hotel` INT NOT NULL,
  `id_user` INT NULL,
  `id_type_of_room` INT NULL,
  `id_service_room` INT NULL,
  `id_type_of_payment` INT NULL,
  `id_hotel` INT NULL,
  `price` CHAR(40) NULL DEFAULT NULL,
  `name` NVARCHAR(255) NULL DEFAULT NULL,
  `phone_number` VARCHAR(255) NULL DEFAULT NULL,
  `email` VARCHAR(255) NULL DEFAULT NULL,
  `note` LONGTEXT NULL DEFAULT NULL,
  `number_of_adult` INT NULL DEFAULT NULL,
  `number_of_chidren` INT NULL DEFAULT NULL,
  `start_date` DATE NULL DEFAULT NULL,
  `end_date` DATE NULL DEFAULT NULL,
  `status` INT NULL DEFAULT NULL,
  PRIMARY KEY (`id_order_hotel`),
  INDEX `order_is_of_user_idx` (`id_user` ASC) VISIBLE,
  INDEX `order_is_of_hotel_idx` (`id_hotel` ASC) VISIBLE,
  INDEX `order_is_of_type_of_rooom_idx` (`id_type_of_room` ASC, `id_service_room` ASC) VISIBLE,
  INDEX `order_has_type_of_payment_idx` (`id_type_of_payment` ASC) INVISIBLE,
  CONSTRAINT `fk_order_hotels_users`
    FOREIGN KEY (`id_user`)
    REFERENCES `booking_db`.`users` (`id_user`)
    ON DELETE NO ACTION
    ON UPDATE NO ACTION,
  CONSTRAINT `fk_order_hotels_hotels`
    FOREIGN KEY (`id_hotel`)
    REFERENCES `booking_db`.`hotels` (`id_hotel`)
    ON DELETE NO ACTION
    ON UPDATE NO ACTION,
  CONSTRAINT `fk_order_hotels_packages`
    FOREIGN KEY (`id_type_of_room` , `id_service_room`)
    REFERENCES `booking_db`.`packages` (`id_type_of_room` , `id_service_room`)
    ON DELETE NO ACTION
    ON UPDATE NO ACTION,
  CONSTRAINT `fk_order_hotels_type_of_payments`
    FOREIGN KEY (`id_type_of_payment`)
    REFERENCES `booking_db`.`type_of_payments` (`id_type_of_payment`)
    ON DELETE NO ACTION
    ON UPDATE NO ACTION)
ENGINE = InnoDB;


-- -----------------------------------------------------
-- Table `booking_db`.`order_tours`
-- -----------------------------------------------------
DROP TABLE IF EXISTS `booking_db`.`order_tours` ;

CREATE TABLE IF NOT EXISTS `booking_db`.`order_tours` (
  `id_order_tour` INT NOT NULL AUTO_INCREMENT,
  `id_user` INT NULL,
  `id_tour` INT NULL,
  `id_type_of_payment` INT NULL,
  `id_departure` INT NULL,
  `number_of_adults` INT NULL DEFAULT NULL,
  `number_of_children` INT NULL DEFAULT NULL,
  `price` VARCHAR(40) NULL DEFAULT NULL,
  `name` NVARCHAR(255) NULL DEFAULT NULL,
  `phone_number` VARCHAR(255) NULL DEFAULT NULL,
  `email` VARCHAR(255) NULL DEFAULT NULL,
  `note` LONGTEXT NULL DEFAULT NULL,
  `status` INT NULL DEFAULT NULL,
  PRIMARY KEY (`id_order_tour`),
  INDEX `order_is_of_user_idx` (`id_user` ASC) VISIBLE,
  INDEX `order_is_of_tour_idx` (`id_tour` ASC) VISIBLE,
  INDEX `order_has_type_of_payment_idx` (`id_type_of_payment` ASC) VISIBLE,
  INDEX `fk_order_tours_departures_idx` (`id_departure` ASC) VISIBLE,
  CONSTRAINT `fk_order_tours_users`
    FOREIGN KEY (`id_user`)
    REFERENCES `booking_db`.`users` (`id_user`)
    ON DELETE NO ACTION
    ON UPDATE NO ACTION,
  CONSTRAINT `fk_order_tours_tours`
    FOREIGN KEY (`id_tour`)
    REFERENCES `booking_db`.`tours` (`id_tour`)
    ON DELETE NO ACTION
    ON UPDATE NO ACTION,
  CONSTRAINT `fk_order_tours_type_of_payments`
    FOREIGN KEY (`id_type_of_payment`)
    REFERENCES `booking_db`.`type_of_payments` (`id_type_of_payment`)
    ON DELETE NO ACTION
    ON UPDATE NO ACTION,
  CONSTRAINT `fk_order_tours_departures`
    FOREIGN KEY (`id_departure`)
    REFERENCES `booking_db`.`departures` (`id_departure`)
    ON DELETE NO ACTION
    ON UPDATE NO ACTION)
ENGINE = InnoDB;


-- -----------------------------------------------------
-- Table `booking_db`.`starter_packages`
-- -----------------------------------------------------
DROP TABLE IF EXISTS `booking_db`.`starter_packages` ;

CREATE TABLE IF NOT EXISTS `booking_db`.`starter_packages` (
  `id_hotel` INT NOT NULL,
  `id_type_of_room` INT NOT NULL,
  `id_service_room` INT NOT NULL,
  PRIMARY KEY (`id_hotel`, `id_type_of_room`, `id_service_room`),
  INDEX `fk_starter_packages_packages_idx` (`id_type_of_room` ASC, `id_service_room` ASC) VISIBLE,
  CONSTRAINT `fk_starter_packages_hotels`
    FOREIGN KEY (`id_hotel`)
    REFERENCES `booking_db`.`hotels` (`id_hotel`)
    ON DELETE NO ACTION
    ON UPDATE NO ACTION,
  CONSTRAINT `fk_starter_packages_packages`
    FOREIGN KEY (`id_type_of_room` , `id_service_room`)
    REFERENCES `booking_db`.`packages` (`id_type_of_room` , `id_service_room`)
    ON DELETE NO ACTION
    ON UPDATE NO ACTION)
ENGINE = InnoDB;


-- -----------------------------------------------------
-- Table `booking_db`.`schedules`
-- -----------------------------------------------------
DROP TABLE IF EXISTS `booking_db`.`schedules` ;

CREATE TABLE IF NOT EXISTS `booking_db`.`schedules` (
  `id_schedule` INT NOT NULL AUTO_INCREMENT,
  `id_tour` INT NULL,
  `day_number` INT NULL,
  `title` NVARCHAR(255) NULL,
  `description` LONGTEXT NULL,
  `image1` VARCHAR(255) NULL,
  `caption1` NVARCHAR(255) NULL,
  `image2` VARCHAR(255) NULL,
  `caption2` NVARCHAR(255) NULL,
  PRIMARY KEY (`id_schedule`),
  INDEX `fk_schedules_tours_idx` (`id_tour` ASC) VISIBLE,
  CONSTRAINT `fk_schedules_tours`
    FOREIGN KEY (`id_tour`)
    REFERENCES `booking_db`.`tours` (`id_tour`)
    ON DELETE NO ACTION
    ON UPDATE NO ACTION)
ENGINE = InnoDB;


-- -----------------------------------------------------
-- Table `booking_db`.`service_tours`
-- -----------------------------------------------------
DROP TABLE IF EXISTS `booking_db`.`service_tours` ;

CREATE TABLE IF NOT EXISTS `booking_db`.`service_tours` (
  `id_service_tour` INT NOT NULL AUTO_INCREMENT,
  `id_tour` INT NULL,
  `name` NVARCHAR(255) NULL,
  PRIMARY KEY (`id_service_tour`),
  INDEX `fk_tour_services_tours_idx` (`id_tour` ASC) VISIBLE,
  CONSTRAINT `fk_service_tours_tours`
    FOREIGN KEY (`id_tour`)
    REFERENCES `booking_db`.`tours` (`id_tour`)
    ON DELETE NO ACTION
    ON UPDATE NO ACTION)
ENGINE = InnoDB;


-- -----------------------------------------------------
-- Table `booking_db`.`utility_details`
-- -----------------------------------------------------
DROP TABLE IF EXISTS `booking_db`.`utility_details` ;

CREATE TABLE IF NOT EXISTS `booking_db`.`utility_details` (
  `id_utility_detail` INT NOT NULL AUTO_INCREMENT,
  `id_hotel` INT NULL,
  `name` NVARCHAR(255) NULL,
  PRIMARY KEY (`id_utility_detail`),
  INDEX `fk_utility_details_hotels_idx` (`id_hotel` ASC) VISIBLE,
  CONSTRAINT `fk_utility_details_hotels`
    FOREIGN KEY (`id_hotel`)
    REFERENCES `booking_db`.`hotels` (`id_hotel`)
    ON DELETE NO ACTION
    ON UPDATE NO ACTION)
ENGINE = InnoDB;


-- -----------------------------------------------------
-- Table `booking_db`.`type_of_room_details`
-- -----------------------------------------------------
DROP TABLE IF EXISTS `booking_db`.`type_of_room_details` ;

CREATE TABLE IF NOT EXISTS `booking_db`.`type_of_room_details` (
  `id_type_of_room_detail` INT NOT NULL AUTO_INCREMENT,
  `id_type_of_room` INT NULL,
  `name` NVARCHAR(255) NULL,
  PRIMARY KEY (`id_type_of_room_detail`),
  INDEX `fk_type_of_room_details_type_of_rooms_idx` (`id_type_of_room` ASC) VISIBLE,
  CONSTRAINT `fk_type_of_room_details_type_of_rooms`
    FOREIGN KEY (`id_type_of_room`)
    REFERENCES `booking_db`.`type_of_rooms` (`id_type_of_room`)
    ON DELETE NO ACTION
    ON UPDATE NO ACTION)
ENGINE = InnoDB;


-- -----------------------------------------------------
-- Table `booking_db`.`service_room_details`
-- -----------------------------------------------------
DROP TABLE IF EXISTS `booking_db`.`service_room_details` ;

CREATE TABLE IF NOT EXISTS `booking_db`.`service_room_details` (
  `id_service_room_detail` INT NOT NULL AUTO_INCREMENT,
  `id_service_room` INT NULL,
  `name` NVARCHAR(255) NULL,
  PRIMARY KEY (`id_service_room_detail`),
  INDEX `fk_service_room_details_service_rooms_idx` (`id_service_room` ASC) VISIBLE,
  CONSTRAINT `fk_service_room_details_service_rooms`
    FOREIGN KEY (`id_service_room`)
    REFERENCES `booking_db`.`service_rooms` (`id_service_room`)
    ON DELETE NO ACTION
    ON UPDATE NO ACTION)
ENGINE = InnoDB;


-- -----------------------------------------------------
-- Table `booking_db`.`tag_tours`
-- -----------------------------------------------------
DROP TABLE IF EXISTS `booking_db`.`tag_tours` ;

CREATE TABLE IF NOT EXISTS `booking_db`.`tag_tours` (
  `id_tag_tour` INT NOT NULL AUTO_INCREMENT,
  `id_tour` INT NULL,
  `name` NVARCHAR(255) NULL,
  PRIMARY KEY (`id_tag_tour`),
  INDEX `fk_tag_tours_tours_idx` (`id_tour` ASC) VISIBLE,
  CONSTRAINT `fk_tag_tours_tours`
    FOREIGN KEY (`id_tour`)
    REFERENCES `booking_db`.`tours` (`id_tour`)
    ON DELETE NO ACTION
    ON UPDATE NO ACTION)
ENGINE = InnoDB;

USE `booking_db`;

DELIMITER $$

USE `booking_db`$$
DROP TRIGGER IF EXISTS `booking_db`.`hotels_BEFORE_INSERT` $$
USE `booking_db`$$
CREATE DEFINER = CURRENT_USER TRIGGER `booking_db`.`hotels_BEFORE_INSERT` BEFORE INSERT ON `hotels` FOR EACH ROW
BEGIN
	declare rowcount int;
    
    select count(*)
    into rowcount
    from areas
    where areas.id_area = new.id_area and areas.number_of_hotels is null;
    
	if rowcount > 0 then
        update areas
		set areas.number_of_hotels = 1
		where new.id_area = areas.id_area;
    else
        update areas
		set areas.number_of_hotels = areas.number_of_hotels+1
		where new.id_area = areas.id_area;
    end if; 
    
    select count(*)
    into rowcount
    from cities
    where ( select id_city from locations where new.id_location = locations.id_location) = cities.id_city
			and cities.number_of_hotels is null;
    
    if rowcount > 0 then
        update cities
		set cities.number_of_hotels = 1
		where ( select id_city from locations where new.id_location = locations.id_location) = cities.id_city;
    else
		update cities
		set cities.number_of_hotels = cities.number_of_hotels+1
		where ( select id_city from locations where new.id_location = locations.id_location) = cities.id_city;
    end if; 
    
    select count(*)
    into rowcount
    from theme_hotels
    where theme_hotels.id_theme_hotel = new.id_theme_hotel and theme_hotels.number_of_hotels is null;
    
    if rowcount > 0 then
        update theme_hotels
		set theme_hotels.number_of_hotels = 1
		where new.id_theme_hotel = theme_hotels.id_theme_hotel;
    else
		update theme_hotels
		set theme_hotels.number_of_hotels = theme_hotels.number_of_hotels+1
		where new.id_theme_hotel = theme_hotels.id_theme_hotel;
    end if; 
END$$


USE `booking_db`$$
DROP TRIGGER IF EXISTS `booking_db`.`hotels_BEFORE_DELETE` $$
USE `booking_db`$$
CREATE DEFINER = CURRENT_USER TRIGGER `booking_db`.`hotels_BEFORE_DELETE` BEFORE DELETE ON `hotels` FOR EACH ROW
BEGIN
    update areas
    set areas.number_of_hotels = areas.number_of_hotels-1
	where old.id_area = areas.id_area;
    
    update cities
    set cities.number_of_hotels = cities.number_of_hotels-1
    where ( select id_city from locations where old.id_location = locations.id_location) = cities.id_city;
    
    update hotel_themes
    set hotel_themes.number_of_hotels = hotel_themes.number_of_hotels-1
	where old.id_theme_hotel = hotel_themes.id_theme_hotel;
END$$


USE `booking_db`$$
DROP TRIGGER IF EXISTS `booking_db`.`review_hotels_AFTER_INSERT` $$
USE `booking_db`$$
CREATE DEFINER = CURRENT_USER TRIGGER `booking_db`.`review_hotels_AFTER_INSERT` AFTER INSERT ON `review_hotels` FOR EACH ROW
BEGIN
	declare rowcount int;
    
    select count(*)
    into rowcount
    from hotels
    where hotels.id_hotel = new.id_hotel and (hotels.number_of_reviews is null or hotels.score is null);
    
    if rowcount > 0 then
        update hotels
		set hotels.number_of_reviews = 1, hotels.score = new.score
		where new.id_hotel = hotels.id_hotel;
    else
        update hotels
		set hotels.score = (hotels.score*hotels.number_of_reviews + new.score) 
						   / (hotels.number_of_reviews+1)
			, hotels.number_of_reviews = hotels.number_of_reviews+1
		where hotels.id_hotel = new.id_hotel;
    end if; 
END$$


USE `booking_db`$$
DROP TRIGGER IF EXISTS `booking_db`.`review_hotels_BEFORE_UPDATE` $$
USE `booking_db`$$
CREATE DEFINER = CURRENT_USER TRIGGER `booking_db`.`review_hotels_BEFORE_UPDATE` BEFORE UPDATE ON `review_hotels` FOR EACH ROW
BEGIN
	update hotels
    set hotels.score = (hotels.score*hotels.number_of_reviews - old.score + new.score) 
                       / (hotels.number_of_reviews)
	where hotels.id_hotel = old.id_hotel;
END$$


USE `booking_db`$$
DROP TRIGGER IF EXISTS `booking_db`.`review_hotels_BEFORE_DELETE` $$
USE `booking_db`$$
CREATE DEFINER = CURRENT_USER TRIGGER `booking_db`.`review_hotels_BEFORE_DELETE` BEFORE DELETE ON `review_hotels` FOR EACH ROW
BEGIN
	declare rowcount int;
    
    select count(*)
    into rowcount
    from hotels
    where hotels.id_hotel = old.id_hotel and hotels.number_of_reviews = 1;
    
    if rowcount > 0 then
        update hotels
		set hotels.score = 0, hotels.number_of_reviews = 0
		where hotels.id_hotel = old.id_hotel;
    else
        update hotels
		set hotels.score = (hotels.score*hotels.number_of_reviews - old.score) 
						   / (hotels.number_of_reviews-1)
			, hotels.number_of_reviews = hotels.number_of_reviews-1
		where hotels.id_hotel = old.id_hotel;
    end if; 
END$$


USE `booking_db`$$
DROP TRIGGER IF EXISTS `booking_db`.`tours_BEFORE_INSERT` $$
USE `booking_db`$$
CREATE DEFINER = CURRENT_USER TRIGGER `booking_db`.`tours_BEFORE_INSERT` BEFORE INSERT ON `tours` FOR EACH ROW
BEGIN
	declare rowcount int;

    select count(*)
    into rowcount
    from cities
    where cities.id_city = new.id_destination_city and cities.number_of_tours is null;
    
    if rowcount > 0 then
        update cities
		set cities.number_of_tours = 1
		where cities.id_city = new.id_destination_city;
    else
		update cities
		set cities.number_of_tours = cities.number_of_tours+1
		where cities.id_city = new.id_destination_city;
    end if;
END$$


USE `booking_db`$$
DROP TRIGGER IF EXISTS `booking_db`.`tours_BEFORE_DELETE` $$
USE `booking_db`$$
CREATE DEFINER = CURRENT_USER TRIGGER `booking_db`.`tours_BEFORE_DELETE` BEFORE DELETE ON `tours` FOR EACH ROW
BEGIN
    update cities
    set cities.number_of_tours = cities.number_of_tours-1
    where cities.id_city = old.id_destination_city;
END$$


USE `booking_db`$$
DROP TRIGGER IF EXISTS `booking_db`.`review_tours_AFTER_INSERT` $$
USE `booking_db`$$
CREATE DEFINER = CURRENT_USER TRIGGER `booking_db`.`review_tours_AFTER_INSERT` AFTER INSERT ON `review_tours` FOR EACH ROW
BEGIN
	declare rowcount int;
    
    select count(*)
    into rowcount
    from tours
    where tours.id_tour = new.id_tour and (tours.number_of_reviews is null or tours.score is null);
    
    if rowcount > 0 then
        update tours
		set tours.number_of_reviews = 1, tours.score = new.score
		where tours.id_tour = new.id_tour;
    else
        update tours
		set tours.score = (tours.score*tours.number_of_reviews + new.score) 
						   / (tours.number_of_reviews+1)
			, tours.number_of_reviews = tours.number_of_reviews+1
		where tours.id_tour = new.id_tour;
    end if; 
END$$


USE `booking_db`$$
DROP TRIGGER IF EXISTS `booking_db`.`review_tours_BEFORE_UPDATE` $$
USE `booking_db`$$
CREATE DEFINER = CURRENT_USER TRIGGER `booking_db`.`review_tours_BEFORE_UPDATE` BEFORE UPDATE ON `review_tours` FOR EACH ROW
BEGIN
	update tours
    set tours.score = (tours.score*tours.number_of_reviews - old.score + new.score) 
                       / (tours.number_of_reviews)
	where tours.id_tour = old.id_tour;
END$$


USE `booking_db`$$
DROP TRIGGER IF EXISTS `booking_db`.`review_tours_BEFORE_DELETE` $$
USE `booking_db`$$
CREATE DEFINER = CURRENT_USER TRIGGER `booking_db`.`review_tours_BEFORE_DELETE` BEFORE DELETE ON `review_tours` FOR EACH ROW
BEGIN
	declare rowcount int;
    
    select count(*)
    into rowcount
    from tours
    where tours.id_tour = old.id_tour and tours.number_of_reviews = 1;
    
    if rowcount > 0 then
        update tours
		set tours.score = 0, tours.number_of_reviews = 0
		where tours.id_tour = old.id_tour;
    else
        update tours
		set tours.score = (tours.score*tours.number_of_reviews - old.score) 
						   / (tours.number_of_reviews-1)
			, tours.number_of_reviews = tours.number_of_reviews-1
		where tours.id_tour = old.id_tour;
    end if; 
END$$


DELIMITER ;

SET SQL_MODE=@OLD_SQL_MODE;
SET FOREIGN_KEY_CHECKS=@OLD_FOREIGN_KEY_CHECKS;
SET UNIQUE_CHECKS=@OLD_UNIQUE_CHECKS;

-- -----------------------------------------------------
-- Data for table `booking_db`.`cities`
-- -----------------------------------------------------
START TRANSACTION;
USE `booking_db`;
INSERT INTO `booking_db`.`cities` (`id_city`, `name`, `number_of_hotels`, `number_of_tours`, `image`) VALUES (1, 'An Giang', 0, 0, 'NULL');
INSERT INTO `booking_db`.`cities` (`id_city`, `name`, `number_of_hotels`, `number_of_tours`, `image`) VALUES (2, 'Bà Rịa - Vũng Tàu', 0, 0, 'NULL');
INSERT INTO `booking_db`.`cities` (`id_city`, `name`, `number_of_hotels`, `number_of_tours`, `image`) VALUES (3, 'Bắc Giang', 0, 0, 'NULL');
INSERT INTO `booking_db`.`cities` (`id_city`, `name`, `number_of_hotels`, `number_of_tours`, `image`) VALUES (4, 'Bắc Kạn', 0, 0, 'NULL');
INSERT INTO `booking_db`.`cities` (`id_city`, `name`, `number_of_hotels`, `number_of_tours`, `image`) VALUES (5, 'Bạc Liêu', 0, 0, 'NULL');
INSERT INTO `booking_db`.`cities` (`id_city`, `name`, `number_of_hotels`, `number_of_tours`, `image`) VALUES (6, 'Bắc Ninh', 0, 0, 'NULL');
INSERT INTO `booking_db`.`cities` (`id_city`, `name`, `number_of_hotels`, `number_of_tours`, `image`) VALUES (7, 'Bến Tre', 0, 0, 'NULL');
INSERT INTO `booking_db`.`cities` (`id_city`, `name`, `number_of_hotels`, `number_of_tours`, `image`) VALUES (8, 'Bình Định', 0, 0, 'NULL');
INSERT INTO `booking_db`.`cities` (`id_city`, `name`, `number_of_hotels`, `number_of_tours`, `image`) VALUES (9, 'Bình Dương', 0, 0, 'NULL');
INSERT INTO `booking_db`.`cities` (`id_city`, `name`, `number_of_hotels`, `number_of_tours`, `image`) VALUES (10, 'Bình Phước', 0, 0, 'NULL');
INSERT INTO `booking_db`.`cities` (`id_city`, `name`, `number_of_hotels`, `number_of_tours`, `image`) VALUES (11, 'Bình Thuận', 0, 0, 'NULL');
INSERT INTO `booking_db`.`cities` (`id_city`, `name`, `number_of_hotels`, `number_of_tours`, `image`) VALUES (12, 'Cà Mau', 0, 0, 'NULL');
INSERT INTO `booking_db`.`cities` (`id_city`, `name`, `number_of_hotels`, `number_of_tours`, `image`) VALUES (13, 'Cao Bằng', 0, 0, 'NULL');
INSERT INTO `booking_db`.`cities` (`id_city`, `name`, `number_of_hotels`, `number_of_tours`, `image`) VALUES (14, 'Đắk Lắk', 0, 0, 'NULL');
INSERT INTO `booking_db`.`cities` (`id_city`, `name`, `number_of_hotels`, `number_of_tours`, `image`) VALUES (15, 'Đắk Nông', 0, 0, 'NULL');
INSERT INTO `booking_db`.`cities` (`id_city`, `name`, `number_of_hotels`, `number_of_tours`, `image`) VALUES (16, 'Điện Biên', 0, 0, 'NULL');
INSERT INTO `booking_db`.`cities` (`id_city`, `name`, `number_of_hotels`, `number_of_tours`, `image`) VALUES (17, 'Đồng Nai', 0, 0, 'NULL');
INSERT INTO `booking_db`.`cities` (`id_city`, `name`, `number_of_hotels`, `number_of_tours`, `image`) VALUES (18, 'Đồng Tháp', 0, 0, 'NULL');
INSERT INTO `booking_db`.`cities` (`id_city`, `name`, `number_of_hotels`, `number_of_tours`, `image`) VALUES (19, 'Gia Lai', 0, 0, 'NULL');
INSERT INTO `booking_db`.`cities` (`id_city`, `name`, `number_of_hotels`, `number_of_tours`, `image`) VALUES (20, 'Hà Giang', 0, 0, 'NULL');
INSERT INTO `booking_db`.`cities` (`id_city`, `name`, `number_of_hotels`, `number_of_tours`, `image`) VALUES (21, 'Hà Nam', 0, 0, 'NULL');
INSERT INTO `booking_db`.`cities` (`id_city`, `name`, `number_of_hotels`, `number_of_tours`, `image`) VALUES (22, 'Hà Tĩnh', 0, 0, 'NULL');
INSERT INTO `booking_db`.`cities` (`id_city`, `name`, `number_of_hotels`, `number_of_tours`, `image`) VALUES (23, 'Hải Dương', 0, 0, 'NULL');
INSERT INTO `booking_db`.`cities` (`id_city`, `name`, `number_of_hotels`, `number_of_tours`, `image`) VALUES (24, 'Hậu Giang', 0, 0, 'NULL');
INSERT INTO `booking_db`.`cities` (`id_city`, `name`, `number_of_hotels`, `number_of_tours`, `image`) VALUES (25, 'Hoà Bình', 0, 0, 'NULL');
INSERT INTO `booking_db`.`cities` (`id_city`, `name`, `number_of_hotels`, `number_of_tours`, `image`) VALUES (26, 'Hưng Yên', 0, 0, 'NULL');
INSERT INTO `booking_db`.`cities` (`id_city`, `name`, `number_of_hotels`, `number_of_tours`, `image`) VALUES (27, 'Khánh Hoà', 0, 0, 'NULL');
INSERT INTO `booking_db`.`cities` (`id_city`, `name`, `number_of_hotels`, `number_of_tours`, `image`) VALUES (28, 'Kiên Giang', 0, 0, 'NULL');
INSERT INTO `booking_db`.`cities` (`id_city`, `name`, `number_of_hotels`, `number_of_tours`, `image`) VALUES (29, 'Kon Tum', 0, 0, 'NULL');
INSERT INTO `booking_db`.`cities` (`id_city`, `name`, `number_of_hotels`, `number_of_tours`, `image`) VALUES (30, 'Lai Châu', 0, 0, 'NULL');
INSERT INTO `booking_db`.`cities` (`id_city`, `name`, `number_of_hotels`, `number_of_tours`, `image`) VALUES (31, 'Lâm Đồng', 0, 0, 'NULL');
INSERT INTO `booking_db`.`cities` (`id_city`, `name`, `number_of_hotels`, `number_of_tours`, `image`) VALUES (32, 'Lạng Sơn', 0, 0, 'NULL');
INSERT INTO `booking_db`.`cities` (`id_city`, `name`, `number_of_hotels`, `number_of_tours`, `image`) VALUES (33, 'Lào Cai', 0, 0, 'NULL');
INSERT INTO `booking_db`.`cities` (`id_city`, `name`, `number_of_hotels`, `number_of_tours`, `image`) VALUES (34, 'Long An', 0, 0, 'NULL');
INSERT INTO `booking_db`.`cities` (`id_city`, `name`, `number_of_hotels`, `number_of_tours`, `image`) VALUES (35, 'Nam Định', 0, 0, 'NULL');
INSERT INTO `booking_db`.`cities` (`id_city`, `name`, `number_of_hotels`, `number_of_tours`, `image`) VALUES (36, 'Nghệ An', 0, 0, 'NULL');
INSERT INTO `booking_db`.`cities` (`id_city`, `name`, `number_of_hotels`, `number_of_tours`, `image`) VALUES (37, 'Ninh Bình', 0, 0, 'NULL');
INSERT INTO `booking_db`.`cities` (`id_city`, `name`, `number_of_hotels`, `number_of_tours`, `image`) VALUES (38, 'Ninh Thuận', 0, 0, 'NULL');
INSERT INTO `booking_db`.`cities` (`id_city`, `name`, `number_of_hotels`, `number_of_tours`, `image`) VALUES (39, 'Phú Thọ', 0, 0, 'NULL');
INSERT INTO `booking_db`.`cities` (`id_city`, `name`, `number_of_hotels`, `number_of_tours`, `image`) VALUES (40, 'Quảng Bình', 0, 0, 'NULL');
INSERT INTO `booking_db`.`cities` (`id_city`, `name`, `number_of_hotels`, `number_of_tours`, `image`) VALUES (41, 'Quảng Nam', 0, 0, 'NULL');
INSERT INTO `booking_db`.`cities` (`id_city`, `name`, `number_of_hotels`, `number_of_tours`, `image`) VALUES (42, 'Quảng Ngãi', 0, 0, 'NULL');
INSERT INTO `booking_db`.`cities` (`id_city`, `name`, `number_of_hotels`, `number_of_tours`, `image`) VALUES (43, 'Quảng Ninh', 0, 0, 'NULL');
INSERT INTO `booking_db`.`cities` (`id_city`, `name`, `number_of_hotels`, `number_of_tours`, `image`) VALUES (44, 'Quảng Trị', 0, 0, 'NULL');
INSERT INTO `booking_db`.`cities` (`id_city`, `name`, `number_of_hotels`, `number_of_tours`, `image`) VALUES (45, 'Sóc Trăng', 0, 0, 'NULL');
INSERT INTO `booking_db`.`cities` (`id_city`, `name`, `number_of_hotels`, `number_of_tours`, `image`) VALUES (46, 'Sơn La', 0, 0, 'NULL');
INSERT INTO `booking_db`.`cities` (`id_city`, `name`, `number_of_hotels`, `number_of_tours`, `image`) VALUES (47, 'Tây Ninh', 0, 0, 'NULL');
INSERT INTO `booking_db`.`cities` (`id_city`, `name`, `number_of_hotels`, `number_of_tours`, `image`) VALUES (48, 'Thái Bình', 0, 0, 'NULL');
INSERT INTO `booking_db`.`cities` (`id_city`, `name`, `number_of_hotels`, `number_of_tours`, `image`) VALUES (49, 'Thái Nguyên', 0, 0, 'NULL');
INSERT INTO `booking_db`.`cities` (`id_city`, `name`, `number_of_hotels`, `number_of_tours`, `image`) VALUES (50, 'Thanh Hoá', 0, 0, 'NULL');
INSERT INTO `booking_db`.`cities` (`id_city`, `name`, `number_of_hotels`, `number_of_tours`, `image`) VALUES (51, 'Thừa Thiên Huế', 0, 0, 'NULL');
INSERT INTO `booking_db`.`cities` (`id_city`, `name`, `number_of_hotels`, `number_of_tours`, `image`) VALUES (52, 'Tiền Giang', 0, 0, 'NULL');
INSERT INTO `booking_db`.`cities` (`id_city`, `name`, `number_of_hotels`, `number_of_tours`, `image`) VALUES (53, 'Trà Vinh', 0, 0, 'NULL');
INSERT INTO `booking_db`.`cities` (`id_city`, `name`, `number_of_hotels`, `number_of_tours`, `image`) VALUES (54, 'Tuyên Quang', 0, 0, 'NULL');
INSERT INTO `booking_db`.`cities` (`id_city`, `name`, `number_of_hotels`, `number_of_tours`, `image`) VALUES (55, 'Vĩnh Long', 0, 0, 'NULL');
INSERT INTO `booking_db`.`cities` (`id_city`, `name`, `number_of_hotels`, `number_of_tours`, `image`) VALUES (56, 'Vĩnh Phúc', 0, 0, 'NULL');
INSERT INTO `booking_db`.`cities` (`id_city`, `name`, `number_of_hotels`, `number_of_tours`, `image`) VALUES (57, 'Yên Bái', 0, 0, 'NULL');
INSERT INTO `booking_db`.`cities` (`id_city`, `name`, `number_of_hotels`, `number_of_tours`, `image`) VALUES (58, 'Phú Yên', 0, 0, 'NULL');
INSERT INTO `booking_db`.`cities` (`id_city`, `name`, `number_of_hotels`, `number_of_tours`, `image`) VALUES (59, 'Cần Thơ', 0, 0, 'NULL');
INSERT INTO `booking_db`.`cities` (`id_city`, `name`, `number_of_hotels`, `number_of_tours`, `image`) VALUES (60, 'Thừa Thiên Huế', 0, 0, 'NULL');
INSERT INTO `booking_db`.`cities` (`id_city`, `name`, `number_of_hotels`, `number_of_tours`, `image`) VALUES (61, 'Đà Nẵng', 0, 0, 'NULL');
INSERT INTO `booking_db`.`cities` (`id_city`, `name`, `number_of_hotels`, `number_of_tours`, `image`) VALUES (62, 'Hải Phòng', 0, 0, 'NULL');
INSERT INTO `booking_db`.`cities` (`id_city`, `name`, `number_of_hotels`, `number_of_tours`, `image`) VALUES (63, 'Hà Nội', 0, 0, 'NULL');
INSERT INTO `booking_db`.`cities` (`id_city`, `name`, `number_of_hotels`, `number_of_tours`, `image`) VALUES (64, 'Thành phố Hồ Chí Minh', 0, 0, 'NULL');

COMMIT;


-- -----------------------------------------------------
-- Data for table `booking_db`.`locations`
-- -----------------------------------------------------
START TRANSACTION;
USE `booking_db`;
INSERT INTO `booking_db`.`locations` (`id_location`, `id_city`, `country`, `district`, `street`, `number`) VALUES (1, 8, 'Việt Nam', 'xã Nhơn Lý', 'Nhơn Lý - bãi biển Cát Tiến', 'khu 4');

COMMIT;


-- -----------------------------------------------------
-- Data for table `booking_db`.`areas`
-- -----------------------------------------------------
START TRANSACTION;
USE `booking_db`;
INSERT INTO `booking_db`.`areas` (`id_area`, `id_city`, `name`, `number_of_hotels`) VALUES (1, 2, 'Bãi Dâu', 0);
INSERT INTO `booking_db`.`areas` (`id_area`, `id_city`, `name`, `number_of_hotels`) VALUES (2, 2, 'Bãi Dứa', 0);
INSERT INTO `booking_db`.`areas` (`id_area`, `id_city`, `name`, `number_of_hotels`) VALUES (3, 2, 'Bãi Sau', 0);
INSERT INTO `booking_db`.`areas` (`id_area`, `id_city`, `name`, `number_of_hotels`) VALUES (4, 2, 'Bãi Trước', 0);
INSERT INTO `booking_db`.`areas` (`id_area`, `id_city`, `name`, `number_of_hotels`) VALUES (5, 2, 'Biển Hồ Cốc', 0);
INSERT INTO `booking_db`.`areas` (`id_area`, `id_city`, `name`, `number_of_hotels`) VALUES (6, 2, 'Côn Đảo', 0);
INSERT INTO `booking_db`.`areas` (`id_area`, `id_city`, `name`, `number_of_hotels`) VALUES (7, 2, 'Hồ Tràm', 0);
INSERT INTO `booking_db`.`areas` (`id_area`, `id_city`, `name`, `number_of_hotels`) VALUES (8, 2, 'Long Hải', 0);
INSERT INTO `booking_db`.`areas` (`id_area`, `id_city`, `name`, `number_of_hotels`) VALUES (9, 2, 'Trung tâm thành phố', 0);
INSERT INTO `booking_db`.`areas` (`id_area`, `id_city`, `name`, `number_of_hotels`) VALUES (10, 2, 'Ở Bà Rịa - Vũng Tàu', 0);
INSERT INTO `booking_db`.`areas` (`id_area`, `id_city`, `name`, `number_of_hotels`) VALUES (11, 4, 'Ở Bắc Kạn', 0);
INSERT INTO `booking_db`.`areas` (`id_area`, `id_city`, `name`, `number_of_hotels`) VALUES (12, 5, 'Ở Bạc Liêu', 0);
INSERT INTO `booking_db`.`areas` (`id_area`, `id_city`, `name`, `number_of_hotels`) VALUES (13, 6, 'Gần Bảo tàng Bắc Ninh', 0);
INSERT INTO `booking_db`.`areas` (`id_area`, `id_city`, `name`, `number_of_hotels`) VALUES (14, 6, 'Gần Trung tâm Văn hóa Kinh Bắc', 0);
INSERT INTO `booking_db`.`areas` (`id_area`, `id_city`, `name`, `number_of_hotels`) VALUES (15, 6, 'Từ Sơn', 0);
INSERT INTO `booking_db`.`areas` (`id_area`, `id_city`, `name`, `number_of_hotels`) VALUES (16, 6, 'Ở Bắc Ninh', 0);
INSERT INTO `booking_db`.`areas` (`id_area`, `id_city`, `name`, `number_of_hotels`) VALUES (17, 7, 'Trên sông', 0);
INSERT INTO `booking_db`.`areas` (`id_area`, `id_city`, `name`, `number_of_hotels`) VALUES (18, 7, 'Ở Bến Tre', 0);
INSERT INTO `booking_db`.`areas` (`id_area`, `id_city`, `name`, `number_of_hotels`) VALUES (19, 8, 'Gần Chùa Long Khánh', 0);
INSERT INTO `booking_db`.`areas` (`id_area`, `id_city`, `name`, `number_of_hotels`) VALUES (20, 8, 'Gần Danh thắng Hầm Hô', 0);
INSERT INTO `booking_db`.`areas` (`id_area`, `id_city`, `name`, `number_of_hotels`) VALUES (21, 8, 'Ở Bình Định', 0);
INSERT INTO `booking_db`.`areas` (`id_area`, `id_city`, `name`, `number_of_hotels`) VALUES (22, 9, 'Tân Định', 0);
INSERT INTO `booking_db`.`areas` (`id_area`, `id_city`, `name`, `number_of_hotels`) VALUES (23, 9, 'Thủ Dầu Một', 0);
INSERT INTO `booking_db`.`areas` (`id_area`, `id_city`, `name`, `number_of_hotels`) VALUES (24, 9, 'Thuận An', 0);
INSERT INTO `booking_db`.`areas` (`id_area`, `id_city`, `name`, `number_of_hotels`) VALUES (25, 9, 'Tại khu vực thương mại', 0);
INSERT INTO `booking_db`.`areas` (`id_area`, `id_city`, `name`, `number_of_hotels`) VALUES (26, 9, 'Trên sông', 0);
INSERT INTO `booking_db`.`areas` (`id_area`, `id_city`, `name`, `number_of_hotels`) VALUES (27, 9, 'Ở Bình Dương', 0);
INSERT INTO `booking_db`.`areas` (`id_area`, `id_city`, `name`, `number_of_hotels`) VALUES (28, 16, 'Gần Đài kỷ niệm Chiến Thắng', 0);
INSERT INTO `booking_db`.`areas` (`id_area`, `id_city`, `name`, `number_of_hotels`) VALUES (29, 16, 'Gần Đồi A1', 0);
INSERT INTO `booking_db`.`areas` (`id_area`, `id_city`, `name`, `number_of_hotels`) VALUES (30, 16, 'Ở Điện Biên', 0);
INSERT INTO `booking_db`.`areas` (`id_area`, `id_city`, `name`, `number_of_hotels`) VALUES (31, 17, 'Biên Hòa', 0);
INSERT INTO `booking_db`.`areas` (`id_area`, `id_city`, `name`, `number_of_hotels`) VALUES (32, 17, 'Gần Bến Phà Nam Cát Tiên', 0);
INSERT INTO `booking_db`.`areas` (`id_area`, `id_city`, `name`, `number_of_hotels`) VALUES (33, 17, 'Ở Đồng Nai', 0);
INSERT INTO `booking_db`.`areas` (`id_area`, `id_city`, `name`, `number_of_hotels`) VALUES (34, 18, 'Cao Lãnh', 0);
INSERT INTO `booking_db`.`areas` (`id_area`, `id_city`, `name`, `number_of_hotels`) VALUES (35, 18, 'Sa Đéc', 0);
INSERT INTO `booking_db`.`areas` (`id_area`, `id_city`, `name`, `number_of_hotels`) VALUES (36, 18, 'Bãi Dâu', 0);
INSERT INTO `booking_db`.`areas` (`id_area`, `id_city`, `name`, `number_of_hotels`) VALUES (37, 18, 'Tam Nông', 0);
INSERT INTO `booking_db`.`areas` (`id_area`, `id_city`, `name`, `number_of_hotels`) VALUES (38, 18, 'Tháp Mười', 0);
INSERT INTO `booking_db`.`areas` (`id_area`, `id_city`, `name`, `number_of_hotels`) VALUES (39, 18, 'Ở Đồng Tháp', 0);
INSERT INTO `booking_db`.`areas` (`id_area`, `id_city`, `name`, `number_of_hotels`) VALUES (40, 19, 'Trung tâm thành phố', 0);
INSERT INTO `booking_db`.`areas` (`id_area`, `id_city`, `name`, `number_of_hotels`) VALUES (41, 19, 'Ở Gia Lai', 0);
INSERT INTO `booking_db`.`areas` (`id_area`, `id_city`, `name`, `number_of_hotels`) VALUES (42, 20, 'Gần Đền Cầu Má', 0);
INSERT INTO `booking_db`.`areas` (`id_area`, `id_city`, `name`, `number_of_hotels`) VALUES (43, 20, 'Gần Sân vận động Hà Giang', 0);
INSERT INTO `booking_db`.`areas` (`id_area`, `id_city`, `name`, `number_of_hotels`) VALUES (44, 20, 'Đồng Văn', 0);
INSERT INTO `booking_db`.`areas` (`id_area`, `id_city`, `name`, `number_of_hotels`) VALUES (45, 20, 'Ở Hà Giang', 0);
INSERT INTO `booking_db`.`areas` (`id_area`, `id_city`, `name`, `number_of_hotels`) VALUES (46, 23, 'Gần Bệnh viện tỉnh Hải Dương', 0);
INSERT INTO `booking_db`.`areas` (`id_area`, `id_city`, `name`, `number_of_hotels`) VALUES (47, 23, 'Ở Hải Dương', 0);
INSERT INTO `booking_db`.`areas` (`id_area`, `id_city`, `name`, `number_of_hotels`) VALUES (48, 25, 'Gần Bảo tàng Không gian Văn hóa Mường', 0);
INSERT INTO `booking_db`.`areas` (`id_area`, `id_city`, `name`, `number_of_hotels`) VALUES (49, 25, 'Mai Châu', 0);
INSERT INTO `booking_db`.`areas` (`id_area`, `id_city`, `name`, `number_of_hotels`) VALUES (50, 25, 'Lương Sơn', 0);
INSERT INTO `booking_db`.`areas` (`id_area`, `id_city`, `name`, `number_of_hotels`) VALUES (51, 25, 'Ở Hoà Bình', 0);
INSERT INTO `booking_db`.`areas` (`id_area`, `id_city`, `name`, `number_of_hotels`) VALUES (52, 27, 'Bãi biển Nhũ Tiên', 0);
INSERT INTO `booking_db`.`areas` (`id_area`, `id_city`, `name`, `number_of_hotels`) VALUES (53, 27, 'Bãi Dài', 0);
INSERT INTO `booking_db`.`areas` (`id_area`, `id_city`, `name`, `number_of_hotels`) VALUES (54, 27, 'Bình Ba', 0);
INSERT INTO `booking_db`.`areas` (`id_area`, `id_city`, `name`, `number_of_hotels`) VALUES (55, 27, 'Cam Ranh', 0);
INSERT INTO `booking_db`.`areas` (`id_area`, `id_city`, `name`, `number_of_hotels`) VALUES (56, 27, 'Đảo Hòn Tre', 0);
INSERT INTO `booking_db`.`areas` (`id_area`, `id_city`, `name`, `number_of_hotels`) VALUES (57, 27, 'Dốc Lết', 0);
INSERT INTO `booking_db`.`areas` (`id_area`, `id_city`, `name`, `number_of_hotels`) VALUES (58, 27, 'Đường Phạm Văn Đồng - Bãi Tiên', 0);
INSERT INTO `booking_db`.`areas` (`id_area`, `id_city`, `name`, `number_of_hotels`) VALUES (59, 27, 'Đường Trần Phú', 0);
INSERT INTO `booking_db`.`areas` (`id_area`, `id_city`, `name`, `number_of_hotels`) VALUES (60, 27, 'Hòn Tằm', 0);
INSERT INTO `booking_db`.`areas` (`id_area`, `id_city`, `name`, `number_of_hotels`) VALUES (61, 27, 'Khu Phố Tây', 0);
INSERT INTO `booking_db`.`areas` (`id_area`, `id_city`, `name`, `number_of_hotels`) VALUES (62, 27, 'Ninh Hòa', 0);
INSERT INTO `booking_db`.`areas` (`id_area`, `id_city`, `name`, `number_of_hotels`) VALUES (63, 27, 'Trung Tâm Thành Phố', 0);
INSERT INTO `booking_db`.`areas` (`id_area`, `id_city`, `name`, `number_of_hotels`) VALUES (64, 27, 'Vịnh Ninh Vân', 0);
INSERT INTO `booking_db`.`areas` (`id_area`, `id_city`, `name`, `number_of_hotels`) VALUES (65, 27, 'Ở Khánh Hoà', 0);
INSERT INTO `booking_db`.`areas` (`id_area`, `id_city`, `name`, `number_of_hotels`) VALUES (66, 28, 'Bãi biển Cửa Cạn', 0);
INSERT INTO `booking_db`.`areas` (`id_area`, `id_city`, `name`, `number_of_hotels`) VALUES (67, 28, 'Bãi biển Cửa Lấp', 0);
INSERT INTO `booking_db`.`areas` (`id_area`, `id_city`, `name`, `number_of_hotels`) VALUES (68, 28, 'Bãi biển Dương Đông', 0);
INSERT INTO `booking_db`.`areas` (`id_area`, `id_city`, `name`, `number_of_hotels`) VALUES (69, 28, 'Bãi biển Ông Lang', 0);
INSERT INTO `booking_db`.`areas` (`id_area`, `id_city`, `name`, `number_of_hotels`) VALUES (70, 28, 'Bãi Dài', 0);
INSERT INTO `booking_db`.`areas` (`id_area`, `id_city`, `name`, `number_of_hotels`) VALUES (71, 28, 'Bãi Khem', 0);
INSERT INTO `booking_db`.`areas` (`id_area`, `id_city`, `name`, `number_of_hotels`) VALUES (72, 28, 'Ở Kiên Giang', 0);
INSERT INTO `booking_db`.`areas` (`id_area`, `id_city`, `name`, `number_of_hotels`) VALUES (73, 31, 'Chợ Đà Lạt', 0);
INSERT INTO `booking_db`.`areas` (`id_area`, `id_city`, `name`, `number_of_hotels`) VALUES (74, 31, 'Hồ Xuân Hương', 0);
INSERT INTO `booking_db`.`areas` (`id_area`, `id_city`, `name`, `number_of_hotels`) VALUES (75, 31, 'Khu du lịch Hồ Tuyền Lâm', 0);
INSERT INTO `booking_db`.`areas` (`id_area`, `id_city`, `name`, `number_of_hotels`) VALUES (76, 31, 'Trung tâm thành phố Đà Lạt', 0);
INSERT INTO `booking_db`.`areas` (`id_area`, `id_city`, `name`, `number_of_hotels`) VALUES (77, 31, 'Ở Lâm Đồng', 0);
INSERT INTO `booking_db`.`areas` (`id_area`, `id_city`, `name`, `number_of_hotels`) VALUES (78, 41, 'Biển Cửa Đại', 0);
INSERT INTO `booking_db`.`areas` (`id_area`, `id_city`, `name`, `number_of_hotels`) VALUES (79, 41, 'Gần Phố cổ Hội An', 0);
INSERT INTO `booking_db`.`areas` (`id_area`, `id_city`, `name`, `number_of_hotels`) VALUES (80, 41, 'Gần sông Thu Bồn', 0);
INSERT INTO `booking_db`.`areas` (`id_area`, `id_city`, `name`, `number_of_hotels`) VALUES (81, 41, 'Ở Trung tâm Hội An', 0);
INSERT INTO `booking_db`.`areas` (`id_area`, `id_city`, `name`, `number_of_hotels`) VALUES (82, 41, 'Ở Quảng Nam', 0);
INSERT INTO `booking_db`.`areas` (`id_area`, `id_city`, `name`, `number_of_hotels`) VALUES (83, 43, 'Bãi Cháy', 0);
INSERT INTO `booking_db`.`areas` (`id_area`, `id_city`, `name`, `number_of_hotels`) VALUES (84, 43, 'Đảo Rều', 0);
INSERT INTO `booking_db`.`areas` (`id_area`, `id_city`, `name`, `number_of_hotels`) VALUES (85, 43, 'Đảo Tuần Châu', 0);
INSERT INTO `booking_db`.`areas` (`id_area`, `id_city`, `name`, `number_of_hotels`) VALUES (86, 43, 'Khu đô thị Hùng Thắng', 0);
INSERT INTO `booking_db`.`areas` (`id_area`, `id_city`, `name`, `number_of_hotels`) VALUES (87, 43, 'Ở Quảng Ninh', 0);
INSERT INTO `booking_db`.`areas` (`id_area`, `id_city`, `name`, `number_of_hotels`) VALUES (88, 61, 'Bãi biển Bắc Mỹ An', 0);
INSERT INTO `booking_db`.`areas` (`id_area`, `id_city`, `name`, `number_of_hotels`) VALUES (89, 61, 'Bãi biển Mỹ Khê', 0);
INSERT INTO `booking_db`.`areas` (`id_area`, `id_city`, `name`, `number_of_hotels`) VALUES (90, 61, 'Bãi biển Non Nước', 0);
INSERT INTO `booking_db`.`areas` (`id_area`, `id_city`, `name`, `number_of_hotels`) VALUES (91, 61, 'Bãi tắm Phạm Văn Đồng', 0);
INSERT INTO `booking_db`.`areas` (`id_area`, `id_city`, `name`, `number_of_hotels`) VALUES (92, 61, 'Bán đảo Sơn Trà', 0);
INSERT INTO `booking_db`.`areas` (`id_area`, `id_city`, `name`, `number_of_hotels`) VALUES (93, 61, 'Gần cầu Rồng', 0);
INSERT INTO `booking_db`.`areas` (`id_area`, `id_city`, `name`, `number_of_hotels`) VALUES (94, 61, 'Gần cầu Sông Hàn', 0);
INSERT INTO `booking_db`.`areas` (`id_area`, `id_city`, `name`, `number_of_hotels`) VALUES (95, 61, 'Gần cầu Thuận Phước', 0);
INSERT INTO `booking_db`.`areas` (`id_area`, `id_city`, `name`, `number_of_hotels`) VALUES (96, 61, 'Gần cầu Trần Thị Lý', 0);
INSERT INTO `booking_db`.`areas` (`id_area`, `id_city`, `name`, `number_of_hotels`) VALUES (97, 61, 'Gần núi Bà Nà', 0);
INSERT INTO `booking_db`.`areas` (`id_area`, `id_city`, `name`, `number_of_hotels`) VALUES (98, 61, 'Gần sân bay', 0);
INSERT INTO `booking_db`.`areas` (`id_area`, `id_city`, `name`, `number_of_hotels`) VALUES (99, 61, 'Khu biệt thự Đảo Xanh', 0);
INSERT INTO `booking_db`.`areas` (`id_area`, `id_city`, `name`, `number_of_hotels`) VALUES (100, 61, 'Trung tâm Thành Phố', 0);
INSERT INTO `booking_db`.`areas` (`id_area`, `id_city`, `name`, `number_of_hotels`) VALUES (101, 61, 'Ở Đà Nẵng', 0);

COMMIT;


-- -----------------------------------------------------
-- Data for table `booking_db`.`utilities`
-- -----------------------------------------------------
START TRANSACTION;
USE `booking_db`;
INSERT INTO `booking_db`.`utilities` (`id_utility`, `family_room`, `private_beach`, `car_park`, `pool`, `free_airport_transportation`, `children_amusement_park`, `package_service`) VALUES (1, 0, 0, 0, 0, 0, 0, 0);
INSERT INTO `booking_db`.`utilities` (`id_utility`, `family_room`, `private_beach`, `car_park`, `pool`, `free_airport_transportation`, `children_amusement_park`, `package_service`) VALUES (2, 0, 0, 0, 0, 0, 0, 1);
INSERT INTO `booking_db`.`utilities` (`id_utility`, `family_room`, `private_beach`, `car_park`, `pool`, `free_airport_transportation`, `children_amusement_park`, `package_service`) VALUES (3, 0, 0, 0, 0, 0, 1, 0);
INSERT INTO `booking_db`.`utilities` (`id_utility`, `family_room`, `private_beach`, `car_park`, `pool`, `free_airport_transportation`, `children_amusement_park`, `package_service`) VALUES (4, 0, 0, 0, 0, 0, 1, 1);
INSERT INTO `booking_db`.`utilities` (`id_utility`, `family_room`, `private_beach`, `car_park`, `pool`, `free_airport_transportation`, `children_amusement_park`, `package_service`) VALUES (5, 0, 0, 0, 0, 1, 0, 0);
INSERT INTO `booking_db`.`utilities` (`id_utility`, `family_room`, `private_beach`, `car_park`, `pool`, `free_airport_transportation`, `children_amusement_park`, `package_service`) VALUES (6, 0, 0, 0, 0, 1, 0, 1);
INSERT INTO `booking_db`.`utilities` (`id_utility`, `family_room`, `private_beach`, `car_park`, `pool`, `free_airport_transportation`, `children_amusement_park`, `package_service`) VALUES (7, 0, 0, 0, 0, 1, 1, 0);
INSERT INTO `booking_db`.`utilities` (`id_utility`, `family_room`, `private_beach`, `car_park`, `pool`, `free_airport_transportation`, `children_amusement_park`, `package_service`) VALUES (8, 0, 0, 0, 0, 1, 1, 1);
INSERT INTO `booking_db`.`utilities` (`id_utility`, `family_room`, `private_beach`, `car_park`, `pool`, `free_airport_transportation`, `children_amusement_park`, `package_service`) VALUES (9, 0, 0, 0, 1, 0, 0, 0);
INSERT INTO `booking_db`.`utilities` (`id_utility`, `family_room`, `private_beach`, `car_park`, `pool`, `free_airport_transportation`, `children_amusement_park`, `package_service`) VALUES (10, 0, 0, 0, 1, 0, 0, 1);
INSERT INTO `booking_db`.`utilities` (`id_utility`, `family_room`, `private_beach`, `car_park`, `pool`, `free_airport_transportation`, `children_amusement_park`, `package_service`) VALUES (11, 0, 0, 0, 1, 0, 1, 0);
INSERT INTO `booking_db`.`utilities` (`id_utility`, `family_room`, `private_beach`, `car_park`, `pool`, `free_airport_transportation`, `children_amusement_park`, `package_service`) VALUES (12, 0, 0, 0, 1, 0, 1, 1);
INSERT INTO `booking_db`.`utilities` (`id_utility`, `family_room`, `private_beach`, `car_park`, `pool`, `free_airport_transportation`, `children_amusement_park`, `package_service`) VALUES (13, 0, 0, 0, 1, 1, 0, 0);
INSERT INTO `booking_db`.`utilities` (`id_utility`, `family_room`, `private_beach`, `car_park`, `pool`, `free_airport_transportation`, `children_amusement_park`, `package_service`) VALUES (14, 0, 0, 0, 1, 1, 0, 1);
INSERT INTO `booking_db`.`utilities` (`id_utility`, `family_room`, `private_beach`, `car_park`, `pool`, `free_airport_transportation`, `children_amusement_park`, `package_service`) VALUES (15, 0, 0, 0, 1, 1, 1, 0);
INSERT INTO `booking_db`.`utilities` (`id_utility`, `family_room`, `private_beach`, `car_park`, `pool`, `free_airport_transportation`, `children_amusement_park`, `package_service`) VALUES (16, 0, 0, 0, 1, 1, 1, 1);
INSERT INTO `booking_db`.`utilities` (`id_utility`, `family_room`, `private_beach`, `car_park`, `pool`, `free_airport_transportation`, `children_amusement_park`, `package_service`) VALUES (17, 0, 0, 1, 0, 0, 0, 0);
INSERT INTO `booking_db`.`utilities` (`id_utility`, `family_room`, `private_beach`, `car_park`, `pool`, `free_airport_transportation`, `children_amusement_park`, `package_service`) VALUES (18, 0, 0, 1, 0, 0, 0, 1);
INSERT INTO `booking_db`.`utilities` (`id_utility`, `family_room`, `private_beach`, `car_park`, `pool`, `free_airport_transportation`, `children_amusement_park`, `package_service`) VALUES (19, 0, 0, 1, 0, 0, 1, 0);
INSERT INTO `booking_db`.`utilities` (`id_utility`, `family_room`, `private_beach`, `car_park`, `pool`, `free_airport_transportation`, `children_amusement_park`, `package_service`) VALUES (20, 0, 0, 1, 0, 0, 1, 1);
INSERT INTO `booking_db`.`utilities` (`id_utility`, `family_room`, `private_beach`, `car_park`, `pool`, `free_airport_transportation`, `children_amusement_park`, `package_service`) VALUES (21, 0, 0, 1, 0, 1, 0, 0);
INSERT INTO `booking_db`.`utilities` (`id_utility`, `family_room`, `private_beach`, `car_park`, `pool`, `free_airport_transportation`, `children_amusement_park`, `package_service`) VALUES (22, 0, 0, 1, 0, 1, 0, 1);
INSERT INTO `booking_db`.`utilities` (`id_utility`, `family_room`, `private_beach`, `car_park`, `pool`, `free_airport_transportation`, `children_amusement_park`, `package_service`) VALUES (23, 0, 0, 1, 0, 1, 1, 0);
INSERT INTO `booking_db`.`utilities` (`id_utility`, `family_room`, `private_beach`, `car_park`, `pool`, `free_airport_transportation`, `children_amusement_park`, `package_service`) VALUES (24, 0, 0, 1, 0, 1, 1, 1);
INSERT INTO `booking_db`.`utilities` (`id_utility`, `family_room`, `private_beach`, `car_park`, `pool`, `free_airport_transportation`, `children_amusement_park`, `package_service`) VALUES (25, 0, 0, 1, 1, 0, 0, 0);
INSERT INTO `booking_db`.`utilities` (`id_utility`, `family_room`, `private_beach`, `car_park`, `pool`, `free_airport_transportation`, `children_amusement_park`, `package_service`) VALUES (26, 0, 0, 1, 1, 0, 0, 1);
INSERT INTO `booking_db`.`utilities` (`id_utility`, `family_room`, `private_beach`, `car_park`, `pool`, `free_airport_transportation`, `children_amusement_park`, `package_service`) VALUES (27, 0, 0, 1, 1, 0, 1, 0);
INSERT INTO `booking_db`.`utilities` (`id_utility`, `family_room`, `private_beach`, `car_park`, `pool`, `free_airport_transportation`, `children_amusement_park`, `package_service`) VALUES (28, 0, 0, 1, 1, 0, 1, 1);
INSERT INTO `booking_db`.`utilities` (`id_utility`, `family_room`, `private_beach`, `car_park`, `pool`, `free_airport_transportation`, `children_amusement_park`, `package_service`) VALUES (29, 0, 0, 1, 1, 1, 0, 0);
INSERT INTO `booking_db`.`utilities` (`id_utility`, `family_room`, `private_beach`, `car_park`, `pool`, `free_airport_transportation`, `children_amusement_park`, `package_service`) VALUES (30, 0, 0, 1, 1, 1, 0, 1);
INSERT INTO `booking_db`.`utilities` (`id_utility`, `family_room`, `private_beach`, `car_park`, `pool`, `free_airport_transportation`, `children_amusement_park`, `package_service`) VALUES (31, 0, 0, 1, 1, 1, 1, 0);
INSERT INTO `booking_db`.`utilities` (`id_utility`, `family_room`, `private_beach`, `car_park`, `pool`, `free_airport_transportation`, `children_amusement_park`, `package_service`) VALUES (32, 0, 0, 1, 1, 1, 1, 1);
INSERT INTO `booking_db`.`utilities` (`id_utility`, `family_room`, `private_beach`, `car_park`, `pool`, `free_airport_transportation`, `children_amusement_park`, `package_service`) VALUES (33, 0, 1, 0, 0, 0, 0, 0);
INSERT INTO `booking_db`.`utilities` (`id_utility`, `family_room`, `private_beach`, `car_park`, `pool`, `free_airport_transportation`, `children_amusement_park`, `package_service`) VALUES (34, 0, 1, 0, 0, 0, 0, 1);
INSERT INTO `booking_db`.`utilities` (`id_utility`, `family_room`, `private_beach`, `car_park`, `pool`, `free_airport_transportation`, `children_amusement_park`, `package_service`) VALUES (35, 0, 1, 0, 0, 0, 1, 0);
INSERT INTO `booking_db`.`utilities` (`id_utility`, `family_room`, `private_beach`, `car_park`, `pool`, `free_airport_transportation`, `children_amusement_park`, `package_service`) VALUES (36, 0, 1, 0, 0, 0, 1, 1);
INSERT INTO `booking_db`.`utilities` (`id_utility`, `family_room`, `private_beach`, `car_park`, `pool`, `free_airport_transportation`, `children_amusement_park`, `package_service`) VALUES (37, 0, 1, 0, 0, 1, 0, 0);
INSERT INTO `booking_db`.`utilities` (`id_utility`, `family_room`, `private_beach`, `car_park`, `pool`, `free_airport_transportation`, `children_amusement_park`, `package_service`) VALUES (38, 0, 1, 0, 0, 1, 0, 1);
INSERT INTO `booking_db`.`utilities` (`id_utility`, `family_room`, `private_beach`, `car_park`, `pool`, `free_airport_transportation`, `children_amusement_park`, `package_service`) VALUES (39, 0, 1, 0, 0, 1, 1, 0);
INSERT INTO `booking_db`.`utilities` (`id_utility`, `family_room`, `private_beach`, `car_park`, `pool`, `free_airport_transportation`, `children_amusement_park`, `package_service`) VALUES (40, 0, 1, 0, 0, 1, 1, 1);
INSERT INTO `booking_db`.`utilities` (`id_utility`, `family_room`, `private_beach`, `car_park`, `pool`, `free_airport_transportation`, `children_amusement_park`, `package_service`) VALUES (41, 0, 1, 0, 1, 0, 0, 0);
INSERT INTO `booking_db`.`utilities` (`id_utility`, `family_room`, `private_beach`, `car_park`, `pool`, `free_airport_transportation`, `children_amusement_park`, `package_service`) VALUES (42, 0, 1, 0, 1, 0, 0, 1);
INSERT INTO `booking_db`.`utilities` (`id_utility`, `family_room`, `private_beach`, `car_park`, `pool`, `free_airport_transportation`, `children_amusement_park`, `package_service`) VALUES (43, 0, 1, 0, 1, 0, 1, 0);
INSERT INTO `booking_db`.`utilities` (`id_utility`, `family_room`, `private_beach`, `car_park`, `pool`, `free_airport_transportation`, `children_amusement_park`, `package_service`) VALUES (44, 0, 1, 0, 1, 0, 1, 1);
INSERT INTO `booking_db`.`utilities` (`id_utility`, `family_room`, `private_beach`, `car_park`, `pool`, `free_airport_transportation`, `children_amusement_park`, `package_service`) VALUES (45, 0, 1, 0, 1, 1, 0, 0);
INSERT INTO `booking_db`.`utilities` (`id_utility`, `family_room`, `private_beach`, `car_park`, `pool`, `free_airport_transportation`, `children_amusement_park`, `package_service`) VALUES (46, 0, 1, 0, 1, 1, 0, 1);
INSERT INTO `booking_db`.`utilities` (`id_utility`, `family_room`, `private_beach`, `car_park`, `pool`, `free_airport_transportation`, `children_amusement_park`, `package_service`) VALUES (47, 0, 1, 0, 1, 1, 1, 0);
INSERT INTO `booking_db`.`utilities` (`id_utility`, `family_room`, `private_beach`, `car_park`, `pool`, `free_airport_transportation`, `children_amusement_park`, `package_service`) VALUES (48, 0, 1, 0, 1, 1, 1, 1);
INSERT INTO `booking_db`.`utilities` (`id_utility`, `family_room`, `private_beach`, `car_park`, `pool`, `free_airport_transportation`, `children_amusement_park`, `package_service`) VALUES (49, 0, 1, 1, 0, 0, 0, 0);
INSERT INTO `booking_db`.`utilities` (`id_utility`, `family_room`, `private_beach`, `car_park`, `pool`, `free_airport_transportation`, `children_amusement_park`, `package_service`) VALUES (50, 0, 1, 1, 0, 0, 0, 1);
INSERT INTO `booking_db`.`utilities` (`id_utility`, `family_room`, `private_beach`, `car_park`, `pool`, `free_airport_transportation`, `children_amusement_park`, `package_service`) VALUES (51, 0, 1, 1, 0, 0, 1, 0);
INSERT INTO `booking_db`.`utilities` (`id_utility`, `family_room`, `private_beach`, `car_park`, `pool`, `free_airport_transportation`, `children_amusement_park`, `package_service`) VALUES (52, 0, 1, 1, 0, 0, 1, 1);
INSERT INTO `booking_db`.`utilities` (`id_utility`, `family_room`, `private_beach`, `car_park`, `pool`, `free_airport_transportation`, `children_amusement_park`, `package_service`) VALUES (53, 0, 1, 1, 0, 1, 0, 0);
INSERT INTO `booking_db`.`utilities` (`id_utility`, `family_room`, `private_beach`, `car_park`, `pool`, `free_airport_transportation`, `children_amusement_park`, `package_service`) VALUES (54, 0, 1, 1, 0, 1, 0, 1);
INSERT INTO `booking_db`.`utilities` (`id_utility`, `family_room`, `private_beach`, `car_park`, `pool`, `free_airport_transportation`, `children_amusement_park`, `package_service`) VALUES (55, 0, 1, 1, 0, 1, 1, 0);
INSERT INTO `booking_db`.`utilities` (`id_utility`, `family_room`, `private_beach`, `car_park`, `pool`, `free_airport_transportation`, `children_amusement_park`, `package_service`) VALUES (56, 0, 1, 1, 0, 1, 1, 1);
INSERT INTO `booking_db`.`utilities` (`id_utility`, `family_room`, `private_beach`, `car_park`, `pool`, `free_airport_transportation`, `children_amusement_park`, `package_service`) VALUES (57, 0, 1, 1, 1, 0, 0, 0);
INSERT INTO `booking_db`.`utilities` (`id_utility`, `family_room`, `private_beach`, `car_park`, `pool`, `free_airport_transportation`, `children_amusement_park`, `package_service`) VALUES (58, 0, 1, 1, 1, 0, 0, 1);
INSERT INTO `booking_db`.`utilities` (`id_utility`, `family_room`, `private_beach`, `car_park`, `pool`, `free_airport_transportation`, `children_amusement_park`, `package_service`) VALUES (59, 0, 1, 1, 1, 0, 1, 0);
INSERT INTO `booking_db`.`utilities` (`id_utility`, `family_room`, `private_beach`, `car_park`, `pool`, `free_airport_transportation`, `children_amusement_park`, `package_service`) VALUES (60, 0, 1, 1, 1, 0, 1, 1);
INSERT INTO `booking_db`.`utilities` (`id_utility`, `family_room`, `private_beach`, `car_park`, `pool`, `free_airport_transportation`, `children_amusement_park`, `package_service`) VALUES (61, 0, 1, 1, 1, 1, 0, 0);
INSERT INTO `booking_db`.`utilities` (`id_utility`, `family_room`, `private_beach`, `car_park`, `pool`, `free_airport_transportation`, `children_amusement_park`, `package_service`) VALUES (62, 0, 1, 1, 1, 1, 0, 1);
INSERT INTO `booking_db`.`utilities` (`id_utility`, `family_room`, `private_beach`, `car_park`, `pool`, `free_airport_transportation`, `children_amusement_park`, `package_service`) VALUES (63, 0, 1, 1, 1, 1, 1, 0);
INSERT INTO `booking_db`.`utilities` (`id_utility`, `family_room`, `private_beach`, `car_park`, `pool`, `free_airport_transportation`, `children_amusement_park`, `package_service`) VALUES (64, 0, 1, 1, 1, 1, 1, 1);
INSERT INTO `booking_db`.`utilities` (`id_utility`, `family_room`, `private_beach`, `car_park`, `pool`, `free_airport_transportation`, `children_amusement_park`, `package_service`) VALUES (65, 1, 0, 0, 0, 0, 0, 0);
INSERT INTO `booking_db`.`utilities` (`id_utility`, `family_room`, `private_beach`, `car_park`, `pool`, `free_airport_transportation`, `children_amusement_park`, `package_service`) VALUES (66, 1, 0, 0, 0, 0, 0, 1);
INSERT INTO `booking_db`.`utilities` (`id_utility`, `family_room`, `private_beach`, `car_park`, `pool`, `free_airport_transportation`, `children_amusement_park`, `package_service`) VALUES (67, 1, 0, 0, 0, 0, 1, 0);
INSERT INTO `booking_db`.`utilities` (`id_utility`, `family_room`, `private_beach`, `car_park`, `pool`, `free_airport_transportation`, `children_amusement_park`, `package_service`) VALUES (68, 1, 0, 0, 0, 0, 1, 1);
INSERT INTO `booking_db`.`utilities` (`id_utility`, `family_room`, `private_beach`, `car_park`, `pool`, `free_airport_transportation`, `children_amusement_park`, `package_service`) VALUES (69, 1, 0, 0, 0, 1, 0, 0);
INSERT INTO `booking_db`.`utilities` (`id_utility`, `family_room`, `private_beach`, `car_park`, `pool`, `free_airport_transportation`, `children_amusement_park`, `package_service`) VALUES (70, 1, 0, 0, 0, 1, 0, 1);
INSERT INTO `booking_db`.`utilities` (`id_utility`, `family_room`, `private_beach`, `car_park`, `pool`, `free_airport_transportation`, `children_amusement_park`, `package_service`) VALUES (71, 1, 0, 0, 0, 1, 1, 0);
INSERT INTO `booking_db`.`utilities` (`id_utility`, `family_room`, `private_beach`, `car_park`, `pool`, `free_airport_transportation`, `children_amusement_park`, `package_service`) VALUES (72, 1, 0, 0, 0, 1, 1, 1);
INSERT INTO `booking_db`.`utilities` (`id_utility`, `family_room`, `private_beach`, `car_park`, `pool`, `free_airport_transportation`, `children_amusement_park`, `package_service`) VALUES (73, 1, 0, 0, 1, 0, 0, 0);
INSERT INTO `booking_db`.`utilities` (`id_utility`, `family_room`, `private_beach`, `car_park`, `pool`, `free_airport_transportation`, `children_amusement_park`, `package_service`) VALUES (74, 1, 0, 0, 1, 0, 0, 1);
INSERT INTO `booking_db`.`utilities` (`id_utility`, `family_room`, `private_beach`, `car_park`, `pool`, `free_airport_transportation`, `children_amusement_park`, `package_service`) VALUES (75, 1, 0, 0, 1, 0, 1, 0);
INSERT INTO `booking_db`.`utilities` (`id_utility`, `family_room`, `private_beach`, `car_park`, `pool`, `free_airport_transportation`, `children_amusement_park`, `package_service`) VALUES (76, 1, 0, 0, 1, 0, 1, 1);
INSERT INTO `booking_db`.`utilities` (`id_utility`, `family_room`, `private_beach`, `car_park`, `pool`, `free_airport_transportation`, `children_amusement_park`, `package_service`) VALUES (77, 1, 0, 0, 1, 1, 0, 0);
INSERT INTO `booking_db`.`utilities` (`id_utility`, `family_room`, `private_beach`, `car_park`, `pool`, `free_airport_transportation`, `children_amusement_park`, `package_service`) VALUES (78, 1, 0, 0, 1, 1, 0, 1);
INSERT INTO `booking_db`.`utilities` (`id_utility`, `family_room`, `private_beach`, `car_park`, `pool`, `free_airport_transportation`, `children_amusement_park`, `package_service`) VALUES (79, 1, 0, 0, 1, 1, 1, 0);
INSERT INTO `booking_db`.`utilities` (`id_utility`, `family_room`, `private_beach`, `car_park`, `pool`, `free_airport_transportation`, `children_amusement_park`, `package_service`) VALUES (80, 1, 0, 0, 1, 1, 1, 1);
INSERT INTO `booking_db`.`utilities` (`id_utility`, `family_room`, `private_beach`, `car_park`, `pool`, `free_airport_transportation`, `children_amusement_park`, `package_service`) VALUES (81, 1, 0, 1, 0, 0, 0, 0);
INSERT INTO `booking_db`.`utilities` (`id_utility`, `family_room`, `private_beach`, `car_park`, `pool`, `free_airport_transportation`, `children_amusement_park`, `package_service`) VALUES (82, 1, 0, 1, 0, 0, 0, 1);
INSERT INTO `booking_db`.`utilities` (`id_utility`, `family_room`, `private_beach`, `car_park`, `pool`, `free_airport_transportation`, `children_amusement_park`, `package_service`) VALUES (83, 1, 0, 1, 0, 0, 1, 0);
INSERT INTO `booking_db`.`utilities` (`id_utility`, `family_room`, `private_beach`, `car_park`, `pool`, `free_airport_transportation`, `children_amusement_park`, `package_service`) VALUES (84, 1, 0, 1, 0, 0, 1, 1);
INSERT INTO `booking_db`.`utilities` (`id_utility`, `family_room`, `private_beach`, `car_park`, `pool`, `free_airport_transportation`, `children_amusement_park`, `package_service`) VALUES (85, 1, 0, 1, 0, 1, 0, 0);
INSERT INTO `booking_db`.`utilities` (`id_utility`, `family_room`, `private_beach`, `car_park`, `pool`, `free_airport_transportation`, `children_amusement_park`, `package_service`) VALUES (86, 1, 0, 1, 0, 1, 0, 1);
INSERT INTO `booking_db`.`utilities` (`id_utility`, `family_room`, `private_beach`, `car_park`, `pool`, `free_airport_transportation`, `children_amusement_park`, `package_service`) VALUES (87, 1, 0, 1, 0, 1, 1, 0);
INSERT INTO `booking_db`.`utilities` (`id_utility`, `family_room`, `private_beach`, `car_park`, `pool`, `free_airport_transportation`, `children_amusement_park`, `package_service`) VALUES (88, 1, 0, 1, 0, 1, 1, 1);
INSERT INTO `booking_db`.`utilities` (`id_utility`, `family_room`, `private_beach`, `car_park`, `pool`, `free_airport_transportation`, `children_amusement_park`, `package_service`) VALUES (89, 1, 0, 1, 1, 0, 0, 0);
INSERT INTO `booking_db`.`utilities` (`id_utility`, `family_room`, `private_beach`, `car_park`, `pool`, `free_airport_transportation`, `children_amusement_park`, `package_service`) VALUES (90, 1, 0, 1, 1, 0, 0, 1);
INSERT INTO `booking_db`.`utilities` (`id_utility`, `family_room`, `private_beach`, `car_park`, `pool`, `free_airport_transportation`, `children_amusement_park`, `package_service`) VALUES (91, 1, 0, 1, 1, 0, 1, 0);
INSERT INTO `booking_db`.`utilities` (`id_utility`, `family_room`, `private_beach`, `car_park`, `pool`, `free_airport_transportation`, `children_amusement_park`, `package_service`) VALUES (92, 1, 0, 1, 1, 0, 1, 1);
INSERT INTO `booking_db`.`utilities` (`id_utility`, `family_room`, `private_beach`, `car_park`, `pool`, `free_airport_transportation`, `children_amusement_park`, `package_service`) VALUES (93, 1, 0, 1, 1, 1, 0, 0);
INSERT INTO `booking_db`.`utilities` (`id_utility`, `family_room`, `private_beach`, `car_park`, `pool`, `free_airport_transportation`, `children_amusement_park`, `package_service`) VALUES (94, 1, 0, 1, 1, 1, 0, 1);
INSERT INTO `booking_db`.`utilities` (`id_utility`, `family_room`, `private_beach`, `car_park`, `pool`, `free_airport_transportation`, `children_amusement_park`, `package_service`) VALUES (95, 1, 0, 1, 1, 1, 1, 0);
INSERT INTO `booking_db`.`utilities` (`id_utility`, `family_room`, `private_beach`, `car_park`, `pool`, `free_airport_transportation`, `children_amusement_park`, `package_service`) VALUES (96, 1, 0, 1, 1, 1, 1, 1);
INSERT INTO `booking_db`.`utilities` (`id_utility`, `family_room`, `private_beach`, `car_park`, `pool`, `free_airport_transportation`, `children_amusement_park`, `package_service`) VALUES (97, 1, 1, 0, 0, 0, 0, 0);
INSERT INTO `booking_db`.`utilities` (`id_utility`, `family_room`, `private_beach`, `car_park`, `pool`, `free_airport_transportation`, `children_amusement_park`, `package_service`) VALUES (98, 1, 1, 0, 0, 0, 0, 1);
INSERT INTO `booking_db`.`utilities` (`id_utility`, `family_room`, `private_beach`, `car_park`, `pool`, `free_airport_transportation`, `children_amusement_park`, `package_service`) VALUES (99, 1, 1, 0, 0, 0, 1, 0);
INSERT INTO `booking_db`.`utilities` (`id_utility`, `family_room`, `private_beach`, `car_park`, `pool`, `free_airport_transportation`, `children_amusement_park`, `package_service`) VALUES (100, 1, 1, 0, 0, 0, 1, 1);
INSERT INTO `booking_db`.`utilities` (`id_utility`, `family_room`, `private_beach`, `car_park`, `pool`, `free_airport_transportation`, `children_amusement_park`, `package_service`) VALUES (101, 1, 1, 0, 0, 1, 0, 0);
INSERT INTO `booking_db`.`utilities` (`id_utility`, `family_room`, `private_beach`, `car_park`, `pool`, `free_airport_transportation`, `children_amusement_park`, `package_service`) VALUES (102, 1, 1, 0, 0, 1, 0, 1);
INSERT INTO `booking_db`.`utilities` (`id_utility`, `family_room`, `private_beach`, `car_park`, `pool`, `free_airport_transportation`, `children_amusement_park`, `package_service`) VALUES (103, 1, 1, 0, 0, 1, 1, 0);
INSERT INTO `booking_db`.`utilities` (`id_utility`, `family_room`, `private_beach`, `car_park`, `pool`, `free_airport_transportation`, `children_amusement_park`, `package_service`) VALUES (104, 1, 1, 0, 0, 1, 1, 1);
INSERT INTO `booking_db`.`utilities` (`id_utility`, `family_room`, `private_beach`, `car_park`, `pool`, `free_airport_transportation`, `children_amusement_park`, `package_service`) VALUES (105, 1, 1, 0, 1, 0, 0, 0);
INSERT INTO `booking_db`.`utilities` (`id_utility`, `family_room`, `private_beach`, `car_park`, `pool`, `free_airport_transportation`, `children_amusement_park`, `package_service`) VALUES (106, 1, 1, 0, 1, 0, 0, 1);
INSERT INTO `booking_db`.`utilities` (`id_utility`, `family_room`, `private_beach`, `car_park`, `pool`, `free_airport_transportation`, `children_amusement_park`, `package_service`) VALUES (107, 1, 1, 0, 1, 0, 1, 0);
INSERT INTO `booking_db`.`utilities` (`id_utility`, `family_room`, `private_beach`, `car_park`, `pool`, `free_airport_transportation`, `children_amusement_park`, `package_service`) VALUES (108, 1, 1, 0, 1, 0, 1, 1);
INSERT INTO `booking_db`.`utilities` (`id_utility`, `family_room`, `private_beach`, `car_park`, `pool`, `free_airport_transportation`, `children_amusement_park`, `package_service`) VALUES (109, 1, 1, 0, 1, 1, 0, 0);
INSERT INTO `booking_db`.`utilities` (`id_utility`, `family_room`, `private_beach`, `car_park`, `pool`, `free_airport_transportation`, `children_amusement_park`, `package_service`) VALUES (110, 1, 1, 0, 1, 1, 0, 1);
INSERT INTO `booking_db`.`utilities` (`id_utility`, `family_room`, `private_beach`, `car_park`, `pool`, `free_airport_transportation`, `children_amusement_park`, `package_service`) VALUES (111, 1, 1, 0, 1, 1, 1, 0);
INSERT INTO `booking_db`.`utilities` (`id_utility`, `family_room`, `private_beach`, `car_park`, `pool`, `free_airport_transportation`, `children_amusement_park`, `package_service`) VALUES (112, 1, 1, 0, 1, 1, 1, 1);
INSERT INTO `booking_db`.`utilities` (`id_utility`, `family_room`, `private_beach`, `car_park`, `pool`, `free_airport_transportation`, `children_amusement_park`, `package_service`) VALUES (113, 1, 1, 1, 0, 0, 0, 0);
INSERT INTO `booking_db`.`utilities` (`id_utility`, `family_room`, `private_beach`, `car_park`, `pool`, `free_airport_transportation`, `children_amusement_park`, `package_service`) VALUES (114, 1, 1, 1, 0, 0, 0, 1);
INSERT INTO `booking_db`.`utilities` (`id_utility`, `family_room`, `private_beach`, `car_park`, `pool`, `free_airport_transportation`, `children_amusement_park`, `package_service`) VALUES (115, 1, 1, 1, 0, 0, 1, 0);
INSERT INTO `booking_db`.`utilities` (`id_utility`, `family_room`, `private_beach`, `car_park`, `pool`, `free_airport_transportation`, `children_amusement_park`, `package_service`) VALUES (116, 1, 1, 1, 0, 0, 1, 1);
INSERT INTO `booking_db`.`utilities` (`id_utility`, `family_room`, `private_beach`, `car_park`, `pool`, `free_airport_transportation`, `children_amusement_park`, `package_service`) VALUES (117, 1, 1, 1, 0, 1, 0, 0);
INSERT INTO `booking_db`.`utilities` (`id_utility`, `family_room`, `private_beach`, `car_park`, `pool`, `free_airport_transportation`, `children_amusement_park`, `package_service`) VALUES (118, 1, 1, 1, 0, 1, 0, 1);
INSERT INTO `booking_db`.`utilities` (`id_utility`, `family_room`, `private_beach`, `car_park`, `pool`, `free_airport_transportation`, `children_amusement_park`, `package_service`) VALUES (119, 1, 1, 1, 0, 1, 1, 0);
INSERT INTO `booking_db`.`utilities` (`id_utility`, `family_room`, `private_beach`, `car_park`, `pool`, `free_airport_transportation`, `children_amusement_park`, `package_service`) VALUES (120, 1, 1, 1, 0, 1, 1, 1);
INSERT INTO `booking_db`.`utilities` (`id_utility`, `family_room`, `private_beach`, `car_park`, `pool`, `free_airport_transportation`, `children_amusement_park`, `package_service`) VALUES (121, 1, 1, 1, 1, 0, 0, 0);
INSERT INTO `booking_db`.`utilities` (`id_utility`, `family_room`, `private_beach`, `car_park`, `pool`, `free_airport_transportation`, `children_amusement_park`, `package_service`) VALUES (122, 1, 1, 1, 1, 0, 0, 1);
INSERT INTO `booking_db`.`utilities` (`id_utility`, `family_room`, `private_beach`, `car_park`, `pool`, `free_airport_transportation`, `children_amusement_park`, `package_service`) VALUES (123, 1, 1, 1, 1, 0, 1, 0);
INSERT INTO `booking_db`.`utilities` (`id_utility`, `family_room`, `private_beach`, `car_park`, `pool`, `free_airport_transportation`, `children_amusement_park`, `package_service`) VALUES (124, 1, 1, 1, 1, 0, 1, 1);
INSERT INTO `booking_db`.`utilities` (`id_utility`, `family_room`, `private_beach`, `car_park`, `pool`, `free_airport_transportation`, `children_amusement_park`, `package_service`) VALUES (125, 1, 1, 1, 1, 1, 0, 0);
INSERT INTO `booking_db`.`utilities` (`id_utility`, `family_room`, `private_beach`, `car_park`, `pool`, `free_airport_transportation`, `children_amusement_park`, `package_service`) VALUES (126, 1, 1, 1, 1, 1, 0, 1);
INSERT INTO `booking_db`.`utilities` (`id_utility`, `family_room`, `private_beach`, `car_park`, `pool`, `free_airport_transportation`, `children_amusement_park`, `package_service`) VALUES (127, 1, 1, 1, 1, 1, 1, 0);
INSERT INTO `booking_db`.`utilities` (`id_utility`, `family_room`, `private_beach`, `car_park`, `pool`, `free_airport_transportation`, `children_amusement_park`, `package_service`) VALUES (128, 1, 1, 1, 1, 1, 1, 1);

COMMIT;


-- -----------------------------------------------------
-- Data for table `booking_db`.`service_rooms`
-- -----------------------------------------------------
START TRANSACTION;
USE `booking_db`;
INSERT INTO `booking_db`.`service_rooms` (`id_service_room`) VALUES (1);
INSERT INTO `booking_db`.`service_rooms` (`id_service_room`) VALUES (2);
INSERT INTO `booking_db`.`service_rooms` (`id_service_room`) VALUES (3);
INSERT INTO `booking_db`.`service_rooms` (`id_service_room`) VALUES (4);
INSERT INTO `booking_db`.`service_rooms` (`id_service_room`) VALUES (5);
INSERT INTO `booking_db`.`service_rooms` (`id_service_room`) VALUES (6);
INSERT INTO `booking_db`.`service_rooms` (`id_service_room`) VALUES (7);
INSERT INTO `booking_db`.`service_rooms` (`id_service_room`) VALUES (8);
INSERT INTO `booking_db`.`service_rooms` (`id_service_room`) VALUES (9);
INSERT INTO `booking_db`.`service_rooms` (`id_service_room`) VALUES (10);
INSERT INTO `booking_db`.`service_rooms` (`id_service_room`) VALUES (11);
INSERT INTO `booking_db`.`service_rooms` (`id_service_room`) VALUES (12);
INSERT INTO `booking_db`.`service_rooms` (`id_service_room`) VALUES (13);
INSERT INTO `booking_db`.`service_rooms` (`id_service_room`) VALUES (14);
INSERT INTO `booking_db`.`service_rooms` (`id_service_room`) VALUES (15);
INSERT INTO `booking_db`.`service_rooms` (`id_service_room`) VALUES (16);
INSERT INTO `booking_db`.`service_rooms` (`id_service_room`) VALUES (17);
INSERT INTO `booking_db`.`service_rooms` (`id_service_room`) VALUES (18);
INSERT INTO `booking_db`.`service_rooms` (`id_service_room`) VALUES (19);
INSERT INTO `booking_db`.`service_rooms` (`id_service_room`) VALUES (20);
INSERT INTO `booking_db`.`service_rooms` (`id_service_room`) VALUES (21);
INSERT INTO `booking_db`.`service_rooms` (`id_service_room`) VALUES (22);
INSERT INTO `booking_db`.`service_rooms` (`id_service_room`) VALUES (23);
INSERT INTO `booking_db`.`service_rooms` (`id_service_room`) VALUES (24);
INSERT INTO `booking_db`.`service_rooms` (`id_service_room`) VALUES (25);
INSERT INTO `booking_db`.`service_rooms` (`id_service_room`) VALUES (26);
INSERT INTO `booking_db`.`service_rooms` (`id_service_room`) VALUES (27);
INSERT INTO `booking_db`.`service_rooms` (`id_service_room`) VALUES (28);
INSERT INTO `booking_db`.`service_rooms` (`id_service_room`) VALUES (29);
INSERT INTO `booking_db`.`service_rooms` (`id_service_room`) VALUES (30);
INSERT INTO `booking_db`.`service_rooms` (`id_service_room`) VALUES (31);
INSERT INTO `booking_db`.`service_rooms` (`id_service_room`) VALUES (32);

COMMIT;


-- -----------------------------------------------------
-- Data for table `booking_db`.`theme_hotels`
-- -----------------------------------------------------
START TRANSACTION;
USE `booking_db`;
INSERT INTO `booking_db`.`theme_hotels` (`id_theme_hotel`, `name`, `description`, `image`, `number_of_hotels`) VALUES (1, 'Mặc định', 'Không', 'NULL', 0);
INSERT INTO `booking_db`.`theme_hotels` (`id_theme_hotel`, `name`, `description`, `image`, `number_of_hotels`) VALUES (2, 'Năm mới', 'Nghỉ lễ xả hơi, chào năm tươi mới', 'NULL', 0);
INSERT INTO `booking_db`.`theme_hotels` (`id_theme_hotel`, `name`, `description`, `image`, `number_of_hotels`) VALUES (3, 'Tích cực', 'Ở villa, làm việc tử xa', 'NULL', 0);
INSERT INTO `booking_db`.`theme_hotels` (`id_theme_hotel`, `name`, `description`, `image`, `number_of_hotels`) VALUES (4, 'Vượt dịch', 'Đặt sớm, ưu đãi lớn', 'NULL', 0);

COMMIT;


-- -----------------------------------------------------
-- Data for table `booking_db`.`type_of_hotels`
-- -----------------------------------------------------
START TRANSACTION;
USE `booking_db`;
INSERT INTO `booking_db`.`type_of_hotels` (`id_type_of_hotel`, `name`) VALUES (1, 'Khu nghỉ dưỡng (Resort)');
INSERT INTO `booking_db`.`type_of_hotels` (`id_type_of_hotel`, `name`) VALUES (2, 'Biệt thự (Villa)');
INSERT INTO `booking_db`.`type_of_hotels` (`id_type_of_hotel`, `name`) VALUES (3, 'Khách sạn (Hotel)');
INSERT INTO `booking_db`.`type_of_hotels` (`id_type_of_hotel`, `name`) VALUES (4, 'Căn hộ (Apartment)');
INSERT INTO `booking_db`.`type_of_hotels` (`id_type_of_hotel`, `name`) VALUES (5, 'Du thuyền (Cruise)');
INSERT INTO `booking_db`.`type_of_hotels` (`id_type_of_hotel`, `name`) VALUES (6, 'Nhà nghỉ (Guest house, Homestay, ...)');

COMMIT;


-- -----------------------------------------------------
-- Data for table `booking_db`.`hotels`
-- -----------------------------------------------------
START TRANSACTION;
USE `booking_db`;
INSERT INTO `booking_db`.`hotels` (`id_hotel`, `id_location`, `id_area`, `id_utility`, `id_theme_hotel`, `id_type_of_hotel`, `title`, `star_rating`, `description`, `term_checkin`, `term_checkout`, `term_transportation`, `term_receiving_room`, `term_entertainment`, `term_surcharge`, `term_note`, `image_1`, `image_2`, `image_3`, `image_4`, `image_5`, `video_linked`, `score`, `number_of_reviews`) VALUES (1, 1, 21, 128, 2, 3, 'Khách sạn FLC Luxury Quy Nhơn', 5, 'Khách sạn FLC Luxury Quy Nhơn gồm 323 căn hộ với các tiện nghi đạt chuẩn 5 sao, tọa lạc tại xã Nhơn Lý, thành phố Quy Nhơn, tỉnh Bình Đình ôm trọn 3km bờ biển cùng Eo Gió vốn được mệnh danh là nơi ngắm hoàng hôn đẹp nhất Việt Nam, khách sạn nằm ở vị trí trung tâm nối các điểm du lịch nổi tiếng của Quy Nhơn như Đảo Kỳ Co, Cồn Chim, Bãi biển Nhơn Hội, Cát Tiến…\\nĐến với FLC Luxury Quy Nhơn quý khách không nên bỏ qua Công viên động vật hoang dã đầu tiên tại Quy Nhơn, với diện tích lên đến 129ha, FLC Zoo Safari hiện tại đã và đang bảo tồn các loài động vật quý hiếm.\\nKhách sạn FLC cách sân bay Phù Cát 40 phút và để đi đến trung tâm thành phố chỉ với 15 phút lái xe.\\nSố lượng phòng: 323 phòng.', '14:00', '12:00', '- Cách sân bay Phù Cát 35km, khoảng 40 phút lái xe\\n- Cách trung tâm thành phố Quy Nhơn 19km.', 'Trong trường hợp đặt phòng có đặt đón sân bay, quý khách vui lòng ra khu vực lấy hành lý, sẽ thấy quầy FLC & nhân viên đại diện của Khách sạn chờ khách.\\nLưu ý: Dịch vụ đón tiễn sân bay phải đặt trước ít nhất 48 tiếng, trong trường hợp dưới 48 tiếng sẽ phục vụ theo tình trạng xe tại thời điểm (có thu phí)\\nQuý khách vui lòng xuất trình Hộ chiếu/CMND và Phiếu nhận phòng của iVIVU.com khi nhận phòng tại khách sạn.\\n(Khách sạn sẽ yêu cầu Quý khách khoản tiền đặt cọc khoảng 1,000,000VND/phòng/đêm tại thời điểm nhận phòng. Khuyến khích đặt cọc bằng tiền mặt hoặc thẻ tín dụng credit card)', NULL, '- Trẻ em dưới 6 tuổi miễn phí ngủ cùng bố mẹ (khách sạn không hỗ trợ cũi)\\n- Trẻ em từ 6 đến 11 tuổi phụ thu 220.000VND/trẻ/đêm ngủ cùng bố mẹ, nếu có 2 trẻ phụ thu thêm giường phụ 550.000VND/giường/đêm\\n- Trẻ em từ 12 tuổi trở lên tính như người lớn\\n*Extra bed: 880.000VND/đêm\\nChính sách bữa ăn bắt buộc:\\n+ Giai đoạn cao điểm 15/05-15/08 yêu cầu đặt thêm 01 bữa ăn/booking\\n+ Giai đoạn Lễ 30/04-03/05, 02/09, 24/12, 31/12-03/01 yêu cầu đặt thêm 01 bữa ăn mỗi ngày', 'Lịch trình Shuttle Bus\\n- Quý khách vui lòng đăng ký trước ít nhất 2 tiếng khi sử dụng shuttle bus đi thành phố hoặc Eo Gió tại quầy lễ tân hoặc gọi theo số: (+84) 256 628 8888. Chỗ trống tùy thuộc vào thời điểm sử dụng.\\n', 'flc-quy-nhon-hotel-1-1290x860-800x450.jpg', 'flc-quy-nhon-hotel-1290x860-800x450.jpg', 'khach-san-flc-luxury-quy-nhon-1-800x450.jpg', 'khach-san-flc-luxury-quy-nhon-4-800x450.jpg', 'khach-san-flc-luxury-quy-nhon-800x450.jpg', NULL, 0.0, 0);

COMMIT;


-- -----------------------------------------------------
-- Data for table `booking_db`.`type_of_views`
-- -----------------------------------------------------
START TRANSACTION;
USE `booking_db`;
INSERT INTO `booking_db`.`type_of_views` (`id_type_of_view`, `urban`, `garden`, `sea`, `golf_court`, `pool`, `mountain`) VALUES (1, 0, 0, 0, 0, 0, 0);
INSERT INTO `booking_db`.`type_of_views` (`id_type_of_view`, `urban`, `garden`, `sea`, `golf_court`, `pool`, `mountain`) VALUES (2, 0, 0, 0, 0, 0, 1);
INSERT INTO `booking_db`.`type_of_views` (`id_type_of_view`, `urban`, `garden`, `sea`, `golf_court`, `pool`, `mountain`) VALUES (3, 0, 0, 0, 0, 1, 0);
INSERT INTO `booking_db`.`type_of_views` (`id_type_of_view`, `urban`, `garden`, `sea`, `golf_court`, `pool`, `mountain`) VALUES (4, 0, 0, 0, 0, 1, 1);
INSERT INTO `booking_db`.`type_of_views` (`id_type_of_view`, `urban`, `garden`, `sea`, `golf_court`, `pool`, `mountain`) VALUES (5, 0, 0, 0, 1, 0, 0);
INSERT INTO `booking_db`.`type_of_views` (`id_type_of_view`, `urban`, `garden`, `sea`, `golf_court`, `pool`, `mountain`) VALUES (6, 0, 0, 0, 1, 0, 1);
INSERT INTO `booking_db`.`type_of_views` (`id_type_of_view`, `urban`, `garden`, `sea`, `golf_court`, `pool`, `mountain`) VALUES (7, 0, 0, 0, 1, 1, 0);
INSERT INTO `booking_db`.`type_of_views` (`id_type_of_view`, `urban`, `garden`, `sea`, `golf_court`, `pool`, `mountain`) VALUES (8, 0, 0, 0, 1, 1, 1);
INSERT INTO `booking_db`.`type_of_views` (`id_type_of_view`, `urban`, `garden`, `sea`, `golf_court`, `pool`, `mountain`) VALUES (9, 0, 0, 1, 0, 0, 0);
INSERT INTO `booking_db`.`type_of_views` (`id_type_of_view`, `urban`, `garden`, `sea`, `golf_court`, `pool`, `mountain`) VALUES (10, 0, 0, 1, 0, 0, 1);
INSERT INTO `booking_db`.`type_of_views` (`id_type_of_view`, `urban`, `garden`, `sea`, `golf_court`, `pool`, `mountain`) VALUES (11, 0, 0, 1, 0, 1, 0);
INSERT INTO `booking_db`.`type_of_views` (`id_type_of_view`, `urban`, `garden`, `sea`, `golf_court`, `pool`, `mountain`) VALUES (12, 0, 0, 1, 0, 1, 1);
INSERT INTO `booking_db`.`type_of_views` (`id_type_of_view`, `urban`, `garden`, `sea`, `golf_court`, `pool`, `mountain`) VALUES (13, 0, 0, 1, 1, 0, 0);
INSERT INTO `booking_db`.`type_of_views` (`id_type_of_view`, `urban`, `garden`, `sea`, `golf_court`, `pool`, `mountain`) VALUES (14, 0, 0, 1, 1, 0, 1);
INSERT INTO `booking_db`.`type_of_views` (`id_type_of_view`, `urban`, `garden`, `sea`, `golf_court`, `pool`, `mountain`) VALUES (15, 0, 0, 1, 1, 1, 0);
INSERT INTO `booking_db`.`type_of_views` (`id_type_of_view`, `urban`, `garden`, `sea`, `golf_court`, `pool`, `mountain`) VALUES (16, 0, 0, 1, 1, 1, 1);
INSERT INTO `booking_db`.`type_of_views` (`id_type_of_view`, `urban`, `garden`, `sea`, `golf_court`, `pool`, `mountain`) VALUES (17, 0, 1, 0, 0, 0, 0);
INSERT INTO `booking_db`.`type_of_views` (`id_type_of_view`, `urban`, `garden`, `sea`, `golf_court`, `pool`, `mountain`) VALUES (18, 0, 1, 0, 0, 0, 1);
INSERT INTO `booking_db`.`type_of_views` (`id_type_of_view`, `urban`, `garden`, `sea`, `golf_court`, `pool`, `mountain`) VALUES (19, 0, 1, 0, 0, 1, 0);
INSERT INTO `booking_db`.`type_of_views` (`id_type_of_view`, `urban`, `garden`, `sea`, `golf_court`, `pool`, `mountain`) VALUES (20, 0, 1, 0, 0, 1, 1);
INSERT INTO `booking_db`.`type_of_views` (`id_type_of_view`, `urban`, `garden`, `sea`, `golf_court`, `pool`, `mountain`) VALUES (21, 0, 1, 0, 1, 0, 0);
INSERT INTO `booking_db`.`type_of_views` (`id_type_of_view`, `urban`, `garden`, `sea`, `golf_court`, `pool`, `mountain`) VALUES (22, 0, 1, 0, 1, 0, 1);
INSERT INTO `booking_db`.`type_of_views` (`id_type_of_view`, `urban`, `garden`, `sea`, `golf_court`, `pool`, `mountain`) VALUES (23, 0, 1, 0, 1, 1, 0);
INSERT INTO `booking_db`.`type_of_views` (`id_type_of_view`, `urban`, `garden`, `sea`, `golf_court`, `pool`, `mountain`) VALUES (24, 0, 1, 0, 1, 1, 1);
INSERT INTO `booking_db`.`type_of_views` (`id_type_of_view`, `urban`, `garden`, `sea`, `golf_court`, `pool`, `mountain`) VALUES (25, 0, 1, 1, 0, 0, 0);
INSERT INTO `booking_db`.`type_of_views` (`id_type_of_view`, `urban`, `garden`, `sea`, `golf_court`, `pool`, `mountain`) VALUES (26, 0, 1, 1, 0, 0, 1);
INSERT INTO `booking_db`.`type_of_views` (`id_type_of_view`, `urban`, `garden`, `sea`, `golf_court`, `pool`, `mountain`) VALUES (27, 0, 1, 1, 0, 1, 0);
INSERT INTO `booking_db`.`type_of_views` (`id_type_of_view`, `urban`, `garden`, `sea`, `golf_court`, `pool`, `mountain`) VALUES (28, 0, 1, 1, 0, 1, 1);
INSERT INTO `booking_db`.`type_of_views` (`id_type_of_view`, `urban`, `garden`, `sea`, `golf_court`, `pool`, `mountain`) VALUES (29, 0, 1, 1, 1, 0, 0);
INSERT INTO `booking_db`.`type_of_views` (`id_type_of_view`, `urban`, `garden`, `sea`, `golf_court`, `pool`, `mountain`) VALUES (30, 0, 1, 1, 1, 0, 1);
INSERT INTO `booking_db`.`type_of_views` (`id_type_of_view`, `urban`, `garden`, `sea`, `golf_court`, `pool`, `mountain`) VALUES (31, 0, 1, 1, 1, 1, 0);
INSERT INTO `booking_db`.`type_of_views` (`id_type_of_view`, `urban`, `garden`, `sea`, `golf_court`, `pool`, `mountain`) VALUES (32, 0, 1, 1, 1, 1, 1);
INSERT INTO `booking_db`.`type_of_views` (`id_type_of_view`, `urban`, `garden`, `sea`, `golf_court`, `pool`, `mountain`) VALUES (33, 1, 0, 0, 0, 0, 0);
INSERT INTO `booking_db`.`type_of_views` (`id_type_of_view`, `urban`, `garden`, `sea`, `golf_court`, `pool`, `mountain`) VALUES (34, 1, 0, 0, 0, 0, 1);
INSERT INTO `booking_db`.`type_of_views` (`id_type_of_view`, `urban`, `garden`, `sea`, `golf_court`, `pool`, `mountain`) VALUES (35, 1, 0, 0, 0, 1, 0);
INSERT INTO `booking_db`.`type_of_views` (`id_type_of_view`, `urban`, `garden`, `sea`, `golf_court`, `pool`, `mountain`) VALUES (36, 1, 0, 0, 0, 1, 1);
INSERT INTO `booking_db`.`type_of_views` (`id_type_of_view`, `urban`, `garden`, `sea`, `golf_court`, `pool`, `mountain`) VALUES (37, 1, 0, 0, 1, 0, 0);
INSERT INTO `booking_db`.`type_of_views` (`id_type_of_view`, `urban`, `garden`, `sea`, `golf_court`, `pool`, `mountain`) VALUES (38, 1, 0, 0, 1, 0, 1);
INSERT INTO `booking_db`.`type_of_views` (`id_type_of_view`, `urban`, `garden`, `sea`, `golf_court`, `pool`, `mountain`) VALUES (39, 1, 0, 0, 1, 1, 0);
INSERT INTO `booking_db`.`type_of_views` (`id_type_of_view`, `urban`, `garden`, `sea`, `golf_court`, `pool`, `mountain`) VALUES (40, 1, 0, 0, 1, 1, 1);
INSERT INTO `booking_db`.`type_of_views` (`id_type_of_view`, `urban`, `garden`, `sea`, `golf_court`, `pool`, `mountain`) VALUES (41, 1, 0, 1, 0, 0, 0);
INSERT INTO `booking_db`.`type_of_views` (`id_type_of_view`, `urban`, `garden`, `sea`, `golf_court`, `pool`, `mountain`) VALUES (42, 1, 0, 1, 0, 0, 1);
INSERT INTO `booking_db`.`type_of_views` (`id_type_of_view`, `urban`, `garden`, `sea`, `golf_court`, `pool`, `mountain`) VALUES (43, 1, 0, 1, 0, 1, 0);
INSERT INTO `booking_db`.`type_of_views` (`id_type_of_view`, `urban`, `garden`, `sea`, `golf_court`, `pool`, `mountain`) VALUES (44, 1, 0, 1, 0, 1, 1);
INSERT INTO `booking_db`.`type_of_views` (`id_type_of_view`, `urban`, `garden`, `sea`, `golf_court`, `pool`, `mountain`) VALUES (45, 1, 0, 1, 1, 0, 0);
INSERT INTO `booking_db`.`type_of_views` (`id_type_of_view`, `urban`, `garden`, `sea`, `golf_court`, `pool`, `mountain`) VALUES (46, 1, 0, 1, 1, 0, 1);
INSERT INTO `booking_db`.`type_of_views` (`id_type_of_view`, `urban`, `garden`, `sea`, `golf_court`, `pool`, `mountain`) VALUES (47, 1, 0, 1, 1, 1, 0);
INSERT INTO `booking_db`.`type_of_views` (`id_type_of_view`, `urban`, `garden`, `sea`, `golf_court`, `pool`, `mountain`) VALUES (48, 1, 0, 1, 1, 1, 1);
INSERT INTO `booking_db`.`type_of_views` (`id_type_of_view`, `urban`, `garden`, `sea`, `golf_court`, `pool`, `mountain`) VALUES (49, 1, 1, 0, 0, 0, 0);
INSERT INTO `booking_db`.`type_of_views` (`id_type_of_view`, `urban`, `garden`, `sea`, `golf_court`, `pool`, `mountain`) VALUES (50, 1, 1, 0, 0, 0, 1);
INSERT INTO `booking_db`.`type_of_views` (`id_type_of_view`, `urban`, `garden`, `sea`, `golf_court`, `pool`, `mountain`) VALUES (51, 1, 1, 0, 0, 1, 0);
INSERT INTO `booking_db`.`type_of_views` (`id_type_of_view`, `urban`, `garden`, `sea`, `golf_court`, `pool`, `mountain`) VALUES (52, 1, 1, 0, 0, 1, 1);
INSERT INTO `booking_db`.`type_of_views` (`id_type_of_view`, `urban`, `garden`, `sea`, `golf_court`, `pool`, `mountain`) VALUES (53, 1, 1, 0, 1, 0, 0);
INSERT INTO `booking_db`.`type_of_views` (`id_type_of_view`, `urban`, `garden`, `sea`, `golf_court`, `pool`, `mountain`) VALUES (54, 1, 1, 0, 1, 0, 1);
INSERT INTO `booking_db`.`type_of_views` (`id_type_of_view`, `urban`, `garden`, `sea`, `golf_court`, `pool`, `mountain`) VALUES (55, 1, 1, 0, 1, 1, 0);
INSERT INTO `booking_db`.`type_of_views` (`id_type_of_view`, `urban`, `garden`, `sea`, `golf_court`, `pool`, `mountain`) VALUES (56, 1, 1, 0, 1, 1, 1);
INSERT INTO `booking_db`.`type_of_views` (`id_type_of_view`, `urban`, `garden`, `sea`, `golf_court`, `pool`, `mountain`) VALUES (57, 1, 1, 1, 0, 0, 0);
INSERT INTO `booking_db`.`type_of_views` (`id_type_of_view`, `urban`, `garden`, `sea`, `golf_court`, `pool`, `mountain`) VALUES (58, 1, 1, 1, 0, 0, 1);
INSERT INTO `booking_db`.`type_of_views` (`id_type_of_view`, `urban`, `garden`, `sea`, `golf_court`, `pool`, `mountain`) VALUES (59, 1, 1, 1, 0, 1, 0);
INSERT INTO `booking_db`.`type_of_views` (`id_type_of_view`, `urban`, `garden`, `sea`, `golf_court`, `pool`, `mountain`) VALUES (60, 1, 1, 1, 0, 1, 1);
INSERT INTO `booking_db`.`type_of_views` (`id_type_of_view`, `urban`, `garden`, `sea`, `golf_court`, `pool`, `mountain`) VALUES (61, 1, 1, 1, 1, 0, 0);
INSERT INTO `booking_db`.`type_of_views` (`id_type_of_view`, `urban`, `garden`, `sea`, `golf_court`, `pool`, `mountain`) VALUES (62, 1, 1, 1, 1, 0, 1);
INSERT INTO `booking_db`.`type_of_views` (`id_type_of_view`, `urban`, `garden`, `sea`, `golf_court`, `pool`, `mountain`) VALUES (63, 1, 1, 1, 1, 1, 0);
INSERT INTO `booking_db`.`type_of_views` (`id_type_of_view`, `urban`, `garden`, `sea`, `golf_court`, `pool`, `mountain`) VALUES (64, 1, 1, 1, 1, 1, 1);

COMMIT;


-- -----------------------------------------------------
-- Data for table `booking_db`.`type_of_rooms`
-- -----------------------------------------------------
START TRANSACTION;
USE `booking_db`;
INSERT INTO `booking_db`.`type_of_rooms` (`id_type_of_room`, `id_hotel`, `id_type_of_view`, `name`, `adult_capacity`, `children_capacity`, `size`, `image`) VALUES (1, 1, 9, 'Studio Suite Deluxe', 2, 2, 56, 'studio-suite-deluxe--220x125.jfif');
INSERT INTO `booking_db`.`type_of_rooms` (`id_type_of_room`, `id_hotel`, `id_type_of_view`, `name`, `adult_capacity`, `children_capacity`, `size`, `image`) VALUES (2, 1, 9, 'Studio Suite', 2, 2, 56, 'studio-suite--2-220x125.jfif');
INSERT INTO `booking_db`.`type_of_rooms` (`id_type_of_room`, `id_hotel`, `id_type_of_view`, `name`, `adult_capacity`, `children_capacity`, `size`, `image`) VALUES (3, 1, 9, 'Family Suite', 5, 0, 67, 'family-suite--220x125.jfif');

COMMIT;


-- -----------------------------------------------------
-- Data for table `booking_db`.`packages`
-- -----------------------------------------------------
START TRANSACTION;
USE `booking_db`;
INSERT INTO `booking_db`.`packages` (`id_type_of_room`, `id_service_room`, `price_per_night`) VALUES (1, 1, '2655000');
INSERT INTO `booking_db`.`packages` (`id_type_of_room`, `id_service_room`, `price_per_night`) VALUES (1, 2, '2655000');
INSERT INTO `booking_db`.`packages` (`id_type_of_room`, `id_service_room`, `price_per_night`) VALUES (1, 3, '2773500');
INSERT INTO `booking_db`.`packages` (`id_type_of_room`, `id_service_room`, `price_per_night`) VALUES (1, 4, '5900000');
INSERT INTO `booking_db`.`packages` (`id_type_of_room`, `id_service_room`, `price_per_night`) VALUES (1, 5, '5900000');
INSERT INTO `booking_db`.`packages` (`id_type_of_room`, `id_service_room`, `price_per_night`) VALUES (1, 6, '6162500');
INSERT INTO `booking_db`.`packages` (`id_type_of_room`, `id_service_room`, `price_per_night`) VALUES (1, 7, '8690000');
INSERT INTO `booking_db`.`packages` (`id_type_of_room`, `id_service_room`, `price_per_night`) VALUES (2, 8, '2475000');
INSERT INTO `booking_db`.`packages` (`id_type_of_room`, `id_service_room`, `price_per_night`) VALUES (2, 9, '2585000');
INSERT INTO `booking_db`.`packages` (`id_type_of_room`, `id_service_room`, `price_per_night`) VALUES (2, 10, '5500000');
INSERT INTO `booking_db`.`packages` (`id_type_of_room`, `id_service_room`, `price_per_night`) VALUES (2, 11, '5745000');
INSERT INTO `booking_db`.`packages` (`id_type_of_room`, `id_service_room`, `price_per_night`) VALUES (2, 12, '8140000');
INSERT INTO `booking_db`.`packages` (`id_type_of_room`, `id_service_room`, `price_per_night`) VALUES (3, 13, '4365000');
INSERT INTO `booking_db`.`packages` (`id_type_of_room`, `id_service_room`, `price_per_night`) VALUES (3, 14, '4559000');
INSERT INTO `booking_db`.`packages` (`id_type_of_room`, `id_service_room`, `price_per_night`) VALUES (3, 15, '10131500');
INSERT INTO `booking_db`.`packages` (`id_type_of_room`, `id_service_room`, `price_per_night`) VALUES (3, 16, '11880000');

COMMIT;


-- -----------------------------------------------------
-- Data for table `booking_db`.`rooms`
-- -----------------------------------------------------
START TRANSACTION;
USE `booking_db`;
INSERT INTO `booking_db`.`rooms` (`id_room`, `id_type_of_room`, `id_hotel`, `name`, `availability`, `checkin_date`, `checkout_date`, `note`) VALUES (1, 1, 1, '101', 1, NULL, NULL, NULL);
INSERT INTO `booking_db`.`rooms` (`id_room`, `id_type_of_room`, `id_hotel`, `name`, `availability`, `checkin_date`, `checkout_date`, `note`) VALUES (2, 1, 1, '102', 1, NULL, NULL, NULL);
INSERT INTO `booking_db`.`rooms` (`id_room`, `id_type_of_room`, `id_hotel`, `name`, `availability`, `checkin_date`, `checkout_date`, `note`) VALUES (3, 1, 1, '103', 1, NULL, NULL, NULL);
INSERT INTO `booking_db`.`rooms` (`id_room`, `id_type_of_room`, `id_hotel`, `name`, `availability`, `checkin_date`, `checkout_date`, `note`) VALUES (4, 1, 1, '104', 1, NULL, NULL, NULL);
INSERT INTO `booking_db`.`rooms` (`id_room`, `id_type_of_room`, `id_hotel`, `name`, `availability`, `checkin_date`, `checkout_date`, `note`) VALUES (5, 1, 1, '105', 1, NULL, NULL, NULL);
INSERT INTO `booking_db`.`rooms` (`id_room`, `id_type_of_room`, `id_hotel`, `name`, `availability`, `checkin_date`, `checkout_date`, `note`) VALUES (6, 1, 1, '106', 1, NULL, NULL, NULL);
INSERT INTO `booking_db`.`rooms` (`id_room`, `id_type_of_room`, `id_hotel`, `name`, `availability`, `checkin_date`, `checkout_date`, `note`) VALUES (7, 1, 1, '107', 1, NULL, NULL, NULL);
INSERT INTO `booking_db`.`rooms` (`id_room`, `id_type_of_room`, `id_hotel`, `name`, `availability`, `checkin_date`, `checkout_date`, `note`) VALUES (8, 1, 1, '108', 1, NULL, NULL, NULL);
INSERT INTO `booking_db`.`rooms` (`id_room`, `id_type_of_room`, `id_hotel`, `name`, `availability`, `checkin_date`, `checkout_date`, `note`) VALUES (9, 1, 1, '109', 1, NULL, NULL, NULL);
INSERT INTO `booking_db`.`rooms` (`id_room`, `id_type_of_room`, `id_hotel`, `name`, `availability`, `checkin_date`, `checkout_date`, `note`) VALUES (10, 1, 1, '110', 1, NULL, NULL, NULL);
INSERT INTO `booking_db`.`rooms` (`id_room`, `id_type_of_room`, `id_hotel`, `name`, `availability`, `checkin_date`, `checkout_date`, `note`) VALUES (11, 1, 1, '111', 1, NULL, NULL, NULL);
INSERT INTO `booking_db`.`rooms` (`id_room`, `id_type_of_room`, `id_hotel`, `name`, `availability`, `checkin_date`, `checkout_date`, `note`) VALUES (12, 1, 1, '112', 1, NULL, NULL, NULL);
INSERT INTO `booking_db`.`rooms` (`id_room`, `id_type_of_room`, `id_hotel`, `name`, `availability`, `checkin_date`, `checkout_date`, `note`) VALUES (13, 2, 1, '201', 1, NULL, NULL, NULL);
INSERT INTO `booking_db`.`rooms` (`id_room`, `id_type_of_room`, `id_hotel`, `name`, `availability`, `checkin_date`, `checkout_date`, `note`) VALUES (14, 2, 1, '202', 1, NULL, NULL, NULL);
INSERT INTO `booking_db`.`rooms` (`id_room`, `id_type_of_room`, `id_hotel`, `name`, `availability`, `checkin_date`, `checkout_date`, `note`) VALUES (15, 2, 1, '203', 1, NULL, NULL, NULL);
INSERT INTO `booking_db`.`rooms` (`id_room`, `id_type_of_room`, `id_hotel`, `name`, `availability`, `checkin_date`, `checkout_date`, `note`) VALUES (16, 2, 1, '204', 1, NULL, NULL, NULL);
INSERT INTO `booking_db`.`rooms` (`id_room`, `id_type_of_room`, `id_hotel`, `name`, `availability`, `checkin_date`, `checkout_date`, `note`) VALUES (17, 2, 1, '205', 1, NULL, NULL, NULL);
INSERT INTO `booking_db`.`rooms` (`id_room`, `id_type_of_room`, `id_hotel`, `name`, `availability`, `checkin_date`, `checkout_date`, `note`) VALUES (18, 2, 1, '206', 1, NULL, NULL, NULL);
INSERT INTO `booking_db`.`rooms` (`id_room`, `id_type_of_room`, `id_hotel`, `name`, `availability`, `checkin_date`, `checkout_date`, `note`) VALUES (19, 2, 1, '207', 1, NULL, NULL, NULL);
INSERT INTO `booking_db`.`rooms` (`id_room`, `id_type_of_room`, `id_hotel`, `name`, `availability`, `checkin_date`, `checkout_date`, `note`) VALUES (20, 2, 1, '208', 1, NULL, NULL, NULL);
INSERT INTO `booking_db`.`rooms` (`id_room`, `id_type_of_room`, `id_hotel`, `name`, `availability`, `checkin_date`, `checkout_date`, `note`) VALUES (21, 2, 1, '209', 1, NULL, NULL, NULL);
INSERT INTO `booking_db`.`rooms` (`id_room`, `id_type_of_room`, `id_hotel`, `name`, `availability`, `checkin_date`, `checkout_date`, `note`) VALUES (22, 2, 1, '210', 1, NULL, NULL, NULL);
INSERT INTO `booking_db`.`rooms` (`id_room`, `id_type_of_room`, `id_hotel`, `name`, `availability`, `checkin_date`, `checkout_date`, `note`) VALUES (23, 2, 1, '211', 1, NULL, NULL, NULL);
INSERT INTO `booking_db`.`rooms` (`id_room`, `id_type_of_room`, `id_hotel`, `name`, `availability`, `checkin_date`, `checkout_date`, `note`) VALUES (24, 2, 1, '212', 1, NULL, NULL, NULL);
INSERT INTO `booking_db`.`rooms` (`id_room`, `id_type_of_room`, `id_hotel`, `name`, `availability`, `checkin_date`, `checkout_date`, `note`) VALUES (25, 2, 1, '301', 1, NULL, NULL, NULL);
INSERT INTO `booking_db`.`rooms` (`id_room`, `id_type_of_room`, `id_hotel`, `name`, `availability`, `checkin_date`, `checkout_date`, `note`) VALUES (26, 2, 1, '302', 1, NULL, NULL, NULL);
INSERT INTO `booking_db`.`rooms` (`id_room`, `id_type_of_room`, `id_hotel`, `name`, `availability`, `checkin_date`, `checkout_date`, `note`) VALUES (27, 2, 1, '303', 1, NULL, NULL, NULL);
INSERT INTO `booking_db`.`rooms` (`id_room`, `id_type_of_room`, `id_hotel`, `name`, `availability`, `checkin_date`, `checkout_date`, `note`) VALUES (28, 2, 1, '304', 1, NULL, NULL, NULL);
INSERT INTO `booking_db`.`rooms` (`id_room`, `id_type_of_room`, `id_hotel`, `name`, `availability`, `checkin_date`, `checkout_date`, `note`) VALUES (29, 2, 1, '305', 1, NULL, NULL, NULL);
INSERT INTO `booking_db`.`rooms` (`id_room`, `id_type_of_room`, `id_hotel`, `name`, `availability`, `checkin_date`, `checkout_date`, `note`) VALUES (30, 2, 1, '306', 1, NULL, NULL, NULL);
INSERT INTO `booking_db`.`rooms` (`id_room`, `id_type_of_room`, `id_hotel`, `name`, `availability`, `checkin_date`, `checkout_date`, `note`) VALUES (31, 2, 1, '307', 1, NULL, NULL, NULL);
INSERT INTO `booking_db`.`rooms` (`id_room`, `id_type_of_room`, `id_hotel`, `name`, `availability`, `checkin_date`, `checkout_date`, `note`) VALUES (32, 2, 1, '308', 1, NULL, NULL, NULL);
INSERT INTO `booking_db`.`rooms` (`id_room`, `id_type_of_room`, `id_hotel`, `name`, `availability`, `checkin_date`, `checkout_date`, `note`) VALUES (33, 2, 1, '309', 1, NULL, NULL, NULL);
INSERT INTO `booking_db`.`rooms` (`id_room`, `id_type_of_room`, `id_hotel`, `name`, `availability`, `checkin_date`, `checkout_date`, `note`) VALUES (34, 2, 1, '310', 1, NULL, NULL, NULL);
INSERT INTO `booking_db`.`rooms` (`id_room`, `id_type_of_room`, `id_hotel`, `name`, `availability`, `checkin_date`, `checkout_date`, `note`) VALUES (35, 2, 1, '311', 1, NULL, NULL, NULL);
INSERT INTO `booking_db`.`rooms` (`id_room`, `id_type_of_room`, `id_hotel`, `name`, `availability`, `checkin_date`, `checkout_date`, `note`) VALUES (36, 2, 1, '312', 1, NULL, NULL, NULL);
INSERT INTO `booking_db`.`rooms` (`id_room`, `id_type_of_room`, `id_hotel`, `name`, `availability`, `checkin_date`, `checkout_date`, `note`) VALUES (37, 3, 1, '401', 1, NULL, NULL, NULL);
INSERT INTO `booking_db`.`rooms` (`id_room`, `id_type_of_room`, `id_hotel`, `name`, `availability`, `checkin_date`, `checkout_date`, `note`) VALUES (38, 3, 1, '402', 1, NULL, NULL, NULL);
INSERT INTO `booking_db`.`rooms` (`id_room`, `id_type_of_room`, `id_hotel`, `name`, `availability`, `checkin_date`, `checkout_date`, `note`) VALUES (39, 3, 1, '403', 1, NULL, NULL, NULL);
INSERT INTO `booking_db`.`rooms` (`id_room`, `id_type_of_room`, `id_hotel`, `name`, `availability`, `checkin_date`, `checkout_date`, `note`) VALUES (40, 3, 1, '404', 1, NULL, NULL, NULL);
INSERT INTO `booking_db`.`rooms` (`id_room`, `id_type_of_room`, `id_hotel`, `name`, `availability`, `checkin_date`, `checkout_date`, `note`) VALUES (41, 3, 1, '405', 1, NULL, NULL, NULL);
INSERT INTO `booking_db`.`rooms` (`id_room`, `id_type_of_room`, `id_hotel`, `name`, `availability`, `checkin_date`, `checkout_date`, `note`) VALUES (42, 3, 1, '406', 1, NULL, NULL, NULL);
INSERT INTO `booking_db`.`rooms` (`id_room`, `id_type_of_room`, `id_hotel`, `name`, `availability`, `checkin_date`, `checkout_date`, `note`) VALUES (43, 3, 1, '407', 1, NULL, NULL, NULL);
INSERT INTO `booking_db`.`rooms` (`id_room`, `id_type_of_room`, `id_hotel`, `name`, `availability`, `checkin_date`, `checkout_date`, `note`) VALUES (44, 3, 1, '408', 1, NULL, NULL, NULL);
INSERT INTO `booking_db`.`rooms` (`id_room`, `id_type_of_room`, `id_hotel`, `name`, `availability`, `checkin_date`, `checkout_date`, `note`) VALUES (45, 3, 1, '409', 1, NULL, NULL, NULL);
INSERT INTO `booking_db`.`rooms` (`id_room`, `id_type_of_room`, `id_hotel`, `name`, `availability`, `checkin_date`, `checkout_date`, `note`) VALUES (46, 3, 1, '410', 1, NULL, NULL, NULL);
INSERT INTO `booking_db`.`rooms` (`id_room`, `id_type_of_room`, `id_hotel`, `name`, `availability`, `checkin_date`, `checkout_date`, `note`) VALUES (47, 3, 1, '411', 1, NULL, NULL, NULL);
INSERT INTO `booking_db`.`rooms` (`id_room`, `id_type_of_room`, `id_hotel`, `name`, `availability`, `checkin_date`, `checkout_date`, `note`) VALUES (48, 3, 1, '412', 1, NULL, NULL, NULL);
INSERT INTO `booking_db`.`rooms` (`id_room`, `id_type_of_room`, `id_hotel`, `name`, `availability`, `checkin_date`, `checkout_date`, `note`) VALUES (49, 3, 1, '501', 1, NULL, NULL, NULL);
INSERT INTO `booking_db`.`rooms` (`id_room`, `id_type_of_room`, `id_hotel`, `name`, `availability`, `checkin_date`, `checkout_date`, `note`) VALUES (50, 3, 1, '502', 1, NULL, NULL, NULL);
INSERT INTO `booking_db`.`rooms` (`id_room`, `id_type_of_room`, `id_hotel`, `name`, `availability`, `checkin_date`, `checkout_date`, `note`) VALUES (51, 3, 1, '503', 1, NULL, NULL, NULL);
INSERT INTO `booking_db`.`rooms` (`id_room`, `id_type_of_room`, `id_hotel`, `name`, `availability`, `checkin_date`, `checkout_date`, `note`) VALUES (52, 3, 1, '504', 1, NULL, NULL, NULL);
INSERT INTO `booking_db`.`rooms` (`id_room`, `id_type_of_room`, `id_hotel`, `name`, `availability`, `checkin_date`, `checkout_date`, `note`) VALUES (53, 3, 1, '505', 1, NULL, NULL, NULL);
INSERT INTO `booking_db`.`rooms` (`id_room`, `id_type_of_room`, `id_hotel`, `name`, `availability`, `checkin_date`, `checkout_date`, `note`) VALUES (54, 3, 1, '506', 1, NULL, NULL, NULL);
INSERT INTO `booking_db`.`rooms` (`id_room`, `id_type_of_room`, `id_hotel`, `name`, `availability`, `checkin_date`, `checkout_date`, `note`) VALUES (55, 3, 1, '507', 1, NULL, NULL, NULL);
INSERT INTO `booking_db`.`rooms` (`id_room`, `id_type_of_room`, `id_hotel`, `name`, `availability`, `checkin_date`, `checkout_date`, `note`) VALUES (56, 3, 1, '508', 1, NULL, NULL, NULL);
INSERT INTO `booking_db`.`rooms` (`id_room`, `id_type_of_room`, `id_hotel`, `name`, `availability`, `checkin_date`, `checkout_date`, `note`) VALUES (57, 3, 1, '509', 1, NULL, NULL, NULL);
INSERT INTO `booking_db`.`rooms` (`id_room`, `id_type_of_room`, `id_hotel`, `name`, `availability`, `checkin_date`, `checkout_date`, `note`) VALUES (58, 3, 1, '510', 1, NULL, NULL, NULL);
INSERT INTO `booking_db`.`rooms` (`id_room`, `id_type_of_room`, `id_hotel`, `name`, `availability`, `checkin_date`, `checkout_date`, `note`) VALUES (59, 3, 1, '511', 1, NULL, NULL, NULL);
INSERT INTO `booking_db`.`rooms` (`id_room`, `id_type_of_room`, `id_hotel`, `name`, `availability`, `checkin_date`, `checkout_date`, `note`) VALUES (60, 3, 1, '512', 1, NULL, NULL, NULL);

COMMIT;


-- -----------------------------------------------------
-- Data for table `booking_db`.`roles`
-- -----------------------------------------------------
START TRANSACTION;
USE `booking_db`;
INSERT INTO `booking_db`.`roles` (`id_role`, `name`) VALUES (1, 'admin');
INSERT INTO `booking_db`.`roles` (`id_role`, `name`) VALUES (2, 'user');
INSERT INTO `booking_db`.`roles` (`id_role`, `name`) VALUES (3, 'hotel manager');
INSERT INTO `booking_db`.`roles` (`id_role`, `name`) VALUES (4, 'hotel reservation clerk');
INSERT INTO `booking_db`.`roles` (`id_role`, `name`) VALUES (5, 'tour manager');
INSERT INTO `booking_db`.`roles` (`id_role`, `name`) VALUES (6, 'tour reservation clerk');
INSERT INTO `booking_db`.`roles` (`id_role`, `name`) VALUES (7, 'tour advisor');

COMMIT;


-- -----------------------------------------------------
-- Data for table `booking_db`.`users`
-- -----------------------------------------------------
START TRANSACTION;
USE `booking_db`;
INSERT INTO `booking_db`.`users` (`id_user`, `id_role`, `username`, `password`, `email`, `google_account`, `facebook_account`, `create_time`) VALUES (1, 2, 'Trang Nguyễn', '0', NULL, NULL, NULL, NULL);
INSERT INTO `booking_db`.`users` (`id_user`, `id_role`, `username`, `password`, `email`, `google_account`, `facebook_account`, `create_time`) VALUES (2, 2, 'Châu Hồng Ngọc', '0', NULL, NULL, NULL, NULL);
INSERT INTO `booking_db`.`users` (`id_user`, `id_role`, `username`, `password`, `email`, `google_account`, `facebook_account`, `create_time`) VALUES (3, 2, 'Trịnh Thị Đình Đình', '0', NULL, NULL, NULL, NULL);

COMMIT;


-- -----------------------------------------------------
-- Data for table `booking_db`.`tour_transportations`
-- -----------------------------------------------------
START TRANSACTION;
USE `booking_db`;
INSERT INTO `booking_db`.`tour_transportations` (`id_tour_transportation`, `bus`, `train`, `airplane`, `ship`, `trekking`, `aerial_tramway`) VALUES (1, 0, 0, 0, 0, 0, 0);
INSERT INTO `booking_db`.`tour_transportations` (`id_tour_transportation`, `bus`, `train`, `airplane`, `ship`, `trekking`, `aerial_tramway`) VALUES (2, 0, 0, 0, 0, 0, 1);
INSERT INTO `booking_db`.`tour_transportations` (`id_tour_transportation`, `bus`, `train`, `airplane`, `ship`, `trekking`, `aerial_tramway`) VALUES (3, 0, 0, 0, 0, 1, 0);
INSERT INTO `booking_db`.`tour_transportations` (`id_tour_transportation`, `bus`, `train`, `airplane`, `ship`, `trekking`, `aerial_tramway`) VALUES (4, 0, 0, 0, 0, 1, 1);
INSERT INTO `booking_db`.`tour_transportations` (`id_tour_transportation`, `bus`, `train`, `airplane`, `ship`, `trekking`, `aerial_tramway`) VALUES (5, 0, 0, 0, 1, 0, 0);
INSERT INTO `booking_db`.`tour_transportations` (`id_tour_transportation`, `bus`, `train`, `airplane`, `ship`, `trekking`, `aerial_tramway`) VALUES (6, 0, 0, 0, 1, 0, 1);
INSERT INTO `booking_db`.`tour_transportations` (`id_tour_transportation`, `bus`, `train`, `airplane`, `ship`, `trekking`, `aerial_tramway`) VALUES (7, 0, 0, 0, 1, 1, 0);
INSERT INTO `booking_db`.`tour_transportations` (`id_tour_transportation`, `bus`, `train`, `airplane`, `ship`, `trekking`, `aerial_tramway`) VALUES (8, 0, 0, 0, 1, 1, 1);
INSERT INTO `booking_db`.`tour_transportations` (`id_tour_transportation`, `bus`, `train`, `airplane`, `ship`, `trekking`, `aerial_tramway`) VALUES (9, 0, 0, 1, 0, 0, 0);
INSERT INTO `booking_db`.`tour_transportations` (`id_tour_transportation`, `bus`, `train`, `airplane`, `ship`, `trekking`, `aerial_tramway`) VALUES (10, 0, 0, 1, 0, 0, 1);
INSERT INTO `booking_db`.`tour_transportations` (`id_tour_transportation`, `bus`, `train`, `airplane`, `ship`, `trekking`, `aerial_tramway`) VALUES (11, 0, 0, 1, 0, 1, 0);
INSERT INTO `booking_db`.`tour_transportations` (`id_tour_transportation`, `bus`, `train`, `airplane`, `ship`, `trekking`, `aerial_tramway`) VALUES (12, 0, 0, 1, 0, 1, 1);
INSERT INTO `booking_db`.`tour_transportations` (`id_tour_transportation`, `bus`, `train`, `airplane`, `ship`, `trekking`, `aerial_tramway`) VALUES (13, 0, 0, 1, 1, 0, 0);
INSERT INTO `booking_db`.`tour_transportations` (`id_tour_transportation`, `bus`, `train`, `airplane`, `ship`, `trekking`, `aerial_tramway`) VALUES (14, 0, 0, 1, 1, 0, 1);
INSERT INTO `booking_db`.`tour_transportations` (`id_tour_transportation`, `bus`, `train`, `airplane`, `ship`, `trekking`, `aerial_tramway`) VALUES (15, 0, 0, 1, 1, 1, 0);
INSERT INTO `booking_db`.`tour_transportations` (`id_tour_transportation`, `bus`, `train`, `airplane`, `ship`, `trekking`, `aerial_tramway`) VALUES (16, 0, 0, 1, 1, 1, 1);
INSERT INTO `booking_db`.`tour_transportations` (`id_tour_transportation`, `bus`, `train`, `airplane`, `ship`, `trekking`, `aerial_tramway`) VALUES (17, 0, 1, 0, 0, 0, 0);
INSERT INTO `booking_db`.`tour_transportations` (`id_tour_transportation`, `bus`, `train`, `airplane`, `ship`, `trekking`, `aerial_tramway`) VALUES (18, 0, 1, 0, 0, 0, 1);
INSERT INTO `booking_db`.`tour_transportations` (`id_tour_transportation`, `bus`, `train`, `airplane`, `ship`, `trekking`, `aerial_tramway`) VALUES (19, 0, 1, 0, 0, 1, 0);
INSERT INTO `booking_db`.`tour_transportations` (`id_tour_transportation`, `bus`, `train`, `airplane`, `ship`, `trekking`, `aerial_tramway`) VALUES (20, 0, 1, 0, 0, 1, 1);
INSERT INTO `booking_db`.`tour_transportations` (`id_tour_transportation`, `bus`, `train`, `airplane`, `ship`, `trekking`, `aerial_tramway`) VALUES (21, 0, 1, 0, 1, 0, 0);
INSERT INTO `booking_db`.`tour_transportations` (`id_tour_transportation`, `bus`, `train`, `airplane`, `ship`, `trekking`, `aerial_tramway`) VALUES (22, 0, 1, 0, 1, 0, 1);
INSERT INTO `booking_db`.`tour_transportations` (`id_tour_transportation`, `bus`, `train`, `airplane`, `ship`, `trekking`, `aerial_tramway`) VALUES (23, 0, 1, 0, 1, 1, 0);
INSERT INTO `booking_db`.`tour_transportations` (`id_tour_transportation`, `bus`, `train`, `airplane`, `ship`, `trekking`, `aerial_tramway`) VALUES (24, 0, 1, 0, 1, 1, 1);
INSERT INTO `booking_db`.`tour_transportations` (`id_tour_transportation`, `bus`, `train`, `airplane`, `ship`, `trekking`, `aerial_tramway`) VALUES (25, 0, 1, 1, 0, 0, 0);
INSERT INTO `booking_db`.`tour_transportations` (`id_tour_transportation`, `bus`, `train`, `airplane`, `ship`, `trekking`, `aerial_tramway`) VALUES (26, 0, 1, 1, 0, 0, 1);
INSERT INTO `booking_db`.`tour_transportations` (`id_tour_transportation`, `bus`, `train`, `airplane`, `ship`, `trekking`, `aerial_tramway`) VALUES (27, 0, 1, 1, 0, 1, 0);
INSERT INTO `booking_db`.`tour_transportations` (`id_tour_transportation`, `bus`, `train`, `airplane`, `ship`, `trekking`, `aerial_tramway`) VALUES (28, 0, 1, 1, 0, 1, 1);
INSERT INTO `booking_db`.`tour_transportations` (`id_tour_transportation`, `bus`, `train`, `airplane`, `ship`, `trekking`, `aerial_tramway`) VALUES (29, 0, 1, 1, 1, 0, 0);
INSERT INTO `booking_db`.`tour_transportations` (`id_tour_transportation`, `bus`, `train`, `airplane`, `ship`, `trekking`, `aerial_tramway`) VALUES (30, 0, 1, 1, 1, 0, 1);
INSERT INTO `booking_db`.`tour_transportations` (`id_tour_transportation`, `bus`, `train`, `airplane`, `ship`, `trekking`, `aerial_tramway`) VALUES (31, 0, 1, 1, 1, 1, 0);
INSERT INTO `booking_db`.`tour_transportations` (`id_tour_transportation`, `bus`, `train`, `airplane`, `ship`, `trekking`, `aerial_tramway`) VALUES (32, 0, 1, 1, 1, 1, 1);
INSERT INTO `booking_db`.`tour_transportations` (`id_tour_transportation`, `bus`, `train`, `airplane`, `ship`, `trekking`, `aerial_tramway`) VALUES (33, 1, 0, 0, 0, 0, 0);
INSERT INTO `booking_db`.`tour_transportations` (`id_tour_transportation`, `bus`, `train`, `airplane`, `ship`, `trekking`, `aerial_tramway`) VALUES (34, 1, 0, 0, 0, 0, 1);
INSERT INTO `booking_db`.`tour_transportations` (`id_tour_transportation`, `bus`, `train`, `airplane`, `ship`, `trekking`, `aerial_tramway`) VALUES (35, 1, 0, 0, 0, 1, 0);
INSERT INTO `booking_db`.`tour_transportations` (`id_tour_transportation`, `bus`, `train`, `airplane`, `ship`, `trekking`, `aerial_tramway`) VALUES (36, 1, 0, 0, 0, 1, 1);
INSERT INTO `booking_db`.`tour_transportations` (`id_tour_transportation`, `bus`, `train`, `airplane`, `ship`, `trekking`, `aerial_tramway`) VALUES (37, 1, 0, 0, 1, 0, 0);
INSERT INTO `booking_db`.`tour_transportations` (`id_tour_transportation`, `bus`, `train`, `airplane`, `ship`, `trekking`, `aerial_tramway`) VALUES (38, 1, 0, 0, 1, 0, 1);
INSERT INTO `booking_db`.`tour_transportations` (`id_tour_transportation`, `bus`, `train`, `airplane`, `ship`, `trekking`, `aerial_tramway`) VALUES (39, 1, 0, 0, 1, 1, 0);
INSERT INTO `booking_db`.`tour_transportations` (`id_tour_transportation`, `bus`, `train`, `airplane`, `ship`, `trekking`, `aerial_tramway`) VALUES (40, 1, 0, 0, 1, 1, 1);
INSERT INTO `booking_db`.`tour_transportations` (`id_tour_transportation`, `bus`, `train`, `airplane`, `ship`, `trekking`, `aerial_tramway`) VALUES (41, 1, 0, 1, 0, 0, 0);
INSERT INTO `booking_db`.`tour_transportations` (`id_tour_transportation`, `bus`, `train`, `airplane`, `ship`, `trekking`, `aerial_tramway`) VALUES (42, 1, 0, 1, 0, 0, 1);
INSERT INTO `booking_db`.`tour_transportations` (`id_tour_transportation`, `bus`, `train`, `airplane`, `ship`, `trekking`, `aerial_tramway`) VALUES (43, 1, 0, 1, 0, 1, 0);
INSERT INTO `booking_db`.`tour_transportations` (`id_tour_transportation`, `bus`, `train`, `airplane`, `ship`, `trekking`, `aerial_tramway`) VALUES (44, 1, 0, 1, 0, 1, 1);
INSERT INTO `booking_db`.`tour_transportations` (`id_tour_transportation`, `bus`, `train`, `airplane`, `ship`, `trekking`, `aerial_tramway`) VALUES (45, 1, 0, 1, 1, 0, 0);
INSERT INTO `booking_db`.`tour_transportations` (`id_tour_transportation`, `bus`, `train`, `airplane`, `ship`, `trekking`, `aerial_tramway`) VALUES (46, 1, 0, 1, 1, 0, 1);
INSERT INTO `booking_db`.`tour_transportations` (`id_tour_transportation`, `bus`, `train`, `airplane`, `ship`, `trekking`, `aerial_tramway`) VALUES (47, 1, 0, 1, 1, 1, 0);
INSERT INTO `booking_db`.`tour_transportations` (`id_tour_transportation`, `bus`, `train`, `airplane`, `ship`, `trekking`, `aerial_tramway`) VALUES (48, 1, 0, 1, 1, 1, 1);
INSERT INTO `booking_db`.`tour_transportations` (`id_tour_transportation`, `bus`, `train`, `airplane`, `ship`, `trekking`, `aerial_tramway`) VALUES (49, 1, 1, 0, 0, 0, 0);
INSERT INTO `booking_db`.`tour_transportations` (`id_tour_transportation`, `bus`, `train`, `airplane`, `ship`, `trekking`, `aerial_tramway`) VALUES (50, 1, 1, 0, 0, 0, 1);
INSERT INTO `booking_db`.`tour_transportations` (`id_tour_transportation`, `bus`, `train`, `airplane`, `ship`, `trekking`, `aerial_tramway`) VALUES (51, 1, 1, 0, 0, 1, 0);
INSERT INTO `booking_db`.`tour_transportations` (`id_tour_transportation`, `bus`, `train`, `airplane`, `ship`, `trekking`, `aerial_tramway`) VALUES (52, 1, 1, 0, 0, 1, 1);
INSERT INTO `booking_db`.`tour_transportations` (`id_tour_transportation`, `bus`, `train`, `airplane`, `ship`, `trekking`, `aerial_tramway`) VALUES (53, 1, 1, 0, 1, 0, 0);
INSERT INTO `booking_db`.`tour_transportations` (`id_tour_transportation`, `bus`, `train`, `airplane`, `ship`, `trekking`, `aerial_tramway`) VALUES (54, 1, 1, 0, 1, 0, 1);
INSERT INTO `booking_db`.`tour_transportations` (`id_tour_transportation`, `bus`, `train`, `airplane`, `ship`, `trekking`, `aerial_tramway`) VALUES (55, 1, 1, 0, 1, 1, 0);
INSERT INTO `booking_db`.`tour_transportations` (`id_tour_transportation`, `bus`, `train`, `airplane`, `ship`, `trekking`, `aerial_tramway`) VALUES (56, 1, 1, 0, 1, 1, 1);
INSERT INTO `booking_db`.`tour_transportations` (`id_tour_transportation`, `bus`, `train`, `airplane`, `ship`, `trekking`, `aerial_tramway`) VALUES (57, 1, 1, 1, 0, 0, 0);
INSERT INTO `booking_db`.`tour_transportations` (`id_tour_transportation`, `bus`, `train`, `airplane`, `ship`, `trekking`, `aerial_tramway`) VALUES (58, 1, 1, 1, 0, 0, 1);
INSERT INTO `booking_db`.`tour_transportations` (`id_tour_transportation`, `bus`, `train`, `airplane`, `ship`, `trekking`, `aerial_tramway`) VALUES (59, 1, 1, 1, 0, 1, 0);
INSERT INTO `booking_db`.`tour_transportations` (`id_tour_transportation`, `bus`, `train`, `airplane`, `ship`, `trekking`, `aerial_tramway`) VALUES (60, 1, 1, 1, 0, 1, 1);
INSERT INTO `booking_db`.`tour_transportations` (`id_tour_transportation`, `bus`, `train`, `airplane`, `ship`, `trekking`, `aerial_tramway`) VALUES (61, 1, 1, 1, 1, 0, 0);
INSERT INTO `booking_db`.`tour_transportations` (`id_tour_transportation`, `bus`, `train`, `airplane`, `ship`, `trekking`, `aerial_tramway`) VALUES (62, 1, 1, 1, 1, 0, 1);
INSERT INTO `booking_db`.`tour_transportations` (`id_tour_transportation`, `bus`, `train`, `airplane`, `ship`, `trekking`, `aerial_tramway`) VALUES (63, 1, 1, 1, 1, 1, 0);
INSERT INTO `booking_db`.`tour_transportations` (`id_tour_transportation`, `bus`, `train`, `airplane`, `ship`, `trekking`, `aerial_tramway`) VALUES (64, 1, 1, 1, 1, 1, 1);

COMMIT;


-- -----------------------------------------------------
-- Data for table `booking_db`.`theme_tours`
-- -----------------------------------------------------
START TRANSACTION;
USE `booking_db`;
INSERT INTO `booking_db`.`theme_tours` (`id_theme_tour`, `name`) VALUES (1, 'Mặc định');
INSERT INTO `booking_db`.`theme_tours` (`id_theme_tour`, `name`) VALUES (2, 'Tết Tân Sửu');
INSERT INTO `booking_db`.`theme_tours` (`id_theme_tour`, `name`) VALUES (3, 'Cung Đường Đông Tây Bắc');
INSERT INTO `booking_db`.`theme_tours` (`id_theme_tour`, `name`) VALUES (4, 'Tour Trải Nghiệm');
INSERT INTO `booking_db`.`theme_tours` (`id_theme_tour`, `name`) VALUES (5, 'Tour Cao Cấp');

COMMIT;


-- -----------------------------------------------------
-- Data for table `booking_db`.`tours`
-- -----------------------------------------------------
START TRANSACTION;
USE `booking_db`;
INSERT INTO `booking_db`.`tours` (`id_tour`, `id_start_city`, `id_destination_city`, `id_tour_transportation`, `id_theme_tour`, `score`, `number_of_reviews`, `name`, `code`, `number_of_days`, `number_of_nights`, `term_surcharge`, `term_price_included`, `term_price_not_included`, `term_cancelling`, `term_note`, `term_single_room_surchage_price`, `price_per_adult`, `price_per_child`, `thumbnail`, `image`, `introduction_heading`, `introduction`, `description_heading`, `description`) VALUES (1, 64, 43, 41, 2, 0.0, 0, 'Tour Miền Bắc 5N4D: Sài Gòn - Hà Nội - SaPa - Hạ Long', 'TO1257', 5, 4, '- Phụ Thu phòng đơn : 1.350.000 vnđ/khách/phòng. Dịp Lễ Tết phụ thu: 1.600.000 vnđ/khách/tour.\\n- Trẻ em từ 10 tuổi trở lên mua 01 vé bằng giá tour người lớn.\\n- Trẻ em dưới 02 tuổi, được miễn phí tour và phụ thu vé máy bay theo quy định của hãng hàng không.\\n- Trẻ em từ 02 tuổi dưới 05 tuổi, được miễn phí tour vé máy bay theo quy định của hãng hàng không Viet Jet Air ( 100% giá vé máy bay người lớn) , người thân đi kèm tự lo các chi phí ăn, ngủ, tham quan (nếu có) cho bé. Hai người lớn chỉ kèm 1 trẻ em dưới 5 tuổi, trẻ em thứ 2 trở lên phải mua ½ vé tour.\\n- Trẻ em từ 05 tuổi dưới 10 tuổi, tính 50% giá tour và 100% vé máy bay theo quy định của hãng hàng không Viet Jet Air . Bao gồm các dịch vụ ăn uống, ghế ngồi trên xe và ngủ chung với gia đình. Hai người lớn chỉ được kèm 1 trẻ em, trẻ em thứ 2 trở lên, mua thêm 1 suất giường đơn hoặc 1 vé người lớn.', 'Vận chuyển:\\n- Xe tham quan (16, 29, 35, 45 chỗ tùy theo số lượng) đón - tiễn và phục vụ theo chương trình.\\n- Vé máy bay khứ hồi: Viet jet Air ( 07 kg sách tay + 20 kg hành lý ký gửi/kiện).\\nLưu trú:\\n-  Khách sạn 3 sao: 2 – 3 khách/phòng (trường hợp lẻ nam, nữ ở phòng 03).\\nKhác:\\n- Ăn uống theo như chương trình.\\n- Tham quan: Vé tham quan các điểm du lịch theo chương trình.\\n- Hướng dẫn viên tiếng Việt: Phục vụ nhiệt tình, tận tâm, chu đáo.\\n- Quà tặng: Nón du lịch , 01 nước suối (0.5 lít/ngày).\\n- Để xác nhận việc lấy hóa đơn đỏ VAT, Quý khách phải cung cấp thông tin ngay khi đăng ký.\\n- Bảo hiểm: Du lịch chọn tour, mức bồi thường tối đa 20.000.000 đ/trường hợp.', '- Tiền Tip cho HDV/ lái xe,\\n- Ăn uống, vui chơi giải trí cá nhân .. ngoài chương trình.\\n- 01 bữa ăn tối tại Sapa (bữa tối ,ngày thứ 2 theo chương trình).\\n- Cáp treo Fanxipang 850.000 vnđ/khách.\\n- Tham quan cây cầu kính Rồng Mây.\\n- Cáp treo Sunworld Hạ Long,…\\n- Vé xe điện khứ hồi lên Chùa Bái Đính : 60.000đ/ khách.\\n- Phụ Thu phòng đơn.', 'Chính sách hủy:\\nMọi sự thay đổi liên quan đến vé đã xuất: ngày giờ đi, tên hành khách, hủy vé, vui lòng chịu chi phí theo qui định sau:\\n- Ngay sau khi đăng ký tour nếu hủy sẽ bị phạt tiền tour và vé máy bay: \\n- Ngay sau khi đặt cọc hoặc thanh toán hoặc trước 15 ngày: phí hủy 10% tiền tour + 100% Vé máy bay.\\n- Hủy 10 ngày trước ngày khởi hành: phí hủy 50% tiền tour + 100% vé máy bay.\\n- Hủy 07 ngày trước ngày khởi hành: phí hủy 70% tiền tour  + 100% vé máy bay.\\n- Hủy  05 ngày trước ngày khởi hành: phí hủy 100% tiền tour  + 100% vé máy bay.\\n(Các ngày đặt cọc, thanh toán, huỷ và dời tour: không tính thứ 7, Chủ Nhật, Lễ - Tết)\\n- Quý khách có mặt trước giờ bay 120 tại điểm hẹn, trường hợp quý khách đến trễ giờ khởi hành, được tính là hủy 5 ngày trước ngày khởi hành.\\n- Do tính chất là đoàn ghép khách lẻ,công ty sẽ có trách nhiệm nhận khách đăng ký cho đủ đoàn ( trên 10 người lớn) thì đoàn sẽ khởi hành đúng lịch trình. Nếu số lượng đoàn dưới 10 khách, công ty có trách nhiệm thông báo cho khách trước ngày khởi hành 3 ngày và sẽ thỏa thuận lại ngày khởi hành mới hoặc hoàn trả toàn bộ số tiền đã đặt cọc tour.\\n- Việc huỷ bỏ chuyến đi phải được thông báo trực tiếp với Công ty hoặc qua fax, email, tin nhắn và phải được Công ty xác nhận. Việc huỷ bỏ bằng điện thoại không được chấp nhận.\\n- Đối với sự thay đổi lịch trình, giờ bay do lỗi của hãng hàng không, tàu hoả, tàu thuỷ, công ty sẽ không chịu trách nhiệm bất kỳ phát sinh nào do lỗi trên như: phát sinh bữa ăn, nhà hàng, khách sạn, phương tiện di chuyển, hướng dẫn viên, …', '- Trong những trường hợp bất khả kháng như: khủng bố, bạo động, thiên tai, lũ lụt. dịch bệnh… Tuỳ theo tình hình thực tế và sự thuận tiện, an toàn của khách hàng, công ty sẽ chủ động thông báo cho khách hàng sự thay đổi như sau: huỷ hoặc thay thế bằng một chương trình mới với chi phí tương đương chương trình tham quan trước đó. Trong trường hợp chương trình mới có phát sinh thì Khách hàng sẽ thanh toán khoản phát sinh này. Tuy nhiên, mỗi bên có trách nhiệm cố gắng tối đa, giúp đỡ bên bị thiệt hại nhằm giảm thiểu các tổn thất gây ra vì lý do bất khả kháng.…\\n- Khi Quý khách đăng kí tour, xác nhận sự chính xác về họ, tên (đúng từng ký tự ghi trong hộ chiếu hoặc CMND), ngày-tháng-năm sinh.. của hành khách theo yêu cầu của hãng vận chuyển.\\n- Do đặc điểm địa hình, tại Sapa quý khách chủ yếu đi bộ để tham quan, vì thế quý khách vui lòng lựa chọn trang phục phù hợp.\\n- Quý khách trên 70 tuổi hoặc phụ nữ có Thai dưới 06 Tháng (Vì lý do sức khỏe của Thai phụ, chúng tôi từ chối cung cấp dịch vụ tour cho Phụ nữ mang thai trên 06 tháng) khi đi phải có giấy xác nhận đảm bảo sức khỏe của Bệnh viện cấp Quận/ Huyện trở lên.\\n- Khi đi du lịch Quý khách dưới 14 tuổi mang theo giấy khai sinh bản chính hoặc hộ chiếu còn hạn, Trên  14 tuổi phải đem theo giấy CMND, Hộ Chiếu, CCCD bản chính, hình ảnh rõ, còn hạn sử dụng trong vòng 15 năm kể từ ngày cấp hoặc Hộ Chiếu còn hạn.\\n- Riêng khách Việt Kiều phải mang theo Hộ Chiếu hoặc thẻ xanh kèm theo Visa và giấy tái xuất nhập Việt Nam làm thủ tục lên máy bay.\\n- Hành lý sách tay: Tối đa 07 ký xách tay /khách, không để các vật dụng sắc nhọn, chất dễ cháy.\\n- Hành lý ký gửi: tối đa 20kg /khách, không để máy chụp ảnh, máy tính sách tay, tư trang, tiền bạc có giá trị vào hành lý ký gửi.', '1350000', '6290000', ' 6290000', 'ivivu-tour-mien-bac-5n4d-ha-noi-sapa-ha-long-ha-noi-sapa-home-360x225.jpg', 'ivivu-trang-an-hang-dong-750x390.jfif', 'Hành Trình Trải Nghiệm Du Lịch Miền Bắc', 'Miền Bắc Việt Nam gồm Tây Bắc, Đông Bắc và đồng bằng Sông Hồng, là cái nôi văn hóa lịch sử hàng ngàn năm của Việt Nam. Thiên nhiên và cảnh đẹp hùng vĩ, 4 mùa xuân hạ thu đông, miền Bắc luôn là điểm hẹn hấp dẫn cho quý khách muốn đến và đặt chân nhiều lần. Mỗi vùng, mỗi tỉnh, mỗi điểm sẽ là một vùng văn hóa, một di sản, một thắng cảnh,...mang vẻ đẹp riêng biệt khác nhau, làm cho du khách lẫn trong và ngoài nước đều muốn chinh phục, muốn khám phá. Cùng iVIVU khám phá hành trình thú vị ngay hôm nay!\\nĐặt đoàn riêng liên hệ 028 3933 8002 hoặc hotline 0906 355 542 để có giá tốt.', 'Những trải nghiệm thú vị trong chương trình', 'Liên tuyến hành trình quý khách sẽ đi từ bất ngờ này sang bất ngờ khác:\\n- Cột mốc hữu nghị Việt Nam – Trung Quốc.\\n- Bản Cát Cát - Sín Chải của người H’mong.\\n- Chinh phục đỉnh Fanxiphan - Nốc Nhà Của Đông Dương.\\n- Danh thắng Tràng An – Di sản được UNESCO công nhận là di sản văn hóa và thiên nhiên Thế giới.\\n- Tham quan Di sản thiên nhiên Thế giới - Vịnh Hạ Long.');
INSERT INTO `booking_db`.`tours` (`id_tour`, `id_start_city`, `id_destination_city`, `id_tour_transportation`, `id_theme_tour`, `score`, `number_of_reviews`, `name`, `code`, `number_of_days`, `number_of_nights`, `term_surcharge`, `term_price_included`, `term_price_not_included`, `term_cancelling`, `term_note`, `term_single_room_surchage_price`, `price_per_adult`, `price_per_child`, `thumbnail`, `image`, `introduction_heading`, `introduction`, `description_heading`, `description`) VALUES (2, 64, 58, 53, 2, 0.0, 0, 'Tour Miền Trung 3N4D: Khám Phá Quy Nhơn - Phú Yên ( Tàu Lửa) Tết', 'TO1188', 3, 4, '- Phụ thu Phòng đơn : 1.000.000đ/ Khách/ 2 đêm ( Nếu khách ở 1 mình )/ ngày thường.\\n- Phụ thu giường nằm khoang 4 : 900.000đ/ khách/ khứ hồi ( ngày thườn) ,1.400.000đ/ khách/ khứ hồi ( ngày lễ, tết )\\n- Phụ thu tết âm lịch: 2.690.000 vnđ/khách/tour\\n- Trẻ em < 5 tuổi: miễn phí, gia đình tự lo\\n- Trẻ từ 5 dưới 09 tuổi: mua 75% giá vé người lớn, tiêu chuẩn như người lớn, ngủ chung với bố mẹ.\\n- Trẻ em từ 10 tuổi trở lên mua vé như người lớn\\n- Qui định trẻ em đi kèm: mỗi cặp vợ chồng chỉ được 1 trẻ em miễn phí, trẻ thứ 2 phải mua 75% vé như người lớn', '.VẬN CHUYỂN:\\n- Xe tham quan (đời mới, máy lạnh) đón – tiễn theo chương trình.\\n- Vé xe lửa ngồi mềm máy lạnh : Sài Gòn – Diêu Trì/Quy Nhơn, Tuy Hòa – Sài Gòn.\\n- Vé Tàu Tham quan Đảo Kỳ Co.\\nLƯU TRÚ:\\n- Quy Nhơn: tiêu chuẩn 2 sao.\\n- Phú Yên: tiêu chuẩn 5 sao.\\nKHÁC:\\n- HDV phục vụ quý khách ăn nghĩ suốt tuyến.\\n- Phí tham quan theo chương trình.\\n- Ăn uống theo chương trình.\\n- Quà tặng: Nón, khăn lạnh, nước suối.\\n- Bảo hiểm DL : mức bồi thường tối đa 10.000.000 đồng/ trường hợp.', '- Chi phí cá nhân: điện thoại, giặc ủi, ăn uống – tham quan – vận chuyển ngoài chương trình ;\\n- Phu thu Phòng đơn : 1.000.000đ/Khách/ 2 đêm ( Nếu khách ở 1 mình)/ ngày thường.\\n- Phụ thu giường nằm khoang 4: 900.000đ/ khách/khứ hồi, 1.400.000đ/ khách/ khứ hồi ( TẾT ÂL).\\n- Thuế VAT ( Nếu quý khách có nhu cầu xuất hoá đơn GTGT thì phụ thu 10% trên tổng tiền tour).', 'Chính sách hủy:\\n- Đặt vé trước ngày khởi hành ít nhất 10 ngày (nếu đợt khởi hành không đủ số lượng qui định, quý khách được dời vào ngày khởi hành kế tiếp).\\n- Huỷ tour trước 7 ngày khởi hành mất 50% giá vé.\\n- Huỷ tour truoc 5 ngày khởi hành mất 70% giá vé.\\n- Huỷ tour trước 3 ngày khởi hành mất 100% giá vé.', '- Lưu ý : không nhận du khách quốc tế.\\n- Thứ tự các điểm tham quan theo chương trình HDV có thể thay đổi tùy theo thời tiết và các vấn đề khách quan khác mà vẫn đảm bảo đầy đủ các điểm tham quan.\\n- Tour mang tính chất là tour ghép lẻ,vì vậy Tour sẽ thực hiện nếu có đủ lượng khách.Trường hợp,không đủ khách để khởi hành Công Ty sẽ hoàn 100% tiền lại cho khách và không đền bù chi phí thiệt hại phát sinh nếu có. Mong quý khách lưu ý !\\n- Trong trường hợp khách hàng dẫn theo trẻ em dưới 15 tuổi (không phải con ruột) đi cùng trong chương trình, phải mang theo Giấy Ủy Quyền của cha mẹ, có xác nhận của chính quyền địa phương.\\n- Trẻ em phải đi cùng cha mẹ khi đi phải mang theo giấy khai sinh hoặc hộ chiếu.\\n- Du khách có mặt tại điểm đón trước 30 phút. Du khách đến trễ khi xe đã khởi hành hoặc hủy tour không báo trước vui lòng chịu phí như ‘hủy vé ngay ngày khởi hành’.\\n- Du khách mang theo giấy CMND hoặc Hộ chiếu (Bản chính), nên mang theo hành lý gọn nhẹ, không mang vali lớn.\\n- Du khách tự quản lý tiền bạc tư trang trong qua trình tham quan du lịch.\\n- Khi đăng ký, quý khách vui lòng cung cấp đầy đủ Họ tên và năm sinh.', '1000000', '3260000', '3260000', 'ganh-da-dia-360x225.jpg', 'mui-dien-750x390.jpg', 'Về với vùng đất Nam Trung Bộ, Nơi có Xứ Nẫu Thân Thương', 'Đến Quy Nhơn trải nghiệm những hành trình hấp dẫn như Kỳ Co nước trong xanh màu ngọc bích được mệnh danh là “Maldives của Việt Nam”; Trung Lương – “Jeju Việt Nam” với hàng dương rì rào, những eo núi uốn lượn, bãi biển cát trắng; Eo Gió vừa lãng mạn vừa hùng vĩ để ngắm hoàng hôn; Hòn Khô nước trong vắt. Phú Yên vùng đất \'Tôi thấy hoa vàng trên cỏ xanh\' trở thành điểm nổi bật cho chuyến du lịch hè đáng nhớ cho du khách mọi miền. Không chỉ mang nét duyên của thành phố ôm trọn hai ngọn núi, Phú Yên còn mê đắm lòng người ở những đầm nước trong vắt, những bãi biển bao la, ghềnh Đá Đĩa kỳ thú. Cùng iVIVU khám phá ngay hôm nay! \\nĐặt đoàn riêng liên hệ 028 3933 8002 hoặc hotline 0906 355 542 để có giá tốt ', 'Những trải nghiệm thú vị trong chương trình', 'Xứ Nẫu vùng đất đầy Nắng và Gió nổi bật lên bởi:\\n- Bãi tắm Kỳ Co – Một bãi tắm còn hoang sơ, trong sạch.\\n- Eo Gió phóng tầm mắt ra xa, quý khách chiêm ngưỡng bao quát cả vùng biển bao la rộng lớn, đắm say lòng người.\\n- Gành Đá Dĩa, ngắm những khối đá xô lệch bởi bàn tay tạo hóa trầm mặc ngàn năm nghe sóng vỗ.\\n- Mũi Điện Đại Lãnh – là nơi Cực Đông của Tổ Quốc, nơi đón ánh mặt trời đầu tiên.');
INSERT INTO `booking_db`.`tours` (`id_tour`, `id_start_city`, `id_destination_city`, `id_tour_transportation`, `id_theme_tour`, `score`, `number_of_reviews`, `name`, `code`, `number_of_days`, `number_of_nights`, `term_surcharge`, `term_price_included`, `term_price_not_included`, `term_cancelling`, `term_note`, `term_single_room_surchage_price`, `price_per_adult`, `price_per_child`, `thumbnail`, `image`, `introduction_heading`, `introduction`, `description_heading`, `description`) VALUES (3, 64, 43, 57, 2, 0.0, 0, 'Tour Miền Bắc 4N3D: Sài Gòn - Hạ Long - Ninh Bình - Tam Chúc - Hà Nội', 'TO1327', 4, 3, '- Phụ thu phòng đơn: 1.200.000 vnđ/khách\\n- Phụ thu ngoại quốc: 500.000 vnd/ khách\\n- Em bé dưới 2 tuổi: 300.000 vnd/bé ( phí đi máy bay).\\n- Dưới 05: Sử dụng dịch vụ chung với người lớn. Chi phí phát sinh trên tour gia đình tự chi trả. Hai người lớn chỉ được kèm theo 01 trẻ. Nếu có trẻ thứ hai đi kèm, vui lòng tính giá như trẻ từ 5- đến 11 tuổi.\\n- Từ 05 – dưới 11 tuổi: ngủ ghép với gia đình. Hai người lớn chỉ được kèm theo 01 trẻ, từ trẻ thứ hai tính giá như người lớn.\\n- Từ 11 tuổi trở lên: giá tour như người lớn.', 'Vận chuyển:\\n- Xe du lịch từ 16 đến 45 chỗ đời mới máy lạnh, phục vụ suốt tuyến.\\n- Vé Máy Bay Khứ Hồi: Hcm –Vân Đồn/ Hà Nội - HCM ( Vietjet Air: 7kg hành lý xách tay + 20kg hành lý kí gửi/chặng)\\n- Tàu tham quan Vịnh Hạ Long. \\nLưu trú:\\n- Khách sạn 3 sao: Tiêu chuẩn 2,3 khách/ phòng.\\nKhác:\\n- Ăn uống theo chương trình tham quan.\\n- HDV: Đoàn có HDV tiếng việt thuyết minh và phục vụ đoàn tham quan suốt tuyến.\\n- Tham quan: Giá tour đã bao gồm phí vào cổng tại các điểm tham quan theo chương trình.\\n- Quà tặng: nón du lịch, nước đóng chai, khăn ướt.\\n- Bảo hiểm: Bảo hiểm du lịch theo quy định của bảo hiểm bảo minh 20.000.000vnđ/vụ.', '- Tiền TIP cho HDV + Tài xế địa phương\\n- Chi phí cá nhân ngoài chương trình: giặt ủi, điện thoại, minibar…\\n- VAT (Thuế giá trị gia tăng): Nếu du khách có nhu cầu lấy hóa đơn đỏ. Vui lòng phụ thu thêm 10% theo giá tour.\\n- Vé cáp treo KDL Yên Tử : 200.000vnđ/khách giá áp dụng đến hết 31/8. Sau đó giá vé là 350.000vnđ.', 'Chính sách hủy:\\nNếu hủy tour, Quý khách thanh toán các khoản lệ phí hủy tour sau:\\n- Hủy tour sau khi đăng kí: 75% giá tour.\\n- Trước ngày đi 20 Ngày: 90% giá tour.\\n- Trước ngày đi 0-19 ngày: 100% giá tour.', 'QUÝ KHÁCH VUI LÒNG CHUẨN BỊ GIẤY TỜ TÙY THÂN ĐỂ ĐI MÁY BAY:\\n- Người từ 14 tuổi trở lên phải có: Chứng minh nhân dân gốc hoặc hộ chiếu gốc hoăc bằng lái xe gốc, còn mới, còn hạn sử dụng\\n- Trẻ em dưới 14 tuổi phải có: giấy khai sinh bản gốc hoặc hộ chiếu gốc.', '1200000', '7289000', '7289000', 'ivivu-chua-tam-chuc-360x225.jfif', 'ivivu-kdl-tam-chuc-750x390.jfif', 'Hành Trình \'Nơi Mơ Đến - Chốn Mong Về\'', 'Với hành trình 4 ngày tại Phương Bắc, không những mang nét đặc sắc về kiến trúc, cảnh quan thiên nhiên, mà nơi đây còn chứa đựng giá trị tâm linh, phật tích quý báu qua nhiều năm lịch sử. Đặc trưng trong chương trình hành hương vãng cảnh chùa cầu may mắn, bình an, phước lộc cho gia đình,... là một trong những nét văn hóa đặc trưng đã có từ bao đời nay của người Việt. Cùng iVIVU khám phá ngay hôm nay! ', 'Những trải nghiệm thú vị trong chương trình', 'Hành trình đầy thú vị bởi du khách được cảm nhận:\\n- Trải nghiệm hành trình du lịch miền bắc.\\n- Tìm hiểu lịch sử văn hóa, đời sống, con người, thắng cảnh từng vùng đi qua.\\n- Chùa Tam Chúc – ngôi chùa lớn nhất nhất thế giới\\n- Thưởng thức đặc sản: Hạ Long, Ninh Bình, Hà Nội.');
INSERT INTO `booking_db`.`tours` (`id_tour`, `id_start_city`, `id_destination_city`, `id_tour_transportation`, `id_theme_tour`, `score`, `number_of_reviews`, `name`, `code`, `number_of_days`, `number_of_nights`, `term_surcharge`, `term_price_included`, `term_price_not_included`, `term_cancelling`, `term_note`, `term_single_room_surchage_price`, `price_per_adult`, `price_per_child`, `thumbnail`, `image`, `introduction_heading`, `introduction`, `description_heading`, `description`) VALUES (4, 64, 58, 57, 2, 0.0, 0, 'Tour Miền Trung 4N3D: Quy Nhơn - Phú Yên (VNA)', 'TO1458', 4, 3, '- Phụ thu phòng đơn: 1.150.000 vnđ/khách.\\n- Em bé dưới 02 tuổi: 500.000 VNĐ/BÉ bao gồm có thuế phí hàng không, bảo hiểm (Không bao gồm ghế ngồi trên xe)nhưng 2 vợ chồng chỉ được kèm 01 em bé dưới 02 tuổi, nếu bé thứ 02 tính giá trẻ em theo khung từ 2 đến dưới 5 tuổi.\\n- Em Bé từ 02 tuổi đến dưới 05 tuổi: giá tour theo khung giá bên trên (02 vợ chồng được kèm theo 1 Bé, Bé thứ 2 cần mua theo xuất người lớn để đảm bảo chỗ ngủ phù hợp). Tiêu chuẩn Em Bé có ghế ngồi trên xe và ngủ chung với Cha Mẹ. Các chi phí ăn uống tham quan có phát sinh gia đình tự lo cho Bé.\\n- Trẻ em từ 06 tuổi đến dưới 11 tuổi: giá tour theo khung giá bên trên (02 vợ chồng được kèm theo 1 Trẻ, Trẻ Em thứ 2 cần mua theo xuất người lớn để đảm bảo chỗ ngủ phù hợp). Tiêu chuẩn Trẻ Em có ghế ngồi trên xe, suất ăn như người lớn, bảo hiểm và ngủ chung với Cha Mẹ.\\n- Từ 11 tuổi trở lên được xem như người lớn.', 'Vận chuyển:\\n- Vé máy bay và hành lý khứ hồi (10kg xách tay + 23kg kí gửi) SGN - UIH/ TBB - SGN hãng hàng không Vietnam Airlines.\\n- Xe 16-45 chỗ đời mới chuyên phục vụ khách du lịch, máy lạnh suốt tuyến, tài xế nhiều năm kinh nghiệm…\\n- Cano hoặc tàu đưa đón ra đảo hòn Khô\\nLưu trú:\\n- Tiêu chuẩn 2 khách/phòng, phòng 3 sẽ được bố trí khi cần thiết.\\n- Khách sạn tiêu chuẩn 3 sao: Quy Nhơn, Tuy Hoà hoặc tương đương.\\nKhác:\\n- Ăn uống theo như trong chương trình tham quan.\\n- Tham quan: Vé tham các thẳng cảnh trong chương trình.\\n- Hướng dẫn viên: Tiếng Việt, vui vẻ, nhiệt tình phục vụ theo chương trình.\\n- Quà tặng: Nón du lịch, nước uống trên xe: 01 chai/khách/ngày.\\n- Bảo hiểm: Quý khách được tham gia bảo hiểm khi đi du lịch, mức bồi thường tối đa: 50.000.000 VNĐ/1 trường hợp.', '- Thuế VAT 10%\\n- Chi phí điện thoại cá nhân, ăn uống ngoài chương trình.', 'Chính sách hủy:\\n- Nếu quý khách huỷ vé sau khi đăng kí tour sẽ bị mất 100% tiền cọc\\n- Nếu quý khách huỷ trước ngày khởi hành 30 ngày: chịu phí 50% chi phí tour.\\n- Nếu quý khách hủy trước ngày khởi hành 20 ngày: chịu phí 75% chi phí tour.\\n- Nếu quý khách huỷ trước ngày khởi hành 10 ngày: chịu phí 100% chi phí tour.\\n- Giai đoạn Lễ/Tết: không hoàn, không hủy, không đổi.', '- Thứ tự các điểm tham quan trong chương trình có thể thay đổi cho phù hợp với tình hình thực tế. Nhưng không hủy bỏ hoặc thay đổi mà không có sự thỏa thuận với Đoàn.\\n- Khách trên 14 tuổi bắt buộc mang theo Chứng minh nhân dân không quá 15 năm kể từ ngày cấp, hoặc giấy phép lái xe rõ hình rõ chữ hoặc passport còn hạn trên 6 tháng đối với người Việt Nam. Đối với người nước ngoài mang theo passport còn hạn trên 6 tháng.(đặc biệt quan trọng)\\n- Khách dưới 14 tuổi bắt buộc mang theo Giấy khai sanh bản chính hoặc sao y bản chính cho trẻ em chưa có giấy chứng minh nhân dân hoặc passport. (đặc biệt quan trọng)\\n- Đặc biệt, khách trên 14 tuổi nhưng chưa có Chứng minh nhân dân thì sẽ làm giấy xác nhận nhân thân có chứng nhận của Uỷ Ban Phường để được làm thủ tục bay.', '1150000', '4690000', '4690000', 'quynhon11-360x225.jpg', 'ivivu-quy-nhon-bia2-750x390.jfif', 'Quê Hương Xứ Nẫu', 'Sau cơn sốt được tạo nên từ bộ phim \'Tôi thấy hoa vàng trên cỏ xanh\', Phú Yên - Bình Định trở thành điểm nổi bật cho chuyến du lịch hè đáng nhớ cho du khách mọi miền. Không chỉ mang nét duyên của thành phố ôm trọn hai ngọn núi, Phú Yên còn mê đắm lòng người ở những đầm nước trong vắt, những bãi biển bao la, ghềnh Đá Đĩa kỳ thú. Qua đến Quy Nhơn trải nghiệm những hành trình hấp dẫn như Kỳ Co nước trong xanh màu ngọc bích được mệnh danh là “Maldives của Việt Nam”; Trung Lương – “Jeju Việt Nam” với hàng dương rì rào, những eo núi uốn lượn, bãi biển cát trắng; Eo Gió vừa lãng mạn vừa hùng vĩ để ngắm hoàng hôn; Hòn Khô nước trong vắt. Cùng iVIVU trải nghiệm kỳ nghỉ đáng nhớ tại vùng đất này ngay hôm nay!', 'Những trải nghiệm thú vị trong chương trình', 'Nổi bật lên giữa miền Trung đầy nắng và gió, Phú Yên - Quy Nhơn thu hút du khách bởi...\\n- Khu du lịch Ghềnh Ráng: Có sự kết hợp hài hòa giữa trời, mây, non nước, một bên là biển mênh mông, một bên là núi đá muôn hình vạn trạng. Từ Ghềnh Ráng, du khách có thể ngắm nhìn gần trọn hết vẻ đẹp đầy sức sống của phố biển Quy Nhơn.\\n- Bãi tắm Kỳ Co: với dải cát vàng ôm lấy biển, bọc thành một hình cung, mềm mại như dải lụa uốn lượn, ôm trọn lấy làn nước trong xanh tận đáy khiến du khách mẩn mê.\\n- Gành Đá Dĩa: Một tập hợp các trụ đá hình lăng trụ xếp liền nhau, hòn nọ nối hòn kia trên một bãi đá trải rộng màu đen huyền bí, kề với sóng nước. Nhìn từ xa, Ghềnh Đá trông giống một tổ ong thiên tạo khổng lồ.\\n- Mũi Điện Đại Lãnh: Du khách phải ngỡ ngàng trước vẻ đẹp đầy thanh bình trong khoảnh khắc bóng tối vỡ òa, nhường bước cho những tia nắng đầu tiên của ngày mới, nơi đón những ánh bình minh đầu tiên trên cả nước.');
INSERT INTO `booking_db`.`tours` (`id_tour`, `id_start_city`, `id_destination_city`, `id_tour_transportation`, `id_theme_tour`, `score`, `number_of_reviews`, `name`, `code`, `number_of_days`, `number_of_nights`, `term_surcharge`, `term_price_included`, `term_price_not_included`, `term_cancelling`, `term_note`, `term_single_room_surchage_price`, `price_per_adult`, `price_per_child`, `thumbnail`, `image`, `introduction_heading`, `introduction`, `description_heading`, `description`) VALUES (5, 64, 59, 33, 2, 0.0, 0, 'Tour Hành Hương Miền Tây 3N2D: Du Xuân Châu Đốc - Trà Sư - Cần Thơ (Tết)', 'TO1430', 3, 2, '- Phụ thu phòng đơn: 750.000 vnđ/khách/tour.\\n- Phụ thu ngoại quôc 300.000 vnd/ khách.\\n- Dưới 05 tuổi: Miễn phí (chi phí phát sinh trên tour gia đình tự chi trả). Hai người lớn chỉ được kèm theo 01 trẻ, từ trẻ thứ hai tính 50% giá tour.\\n- Từ 05 – dưới 11 tuổi: 50% giá tour người lớn, ngủ ghép với gia đình. Hai người lớn chỉ được kèm theo 01 trẻ, từ trẻ thứ hai tính giá như người lớn.\\n- Từ 11 tuổi trở lên: giá tour như người lớn.', 'Vận chuyển:\\n- Xe du lịch 29, 35, 45 chỗ đời mới máy lạnh, tivi, ghế bật.\\nLưu trú:\\n- Tiêu chuẩn 2, 3, 4 khách/ phòng. Tiện nghi: tivi, nước nóng, vệ sinh…(Khách sạn tiêu chuẩn 2 sao và 3 sao). \\nKhác:\\n- Ăn sáng: Ngày đầu dùng: tô, ly. Ngày sau dùng Buffet.\\n- Ăn trưa + tối: 5 bữa tại nhà hàng địa phương hợp vệ sinh.\\n- Đoàn có HDV tiếng Việt thuyết minh và phục vụ  tham quan suốt tuyến.\\n- Bảo hiểm du lịch theo quy định 1000.000.000vnđ/vụ\\n- Giá tour đã bao gồm phí vào cổng tại các điểm tham quan theo chương trình.\\n- Khăn ướt + nước đóng chai.', '- Tiền TIP cho HDV + Tài xế địa phương , VAT\\n- Chi phí cá nhân ngoài chương trình: giặt ủi, điện thoại, minibar…\\n- Chi phí phụ thu phòng đơn. ', 'Chính sách hủy:\\n- Nếu hủy tour, Quý khách thanh toán các khoản lệ phí hủy tour sau:\\n- Hủy tour sau khi đăng kí: 50% giá tour.\\n- Trước ngày đi 15 Ngày: 70% giá tour.\\n- Trước ngày đi 7-10 ngày: 85% giá tour.\\n- Trước ngày đi 0-6 Ngày: 100% giá tour.', '- Trong trường hợp khách hàng dẫn theo trẻ em dưới 15 tuổi (không phải con ruột) đi cùng trong chương trình, phải mang theo Giấy Ủy Quyền của cha mẹ, có xác nhận của chính quyền địa phương.\\n- Trẻ em phải đi cùng cha mẹ khi đi phải mang theo giấy khai sinh hoặc hộ chiếu.\\n- Du khách có mặt tại điểm đón trước 30 phút. Du khách đến trễ khi xe đã khởi hành hoặc hủy tour không báo trước vui lòng chịu phí như ‘hủy vé ngay ngày khởi hành’\\n- Du khách mang theo giấy CMND hoặc Hộ chiếu (Bản chính), nên mang theo hành lý gọn nhẹ, không mang vali lớn.\\n- Du khách tự quản lý tiền bạc tư trang trong qua trình tham quan du lịch.\\n- Khi đăng ký, quý khách vui lòng cung cấp đầy đủ Họ tên và năm sinh.\\n- Đối với du khách là Việt kiều, Quốc tế nhập cảnh Việt Nam bằng visa rời, vui lòng mang theo tờ khai hải quan và visa khi đi tour.', '750000', '2686000', '1343000', 'ivivu-cho-noi-dau-nam-bia-360x225.jfif', 'ivivu-ben-ninh-kieu-can-tho-bia-750x390.jfif', 'Du Xuân Hành Hương Hái Lộc Đầu Năm', 'Miếu Bà Chúa Xứ thu hút du khách du lịch miền Tây không chỉ bởi sự linh thiêng, nơi đây còn là một khu du lịch có kiến trúc tuyệt đẹp, nên thơ, khí hậu trong lành, cây cối xanh tươi, núi rừng bao la, trùng điệp, vẻ đẹp làm rung động lòng người. Về thăm viếng nơi đây, quý khách sẽ cảm thấy lòng mình thật thư thái, nhẹ nhàng đến lạ thường. Đi lễ chùa cầu gia đạo bình an cũng là một hành động vô cùng ý nghĩa dành cho những người thân yêu trong gia đình. Đầu năm cùng gia đình du xuân hành hương để mang nhiều may mắn cho gia đình. Cùng iVIVU khám phá ngay hôm nay! ', 'Những trải nghiệm thú vị trong chương trình', 'Đầu năm du xuân cùng gia đình người thân qua chuyến đi tour miền tây quý khách được đặt chân đến:\\n- Bến Ninh Kiều - một cái tên thơ mộng và đơn sơ nhưng đi sâu vào lòng người Cần Thơ và khách phương xa, trở thành một địa danh du lịch nổi tiếng cả nước.\\n- Miếu Bà Chúa Xứ ( Vĩnh Tế, TP Châu Đốc, An Giang) là một di tích nổi tiếng của vùng Đồng bằng sông Cửu Long (ĐBSCL). Đây được coi là một ngôi chùa linh thiêng, là điểm đến của các du khách, đặc biệt vào mỗi dịp Tết đến, Xuân về.\\n- Chợ nổi Cái Răng ở Cần Thơ là khu chợ sầm uất, tiêu biểu nhất của vùng Đồng Bằng Sông Cửu Long.\\n- Rừng Tràm Trà Sư du khách sẽ được tận hưởng không gian trong lành, xanh mướt, nơi đây có hệ sinh thái điển hình ở vùng ngập nước, là điểm du lịch thu hút được nhiều du khách check in lý tưởng. ');
INSERT INTO `booking_db`.`tours` (`id_tour`, `id_start_city`, `id_destination_city`, `id_tour_transportation`, `id_theme_tour`, `score`, `number_of_reviews`, `name`, `code`, `number_of_days`, `number_of_nights`, `term_surcharge`, `term_price_included`, `term_price_not_included`, `term_cancelling`, `term_note`, `term_single_room_surchage_price`, `price_per_adult`, `price_per_child`, `thumbnail`, `image`, `introduction_heading`, `introduction`, `description_heading`, `description`) VALUES (6, 64, 61, 41, 2, 0.0, 0, 'Tour Cao Cấp Đà Nẵng 3N2D: HCM - Bảo Tàng Chăm - Hội An - Bà Nà (Tết)', 'TO1426', 3, 2, '- Phụ thu phòng đơn: 600.000 vnđ/khách/tour \\n- Trẻ em dưới 02 tuổi: 30% giá người lớn. Cha, Mẹ hoặc người thân đi kèm tự lo các chi phí ăn, ngủ, tham quan (nếu có) cho bé.\\n- Trẻ em từ 02 – dưới 12 tuổi: 85% giá người lớn, ngủ chung với bố mẹ. Hai người lớn chỉ được kèm 1 trẻ em, trẻ em thứ 2 trở lên Cha Mẹ mua thêm 1 suất giường đơn như giá người lớn.\\n- Trẻ em từ 12 tuổi trở lên: 100% giá tour và tiêu chuẩn như người lớn.', 'Vận chuyển:\\n- Vé máy bay khứ hồi TP.HCM – Đà Nẵng – TP.HCM (Vietjet Air bao gồm 7kg xách tay và 20kg ký gửi)\\n- Xe tham quan (xe 16 chỗ, 29 chỗ, 35 chỗ, 45 chỗ) tùy theo số lượng khách thực tế trên chuyến đi.\\n- Cap treo Bà Nà. \\nLưu trú:\\n- Khách sạn 4* đầy đủ tiện nghi 2 khách người lớn/ phòng. Nếu lẻ người thứ 3, đóng phụ phí phòng đơn hoặc ngủ ghép phòng 3 khách.\\n- Các bữa ăn theo chương trình\\n- Vé tham quan theo chương trình.\\n- Hướng dẫn viên chuyên nghiệp vui vẻ nhiệt tình.\\n- Quà tặng: nón du lịch.\\n- Bảo hiểm với mức bồi thường tối đa 30.000.000 đồng/trường hợp.', '- Bia hay nước ngọt trong các bữa ăn.\\n- Chi phí cá nhân: điện thoại, giặt ủi…\\n- Thuế VAT\\n- Chi phí phụ thu phòng đơn.', 'Chính sách hủy:\\nMọi sự thay đổi liên quan đến vé đã xuất: ngày giờ đi, tên hành khách, hủy vé, quý khách vui lòng chịu chi phí theo qui định sau:\\n- Ngay sau khi đặt cọc hoặc thanh toán hoặc trước 30 ngày: phí hủy 35% tổng giá tour\\n- Hủy từ 15 - 29 ngày trước ngày khởi hành: phí hủy 70% tổng giá tour\\n- Hủy từ 07 - 14 ngày trước ngày khởi hành: phí hủy 100% tổng giá tour\\n- Việc huỷ bỏ chuyến đi phải được thông báo trực tiếp với Công ty hoặc qua fax, email, tin nhắn và phải được Công ty xác nhận. Việc huỷ bỏ bằng điện thoại không được chấp nhận.\\n- Các ngày đặt cọc, thanh toán, huỷ và dời tour: không tính thứ 7, Chủ Nhật.\\nChính sách đổi:\\n- Sau khi đăng ký, thanh toán ít nhất 50% tiền cọc và đóng hết 100% trước khởi hành 15 ngày. Khi đến ngày thanh toán đủ 100% tổng giá trị tiền tour, nếu Quý khách không thanh toán đúng hạn và đúng số tiền được xem như Quý khách tự ý huỷ tour và mất hết số tiền đã đặt cọc giữ chỗ.\\n- Khi đăng ký tour khách hàng bắt buộc phải gởi giấy tờ tùy thân cho đơn vị du lịch để vào tên xuất vé và mua bảo hiểm du lịch. Những giấy tờ cá nhân của khách hàng (CMND hoặc Passport) thuộc về trách nhiệm của khách hàng. Mọi vấn đề như hình ảnh, thông tin giấy tờ trong bản gốc bị mờ, không rõ ràng; Passport, CMND hết hạn,…không đúng quy định của pháp luật Việt Nam, Du Lịch Viêt Nam TravelMart sẽ không chịu trách nhiệm và sẽ không hoàn trả bất cứ chi phí phát sinh nào.\\n- Khi đăng ký tour du lịch, Quý khách vui lòng đọc kỹ chương trình, giá tour, các khoản bao gồm cũng như không bao gồm, các điều kiện hủy tour trong chương trình. Trong trường hợp Quý khách không trực tiếp đến đăng ký tour mà do người khác đến đăng ký thì Quý khách vui lòng tìm hiểu kỹ chương trình từ người đăng ký cho mình.\\n- Vé Máy Bay / vé xe lửa / vé tàu cao tốc được xuất ngay sau khi quý khách đăng ký, thanh toán, xác nhận thông tin cá nhân (họ tên, ngày tháng năm sinh…) và có những điều kiện vé như sau: Không được đổi tên, hoàn vé, hủy vé, thay đổi ngày, thay đổi hành trình.', '- Trẻ em (dưới 14 tuổi):  Khi đi du lịch mang theo giấy khai sinh (bản chính hoặc sao y có thị thực còn hạn sử dụng) để làm thủ tục hàng không.\\n- Quý khách từ 14 tuổi bắt buộc phải có CMND hoặc Passport (còn hạn sử dụng), KHÔNG SỬ DỤNG GIẤY KHAI SINH. Nếu trẻ em từ 14 tuổi chưa có CMND hoặc Passport bắt buộc phải có Giấy xác nhận nhân thân (Có xác nhận chính quyền (còn hạn sử dụng)) + Giấy khai sinh.\\n- Đối với khách Nước ngoài/Việt Kiều: Khi đi tour vui lòng mang theo hộ chiếu bản chính (Passport) kèm thị thực nhập cảnh (visa) hoặc thẻ xanh kèm thị thực nhập cảnh (visa dán vào hộ chiếu hoặc tờ rời hoặc cuốn miễn thị thực, các loại giấy tờ này phải có dấu nhập cảnh Việt Nam và còn hạn sử dụng làm thủ tục lên máy bay theo qui định hàng không). \\n- Quý khách khi đăng ký cung cấp tên theo giấy tờ tùy thân nào, khi đi tour mang theo giấy tờ tùy thân đó. \\nLưu ý khác: \\n- Thông tin hành lý khi đi tour, xách tay dưới 7kg/1khách – kích thước không quá: 56cm x 36cm x 23 cm, chất lỏng với thể tích không quá 100ml. Ký gửi – kích thước không quá: 119cm x 119cm x 81cm. Các vật phẩm không được chấp nhận dưới dạng hành lý ký gởi hoặc vận chuyển trong hành lý theo quy định hàng không.\\n- Do tính chất là đoàn ghép khách lẻ, công ty du Lịch sẽ có trách nhiệm nhận khách đăng ký cho đủ đoàn (10 khách người lớn trở lên) thì đoàn sẽ khởi hành đúng lịch trình. Nếu số lượng đoàn dưới 10 khách, công ty có trách nhiệm thông báo cho khách trước ngày khởi hành 3 ngày và sẽ thỏa thuận lại ngày khởi hành mới hoặc hoàn trả toàn bộ số tiền đã đặt cọc tour.\\n- Trong những trường hợp bất khả kháng như: khủng bố, bạo động, thiên tai, lũ lụt… Tuỳ theo tình hình thực tế và sự thuận tiện, an toàn của khách hàng, công ty Du Lịch sẽ chủ động thông báo cho khách hàng sự thay đổi như sau: huỷ hoặc thay thế bằng một chương trình mới với chi phí tương đương chương trình tham quan trước đó. Trong trường hợp chương trình mới có phát sinh thì Khách hàng sẽ thanh toán khoản phát sinh này. Tuy nhiên, mỗi bên có trách nhiệm cố gắng tối đa, giúp đỡ bên bị thiệt hại nhằm giảm thiểu các tổn thất gây ra vì lý do bất khả kháng.…\\n- Đối với sự thay đổi lịch trình, giờ bay do lỗi của hãng hàng không, tàu hoả, tàu thuỷ, công ty du lịch sẽ không chịu trách nhiệm bất kỳ phát sinh nào do lỗi trên như: phát sinh bữa ăn, nhà hàng, khách sạn, phương tiện di chuyển, hướng dẫn viên…. \\n- Do các chuyến bay phụ thuộc vào các hãng Hàng Không (Vietnam, Vietjet, Pacific Airlines,..) nên trong một số trường hợp giá vé, chuyến bay, giờ bay có thể thay đổi mà không được báo trước. T&u', '600000', ' 5990000', '5091500', 'ivivu-da-nang-bia1-360x225.jfif', 'ivivu-cau-rong-da-nang-bia-750x390.jfif', 'Đà Nẵng - Vùng Đất Miền Trung Đáng Sống', 'Đà Nẵng là một trong 20 thành phố sạch nhất thế giới. Nằm ở vùng Nam Trung Bộ, Đà Nẵng có cả núi, đồng bằng và biển. Các điểm tham quan du lịch nổi tiếng khi du lịch Đà Nẵng bao gồm khu du lịch Bà Nà, bãi biển Mỹ Khê, và khu vui chơi giải trí trong nhà Fantasy Park lớn nhất châu Á. Đà Nẵng còn có nhiều thắng cảnh mê hồn như đèo Hải Vân, rừng nguyên sinh ở bán đảo Sơn Trà và Ngũ Hành Sơn. Cùng iVIVU khám phá ngay hôm nay!', 'Những trải nghiệm thú vị trong chương trình', 'Đà Nẵng nổi bật lên giữa miền Trung bởi...\\n- Ngũ Hành Sơn hay núi Non Nước là một thắng cảnh nổi tiếng, trong ký ức của nhiều người đây còn là vùng “địa linh” của xứ Quảng xưa nay.\\n- Phố cổ Hội An như một bức tranh mộc mạc, giản dị và nên thơ, từng là một thương cảng quốc tế sầm uất, đã được UNESCO công nhận là di sản văn hóa thế giới năm 1999.\\n- Bà Nà Núi Chúa: khu nghỉ dưỡng trên đỉnh núi xinh đẹp như bao trọn toàn bộ các dịch vụ vui chơi, giải trí cả nước nơi đây.');
INSERT INTO `booking_db`.`tours` (`id_tour`, `id_start_city`, `id_destination_city`, `id_tour_transportation`, `id_theme_tour`, `score`, `number_of_reviews`, `name`, `code`, `number_of_days`, `number_of_nights`, `term_surcharge`, `term_price_included`, `term_price_not_included`, `term_cancelling`, `term_note`, `term_single_room_surchage_price`, `price_per_adult`, `price_per_child`, `thumbnail`, `image`, `introduction_heading`, `introduction`, `description_heading`, `description`) VALUES (7, 64, 59, 37, 2, 0.0, 0, 'Tour Miền Tây 4N3D: HCM - Mỹ Tho - Cần Thơ - Côn Đảo Tết Tân Sửu', 'TO1449', 4, 3, '- Phụ thu phòng đơn: 1.690.000 vnđ/khách/tour \\n- Dưới 05 tuổi: miễn phí hoàn toàn (bố mẹ tự chăm sóc, phát sinh bố mẹ tự thanh toán).\\n- Từ 05 – 10 tuổi: theo giá tour trên web. \\n- Từ 11 tuổi trở lên: bằng giá tour người lớn.', 'VẬN CHUYỂN:\\n- Xe ô tô du lịch đời mới điều hòa, lái xe chuyên nghiệp (kinh nghiệm nhiệt tình, văn minh, lịch sự).\\n- Xe giường nằm  TP HCM - Sóc Trăng - TP HCM (đón tại BXMT)\\n- Vé tàu cao tốc khứ hồi Sóc Trăng – Côn Đảo – Sóc Trăng.\\nLƯU TRÚ:\\nTiêu chuẩn khách sạn 2 khách /phòng (Trường hợp lẻ nam/nữ khách ngủ ghép phòng 3)\\n+ Khách sạn 2 sao: Con Sơn Victory hoặc tương đương.\\n+ Khách sạn 4 sao Cần Thơ:  TTC Cần Thơ.\\n+ Khách sạn 4 hoặc 5 sao Bạc Liêu: New Place hoặc SG – Bạc Liêu.\\nKHÁC:\\n- Ăn uống theo chương trình tham quan. Các bữa ăn được thay đổi nhà hàng khác nhau để du khách không nhàm chán.\\n- Hướng dẫn viên chuyên nghiệp đón đoàn tại bến tàu Cảng Bến Đầm và phục vụ theo hành trình.\\n- Vé thăm quan thắng cảnh tại tất cả các điểm thăm quan theo chương trình.\\n- Bảo hiểm du lịch: 20.000.000đ', '- Ăn uống, tham quan ngoài chương trình, điện thoại, giặt ủi và các chi phí tắm biển, giải trí cá nhân.\\n- Tips dành cho hướng dẫn, tài xế và nhân viên phục vụ nhà hàng, khách sạn.\\n- Chi phí phòng đơn.\\n- 10% VAT', 'Chính sách hủy:\\n- Huỷ sau khi đăng ký tour: 10% giá trị tour.\\n- Huỷ trước 07 ngày khởi hành: 50% giá trị tour.\\n- Huỷ trước 03 ngày khởi hành: 100% giá trị tour.\\n- Huỷ do thiên tai/ thời tiết tàu không khởi hành được: Công ty du lịch hoàn lại tiền tour khách đã thanh toán.\\nĐiều Kiện Hủy Tết: \\n- Huỷ sau khi đăng ký tour: 30% giá trị tour.\\n- Huỷ trước 10 ngày khởi hành: 50% giá trị tour.\\n- Huỷ trước 07 ngày khởi hành: 100% giá trị tour.', '- Vé tàu cao tốc có thể thay đổi về thời gian theo quy định hiện hành.\\n- Chương trình tham quan có thể linh động thay đổi theo giờ bay và điều kiện thời tiết thực tế.\\n- Giờ nhận phòng khách sạn: 14:00 giờ và trả phòng trước 12:00 giờ.\\n- Khách ngoại quốc, Việt Kiều mang hộ chiếu, visa (còn hạn).\\n- Khách Việt Nam mang theo chứng minh nhân dân (không quá hạn 15 năm).\\n- Trẻ em mang theo bản sao giấy khai sinh.\\nLƯU Ý THAM GIA TOUR:\\n- Khi tham gia chương trình tour, quý khách vui lòng mang theo giấy tờ tùy thân (bản chính đối với khách Việt Nam là CMND (rõ ảnh, còn hạn dưới 15 năm) hoặc Giấy phép lái xe (rõ ảnh, còn hạn sử dụng) hoặc Passport (còn hạn trên 1 tháng) hoặc các loại giấy tờ khác theo quy định của pháp luật Việt Nam.\\n- Đối với khách Kiều bào & ngoại quốc nhập cảnh bằng visa rời, vui lòng mang theo visa, tờ khai hải quan khi đi du lịch và passport.\\n- Phải cung cấp tên chính xác theo CMND, passport, khai sinh (đ/v trẻ em dưới 14 tuổi). Cung cấp ngày tháng năm sinh của trẻ em dưới 12 tuổi.\\n- Trẻ em dưới 14 tuổi khi đi du lịch, vui lòng mang theo Giấy Khai Sinh (bản chính hoặc sao y có thị thực) để làm thủ tục hàng không và các thủ tục hành chính khác. Nếu không có cha hoặc mẹ đi cùng phải có giấy ủy quyền của cha mẹ và có xác nhận của Chính quyền địa phương (phường, xã).\\n- Vé Tàu Cao Tốc được xuất ngay khi Quý khách đóng tiền. Quý khách phải chịu mọi chi phí phát sinh và trách nhiệm nếu Quý khách có yêu cầu thay đổi, ngày giờ khởi hành, sai sót thông tin theo quy định của Tàu.\\n- Một số thứ tự và chi tiết trong chương trình có thể thay đổi để phù hợp với tình hình khách quan (thời tiết, giao thông …) \\nCông ty được miễn trừ trách nhiệm trong quá trình thực hiện tour nếu xảy ra các trường hợp bất khả kháng do thời tiết, thiên tai, dịch bệnh, đình công, bạo động, chiến tranh hoặc do máy bay, xe lửa, tàu thủy, xe điện bị trì hoãn hay bị hủy do thời tiết hoặc do kỹ thuật… dẫn đến tour không thể thực hiện tiếp được, Cty không chịu trách nhiệm bồi thường thêm bất kỳ chi phí nào khách. ', '1690000', '5990000', '4990000', 'ivivu-vuon-hoa-tet-mien-tay-360x225.jfif', 'ivivu-cho-noi-du-xuan-bia-748x390.jfif', 'Hành Trình Du Xuân Xuôi Về Miền Tây Sông Nước Hữu Tình', 'Du Lịch Miền Tây – Côn Đảo là những địa điểm du lịch tuyệt vời mà du khách nên đến đó ít nhất 1 lần trong đời. Tour du lịch Miền Tây nơi du khách trải nghiệm những điều tuyệt vời nơi sông nước và khung cảnh thiên nhiên gần gũi dân quê, nơi có những miệt vườn nặng trĩu căng mọng thơm nức mũi như mời gọi, những cánh đồng hoa sen bát ngát, những phiên chợ nổi Cần Thơ giao thương trao đổi đủ mọi thứ với nhau mỗi buổi sáng sớm, những khu rừng tràm xanh mướt trên con sông phủ lớp bèo li ty xanh mát. Đến với Côn Đảo bạn sẽ tận mắt trải nghiệm những khắc nghiệt mà chiến sĩ đã hy sinh phải trải qua, cùng với sự kiên cường bất khuất của những chiến sĩ trước mọi sự tra tấn dã man về thể xác của thực dân xâm lược nhưng không làm lung lay ý trí bất khuất của anh Hùng Việt Nam. Cùng iVIVU khám phá ngay hôm nay! ', 'Những trải nghiệm thú vị trong chương trình', 'Du xuân Tết cùng trải nghiệm các điểm du lịch đặc sắc: \\n- Ngắm bè cá trên sông Tiền. Tham quan làng nghề\\n- Nghe đờn ca tài tử. Tham quan vườn trái cây\\n- Vân Sơn Tự, Miếu Bà Phi Yến. Chụp ảnh tại mũi Cá Mập\\n- Tắm biển Đầm Trầu. Viếng Mộ Cô Sáu\\n- Chùa KƠ’LENG – Kiến trúc đẹp nhất Miền Tây.');
INSERT INTO `booking_db`.`tours` (`id_tour`, `id_start_city`, `id_destination_city`, `id_tour_transportation`, `id_theme_tour`, `score`, `number_of_reviews`, `name`, `code`, `number_of_days`, `number_of_nights`, `term_surcharge`, `term_price_included`, `term_price_not_included`, `term_cancelling`, `term_note`, `term_single_room_surchage_price`, `price_per_adult`, `price_per_child`, `thumbnail`, `image`, `introduction_heading`, `introduction`, `description_heading`, `description`) VALUES (8, 64, 11, 33, 2, 0.0, 0, 'Tour Cao Cấp Phan Thiết 2N1D: Đánh Golf Cùng Sealink - Đồi Cát Bay (Tết)', 'TO1444', 2, 1, '- Phụ thu phòng đơn: 800.000 vnđ/khách/tour.\\n- Dưới 05 tuổi: Miễn phí (chi phí phát sinh trên tour gia đình tự chi trả). Hai người lớn chỉ được kèm theo 01 trẻ, từ trẻ thứ hai tính 50% giá tour.\\n- Từ 05 – dưới 11 tuổi: 50% giá tour người lớn, ngủ ghép với gia đình. Hai người lớn chỉ được kèm theo 01 trẻ, từ trẻ thứ hai tính giá như người lớn.\\n- Từ 11 tuổi trở lên: giá tour như người lớn.', 'Vận Chuyển:\\n- Xe du lịch 29, 35, 45ch đời mới máy lạnh, ghế bật tham quan. \\nLưu Trú:\\n- Resort 4 sao: Tiêu chuẩn 2, 3 khách/ phòng. Tiện nghi: máy lạnh, tivi, vệ sinh…\\nKhác:\\n- Ăn uống: 02 bữa Ăn sáng: Tô + ly và buffet tại Resort, 03 bữa trưa + tối: nhà hàng địa phương tiêu chuẩn, hợp vệ sinh.\\n- Đoàn có HDV tiếng Việt thuyết minh và phục vụ Đoàn tham quan suốt tuyến.\\n- Tham quan: bao gồm phí vào cổng tại các điểm tham quan theo chương trình.\\n- Quà tặng: Khăn ướt và nước đóng chai.\\n- Bảo hiểm theo quy định của Bảo hiểm du lịch 100.000.000vnđ/vụ', '- Tiền TIP cho HDV + Tài xế,\\n- Thuế VAT, Chi phí cá nhân ngoài chương trình: giặt ủi, điện thoại, minibar…\\n- Chi phí tắm bùn khoáng, chi phí xem nhạc nước. \\n- Chi phí chênh lệch vé tham quan theo chiều cao của trẻ em tại các khu du lịch.', 'Chính sách hủy:\\nNếu hủy tour, Quý khách thanh toán các khoản lệ phí hủy tour sau: \\n- Hủy tour sau khi đăng kí: 30% giá tour.\\n- Trước ngày đi 20 Ngày: 50% giá tour.\\n- Trước ngày đi 10-19 ngày: 75% giá tour.\\n- Trước ngày đi 0-10 Ngày: 100% giá tour.', '- Quy định của Resort/ khách sạn: giờ nhận phòng: 14h00 – 15h00. Giờ trả phòng 12h00.\\n- Trong trường hợp khách hàng dẫn theo trẻ em dưới 15 tuổi (không phải con ruột) đi cùng trong chương trình, phải mang theo Giấy Ủy Quyền của cha mẹ, có xác nhận của chính quyền địa phương.\\n- Trẻ em phải đi cùng cha mẹ khi đi phải mang theo giấy khai sinh hoặc hộ chiếu.\\n- Du khách có mặt tại điểm đón trước 30 phút. Du khách đến trễ khi xe đã khởi hành hoặc hủy tour không báo trước vui lòng chịu phí như ‘hủy vé ngay ngày khởi hành’.\\n- Du khách mang theo giấy CMND hoặc Hộ chiếu (Bản chính), nên mang theo hành lý gọn nhẹ, không mang vali lớn.\\n- Du khách tự quản lý tiền bạc tư trang trong qua trình tham quan du lịch.\\n- Khi đăng ký, quý khách vui lòng cung cấp đầy đủ Họ tên và năm sinh.\\n- Đối với du khách là Việt kiều, Quốc tế nhập cảnh Việt Nam bằng visa rời, vui lòng mang theo tờ khai hải quan và visa khi đi tour.', '800000', '2186000', '1639500', 'ivivu-sealink-golf-bia-360x225.jfif', 'ivivu-lang-chai-mui-ne-bia-750x390.jfif', 'Du Xuân Trải Nghiệm Sang Trọng', 'Du lịch Phan Thiết từ trước đến nay luôn nổi tiếng với những bãi biển xanh trong và những đồi cát trải dài tít tắp. Nếu đang tìm kiếm một chuyến nghỉ ngơi ngắn ngày đến một thành phố biển xinh đẹp thì Phan Thiết là sự lựa chọn không thể tuyệt vời hơn. Một trong những điểm nhấn của sân Sea Links là khu vực tập golf. Đây là một trong những sân tập tốt nhất Việt Nam với 22 vị trí tập đánh xa và sân tập đánh ngắn, tập gạt có tầm nhìn bao quát vịnh Mũi Né. Sân golf Sea Links là một công trình độc đáo với tầm nhìn hướng ra cảnh biển mênh mông, bao quanh là quần thể Sea Links City với những tiện nghi đẳng cấp 5 sao tạo cảm giác thanh bình về một thiên đường golf và nghỉ dưỡng. Cùng iVIVU khám phá ngay hôm nay! ', 'Những trải nghiệm thú vị trong chương trình', 'Phan Thiết - thiên đường nghỉ dưỡng trong chuyến hành trình sẽ cho quý khách mang cảm giác hưởng thụ, giải lao ngắn ngày trong 1 năm lao động mệt mỏi: \\n- Sea Links Golf & Country Club: là nơi hội tụ tất cả những yếu tố của một sân links đúng nghĩa với tiêu chuẩn quốc tế.\\n- Thưởng thức hải sản tại biển Mũi Né.\\n- Đồi Cát Bay tại đây đoàn có thể tham gia trò chơi cảm giác mạnh trên đồi cát bằng cách đi máng trượt');
INSERT INTO `booking_db`.`tours` (`id_tour`, `id_start_city`, `id_destination_city`, `id_tour_transportation`, `id_theme_tour`, `score`, `number_of_reviews`, `name`, `code`, `number_of_days`, `number_of_nights`, `term_surcharge`, `term_price_included`, `term_price_not_included`, `term_cancelling`, `term_note`, `term_single_room_surchage_price`, `price_per_adult`, `price_per_child`, `thumbnail`, `image`, `introduction_heading`, `introduction`, `description_heading`, `description`) VALUES (9, 64, 43, 45, 2, 0.0, 0, 'Tour Miền Bắc 5N4D: Sài Gòn - Hà Nội - Sapa - Ninh Bình Du Xuân', 'TO1443', 5, 4, '- Phụ thu phòng đơn: 1.200.000 vnđ/khách/tour. \\n- Phụ thu người ngoại quốc: 500.000 vnđ/khách \\n- Phụ thu bé dưới 2 tuổi: 300.000 vnđ/khách \\n- Dưới 05: Sử dụng dịch vụ chung với người lớn. Chi phí phát sinh trên tour gia đình tự chi trả. Hai người lớn chỉ được kèm theo 01 trẻ. Nếu có trẻ thứ hai đi kèm, vui lòng tính giá như trẻ từ 5 đến 11 tuổi.\\n- Từ 05 – dưới 11 tuổi: ngủ ghép với gia đình. Hai người lớn chỉ được kèm theo 01 trẻ, từ trẻ thứ hai tính giá như người lớn.\\n- Từ 11 tuổi trở lên: giá tour như người lớn.', 'Vận Chuyển:\\n- Xe du lịch từ 16 đến 45 chỗ đời mới máy lạnh, phục vụ suốt tuyến.\\n- HCM –HÀ NỘI – HCM: Hãng Vietjet Air bao gồm 7 ký hành lý xách tay và 20kg hành lý kí gửi)\\n- Thuyền tham quan KDL Tràng An\\nLưu Trú:\\n- Khách sạn tiêu chuẩn 3 sao (2,3 khách/phòng)\\nKhác:\\n- Ăn uống theo chương trình tham quan\\n- Đoàn có HDV tiếng Việt thuyết minh và phục vụ Đoàn tham quan suốt tuyến.\\n- Bảo hiểm du lịch theo quy định của Bảo hiểm Bảo Minh 20.000.000vnđ/vụ\\n- Giá tour đã bao gồm phí vào cổng tại các điểm tham quan theo chương trình. \\n- Nón du lịch, Nước đóng chai, khăn ướt ', '- Tiền TIP cho HDV + Tài xế địa phương\\n- Giá phụ thu phòng đơn. \\n- Chi phí cá nhân ngoài chương trình: giặt ủi, điện thoại, minibar…\\n- Cáp treo FanSipan 750.000vnđ/ người lớn ; 550.000vnđ/trẻ em ( 1m – 1,4m)\\n- Giá vé khu du lịch núi Hàm Rồng Sapa là: 70.000vnđ/ vé người lớn, 30.000vnđ/ vé trẻ em', 'Chính sách hủy:\\nNếu hủy tour, Quý khách thanh toán các khoản lệ phí hủy tour sau:\\n- Hủy tour sau khi đăng kí: 75% giá tour.\\n- Trước ngày đi 20 Ngày: 90% giá tour.\\n- Trước ngày đi 0-19 ngày: 100% giá tour.\\n- Việc huỷ bỏ chuyến đi phải được thông báo trực tiếp với Công ty hoặc qua fax, email, tin nhắn và phải được Công ty xác nhận. Việc huỷ bỏ bằng điện thoại không được chấp nhận.\\n- Do tính chất là đoàn ghép khách lẻ, Công ty sẽ có trách nhiệm nhận khách đăng ký cho đủ đoàn (10 khách người lớn trở lên) thì đoàn sẽ khởi hành đúng lịch trình. Nếu số lượng đoàn dưới 10 khách, công ty có trách nhiệm thông báo cho khách trước ngày khởi hành 3 ngày và sẽ thỏa thuận lại ngày khởi hành mới hoặc hoàn trả toàn bộ số tiền đã đặt cọc tour.\\n- Trong những trường hợp bất khả kháng như: khủng bố, bạo động, thiên tai, lũ lụt, dịch bệnh… Tuỳ theo tình hình thực tế và sự thuận tiện, an toàn của khách hàng, công ty Du Lịch sẽ chủ động thông báo cho khách hàng sự thay đổi như sau: huỷ hoặc thay thế bằng một chương trình mới với chi phí tương đương chương trình tham quan trước đó. Trong trường hợp chương trình mới có phát sinh thì Khách hàng sẽ thanh toán khoản phát sinh này. Tuy nhiên, mỗi bên có trách nhiệm cố gắng tối đa, giúp đỡ bên bị thiệt hại nhằm giảm thiểu các tổn thất gây ra vì lý do bất khả kháng.…\\n- Đối với sự thay đổi lịch trình, giờ bay do lỗi của hãng hàng không, tàu hoả, tàu thuỷ, công ty sẽ không chịu trách nhiệm bất kỳ phát sinh nào do lỗi trên như: phát sinh bữa ăn, nhà hàng, khách sạn, phương tiện di chuyển, hướng dẫn viên, ….', 'QUÝ KHÁCH VUI LÒNG CHUẨN BỊ GIẤY TỜ TÙY THÂN ĐỂ ĐI MÁY BAY:\\n- Người từ 14 tuổi trở lên phải có: Chứng minh nhân dân gốc hoặc hộ chiếu gốc hoăc bằng lái xe gốc, còn mới, còn hạn sử dụng\\n- Trẻ em dưới 14 tuổi phải có: giấy khai sinh bản gốc hoặc hộ chiếu gốc.\\nThứ tự các điểm tham quan có thể thay đổi cho phù hợp với tình hình thực tế nhưng vẫn đảm bảo thực hiện đầy đủ nội dung chương trình.\\nDịp lễ tết, hành trình bay rất khó đảm bảo giờ khởi hành chính xác như ban đầu. Công ty luôn cố gắng hỗ trợ hết mình và đồng hành cùng quý khách trong mọi tình huống liên quan đến sự thay đổi của giờ bay.\\nQuy định của khách sạn: giờ nhận phòng: 14h00 – 15h00. Giờ trả phòng 12h00.', '1200000', '9989000', '7989000', 'ivivu-sapa-bia-test-360x225.jfif', 'ivivu-fansipan-bia1-750x390.jfif', 'Chiêm Ngưỡng Các Danh Lam Thắng Cảnh Phía Bắc.', 'Hành trình liên tuyến Sài Gòn - Hạ Long - Ninh Bình - Sapa hứa hẹn sẽ đưa du khách tới những danh lam thắng cảnh đặc sắc của Miền Bắc và miền Tây Bắc Việt Nam, với Thủ đô Hà Nội mang trong mình nét trầm ngâm của lịch sử, mảnh đất Cố Đô, ngôi chùa Tam Chúc lớn nhất thế giới...Từ du lịch hành hương đến du lịch trải nghiệm, khám phá các di sản Thiên Nhiên, thưởng thức các đặc sản từng vùng miền, dân tộc...Du khách sẽ cảm thấy tự hào khi sống trên mảnh đất hình chữ S nhiều cảnh sắc tuyệt vời này. Cùng iVIVU khám phá ngay hôm nay!', 'Những trải nghiệm thú vị trong chương trình', 'Đặc trưng trong hành trình này có:\\n- Vịnh Hạ Long - Kỳ quan của thế giới.\\n- Khu Du Lịch Tràng An: nơi những dải đá vôi, thung lũng và những sông ngòi đan xen tạo nên một không gian huyền ảo, kỳ bí.\\n- KDL Chùa Tam Chúc: la ngôi chùa được coi là lớn nhất Thế Giới.\\n- Chinh phục Nóc Nhà Đông Dương Fansipan.');
INSERT INTO `booking_db`.`tours` (`id_tour`, `id_start_city`, `id_destination_city`, `id_tour_transportation`, `id_theme_tour`, `score`, `number_of_reviews`, `name`, `code`, `number_of_days`, `number_of_nights`, `term_surcharge`, `term_price_included`, `term_price_not_included`, `term_cancelling`, `term_note`, `term_single_room_surchage_price`, `price_per_adult`, `price_per_child`, `thumbnail`, `image`, `introduction_heading`, `introduction`, `description_heading`, `description`) VALUES (10, 63, 20, 37, 3, 0.0, 0, 'Tour Miền Bắc 5N4D: Hà Nội - Hạ Long - Ninh Bình - Hà Giang', 'TO1402', 5, 4, '- Ngưng nhận khách từ ngày 4/2-13/2/2021 (Tức ngày 23/12 âm lịch đến ngày mùng 2 tết âm)\\n- Phụ thu tết âm lịch: 600.000 vnđ/khách\\n- Phụ thu khách nước ngoài: 250.000vnđ – phí vùng biên tại Hà Giang\\n- Phụ thu phòng đơn: 600.000 vnđ/khách/tour. \\n- Phụ thu đón- tiễn sân bay với nhóm chỉ có 1 khách: 250.000vnđ\\n- Phụ thu các ngày lễ, Tết theo quy định: 300.000vnđ\\n- Trẻ em dưới 5 tuổi: Được miễn phí, ngủ chung với bố mẹ. Cha mẹ tự chi trả những chi phí phát sinh liên quan tới trẻ, trẻ miễn phí không chiếm chỗ trên xe, 2 người lớn chỉ được kèm 1 trẻ em miễn phí, từ trẻ thứ 2 tính 75% giá tour.\\n- Trẻ em từ 5 –  dưới 9 tuổi: Tính 75% giá vé người lớn; ăn suất riêng và ngủ chung với bố mẹ và có ghế riêng trên xe.\\n- Trẻ em từ 9 tuổi trở lên: Tính như người lớn', 'Vận chuyển:\\n- Xe đón – tiễn sân bay và xe đưa đón tham quan theo chương trình tour\\n- Xe khách giường nằm khứ hồi Hà Nội – Hà Giang – Hà Nội\\n- Thuyền thăm quan tại KDL Tràng An/ Hoặc Kayak tại Tràng An (Quý khách chọn 1 trong 2)\\n- Xe đạp thăm quan làng quê Ninh Bình\\n- Kayaking hoặc đò tay trên vịnh Hạ Long\\n- Du thuyền 1 ngày chất lượng 5 sao thăm quan vịnh Hạ Long theo lịch  trình (Sức chứa: 48-72 – 99 chỗ, sạch, đẹp, tiện nghi, nhân viên phục vụ nhiệt tình, chu đáo, trang thiết bị cứu hộ an toàn, đảm bảo). \\n- Thuyền thăm quan Hẻm Tu Sản\\nLưu trú: \\n- 1 Đêm nghỉ khách sạn 3 sao Phố Cổ Hà Nội (Rising Dragon, Dragon Pearl hoặc tương đương): Ngủ 2 khách/ phòng; Lẻ ngủ 3 khách/ phòng\\n- 1 Đêm nghỉ khách sạn tiêu chuẩn 2 sao địa phương tại Hà Giang: Ngủ 2 khách/ phòng; Lẻ ngủ 3 khách/ phòng\\n- Homestay nghỉ tạm thời buổi sáng sớm ngày đến Hà Giang\\n- Phòng khách sạn nghỉ buổi sáng ngày cuối tại Hà Nội.\\nKhác:\\n- Hướng dẫn viên nói tiếng Việt, tiếng Anh phục vụ theo chương trình thăm quan\\n- Bữa ăn theo chương trình: 6 bữa chính và 4 bữa sáng (Bún, phở, hoặc buffet tùy theo tình hình khách sạn vào thời điểm khởi hành)\\n- Vé thăm quan các điểm theo chương trình\\n- Vé thăm quan vịnh Hạ Long và vé cảng Tuần Châu\\n- Vé thăm quan các điểm tại Hà Giang\\n- Nước uống miễn phí trên xe ô tô 1 chai/khách/ngày\\n- Bảo hiểm hành khách trên xe theo quy định', '- Đồ uống trong các bữa ăn\\n- Xe điện khứ hồi tại chùa Bái Đính 60.000vnđ\\n- Chi phí chụp ảnh tại các điểm trồng hoa Tam Giác Mạch của người dân tại Hà Giang.\\n- Các chi phí cá nhân khác và chi phí thăm quan không được đề cập tới trong chương trình\\n- Tip cho hướng dẫn viên và Lái xe\\n- Vé máy bay/ vé tàu hỏa\\n- Thuế VAT 10% (Nếu Quý khách yêu cầu xuất hóa đơn Vat vui lòng thanh toán thêm 10% giá trị tour).', 'Chính sách hủy:\\nĐiều kiện hủy tour (ngày thường)\\n- Sau khi đăng ký huỷ tour mất 10% giá tour\\n- Hủy tour 10 ngày trước ngày khởi hành chịu phí 30% giá tour (Không tính ngày lễ và chủ nhật). Phí hủy vé máy bay theo qui định của hãng.\\n- Hủy tour 8 ngày trước ngày khởi hành chịu phí 50% giá tour (Không tính ngày lễ và chủ nhật).Phí hủy vé máy bay theo qui định của hãng.\\n- Hủy tour 5 ngày trước ngày khởi hành chịu phí 100% giá tour (Không tính ngày lễ và chủ nhật).Phí hủy vé máy bay theo qui định của hãng.\\n- Sau khi hủy tour, du khách vui lòng đến công ty nhận tiền trong vòng 2 tuần kể từ ngày đăng ký hủy tour. Chúng tôi chỉ thanh toán trong thời gian 14 ngày nói trên.\\nĐiều kiện hủy tour (ngày lễ tết)\\n- Các ngày lễ tết việc dời ngày và hủy tour mất 100% giá tour.\\n- Trường hợp hủy tour do sự cố khách quan như thiên tai, dịch bệnh hoặc do tàu thủy, xe lửa, máy bay hoãn/hủy chuyến, Ivivu sẽ không chịu trách nhiệm bồi thường thêm bất kỳ chi phí nào khác ngoài việc hoàn trả chi phí những dịch vụ chưa được sử dụng của tour đó.', '- Thông báo cho hướng dẫn viên và yêu cầu chuẩn bị bữa ăn chay, kiêng nếu quý khách là người ăn chay, ăn kiêng.\\n- Quý khách tự bảo quản tư trang, hành lý và nghe theo khuyến cáo của hướng dẫn viên và nhân viên phục vụ.\\n- Quý khách nên mang theo: Mũ, nón, ô, không nên đi giày cao gót, mang theo kem chống nắng, kính mát, đồ bơi. thuốc chống dị ứng…vv.\\n- Do đi Hà Giang chỉ có thể sử dụng xe nhỏ 7-16-29 chỗ để di chuyển đi thăm quan, vì vậy quý khách mang hành lý gọn nhẹ (những đồ cồng kềnh có thể gửi lại tại khách sạn ở Hà Nội)', '600000', '4990000', '3742500', 'ivivu-hem-vuc-tu-san-bia-360x225.jfif', 'ivivu-tau-hana-5sao-750x390.jfif', 'Hành Trình Khám Phá Trọn Xứ Bắc', 'Miền Bắc – vùng đất khai cơ của các Vương triều Việt, nơi định đô của hầu hết các triều đại phong kiến Việt Nam chính vì vậy nơi đây được xem như là đất kinh đô ngàn năm văn hiến với một bề dày văn hóa, lịch sử sâu sắc và đa dạng. Tuy nhiên, khi đến đây, Du khách không chỉ được tham quan những công trình văn hóa - lịch sử cổ kính như: Đền Hùng, Văn Miếu, Hoàng thành Thăng Long, Cố đô Hoa Lư, Chùa Bái Đính…, trải nghiệm những nét văn hóa đặc sắc của đất kinh đô. Đến cực bắc Hà Giang là một trong những điểm du lịch vùng cao quyến rũ bậc nhất Việt Nam với vẻ đẹp của thiên nhiên hùng vĩ, nét ngây thơ của trẻ nhỏ hay những ánh mắt sáng ngời của các cụ già đều mang đến nhiều cảm xúc. Cùng iVIVU khám phá ngay hôm nay! ', 'Những trải nghiệm thú vị trong chương trình', 'Chuyến hành trình đầy thú vị và nhiều trải nghiệm:\\n- Hành trình 6 tiếng tại Hạ Long bằng du thuyền 5 sao \\n- Quần thể danh thắng khu du lịch Tràng An - Bái Đính, vùng đất Cố Đô bình yên và có nhiều danh thắng tuyệt đẹp.\\n- Hà Giang - miền địa đầu của Tổ Quốc, nơi có cánh đồng Tam Giác Mạch, Cột Cờ Lũng Cú, Cao Nguyên Đá....\\n- Tham Quan 36 Phố phường tại Hà Nội.');
INSERT INTO `booking_db`.`tours` (`id_tour`, `id_start_city`, `id_destination_city`, `id_tour_transportation`, `id_theme_tour`, `score`, `number_of_reviews`, `name`, `code`, `number_of_days`, `number_of_nights`, `term_surcharge`, `term_price_included`, `term_price_not_included`, `term_cancelling`, `term_note`, `term_single_room_surchage_price`, `price_per_adult`, `price_per_child`, `thumbnail`, `image`, `introduction_heading`, `introduction`, `description_heading`, `description`) VALUES (11, 63, 46, 33, 3, 0.0, 0, 'Tour Mộc Châu 2N1D: Mùa Hoa Mộc Châu - Săn Mây Tà Xùa', 'TO1183', 2, 1, '- Phụ thu phòng đơn 250.000 vnđ/khách.\\n- Khách nước ngoài: 350.000 vnđ/khách.\\n- Tết Âm Lịch: 250.000 vnđ.\\nGIÁ TOUR TRẺ EM:\\n- Trẻ em từ 10 tuổi trở lên tính 100% giá tour.\\n- Trẻ em từ 05 – 9 tuổi tính 75 % giá tour.\\n- Trẻ em dưới 05 tuổi miễn phí giá tour.', 'VẬN CHUYỂN:\\n- Xe ô tô máy lạnh điều hòa đưa đón theo chương trình tour Mộc Châu – Tà Xùa.\\nLƯU TRÚ:\\n- Khách sạn tiêu chuẩn 3 sao chuẩn địa phương tiện nghi tiêu chuẩn 2 khách/phòng.\\nKHÁC:\\n- Ăn theo chương trình du lịch.\\n- Vé tham quan các điểm theo lịch trình tour.\\n- Khăn lạnh, nước uống lavie 01 chai 500ml/khách/ngày.\\n- Hướng dẫn viên suốt tuyến phục vụ nhiệt tình, chu đáo.\\n- Quà tặng nón du lịch.\\n- Bảo hiểm du lịch theo chương trình tour mức đền bù tối đa 30 triệu/vụ.', '- Đồ uống trong các bữa ăn và các chi phí ngoài chương trình tour.\\n- Vé thăm quan cầu kính.\\n- Thuế VAT.\\n- Tiền Tip HDV và lái xe.\\n- Xe gắn máy vận chuyển vào sâu trong bản.', 'Chính sách hủy:\\n- Trường hợp hủy chuyến du lịch ngay sau khi đăng ký, Quý khách sẽ chịu phí 10% trên giá vé du lịch.\\n- Trường hợp hủy chuyến du lịch trong vòng từ 10 đến 15 ngày trước ngày khởi hành, Quý khách sẽ chịu phí 30% trên giá vé du lịch.\\n- Trường hợp hủy chuyến du lịch trong vòng từ 5 đến 10 ngày trước ngày khởi hành, Quý khách sẽ chịu phí 50% trên giá vé du lịch.\\n- Trường hợp hủy chuyến du lịch trong vòng từ 3 đến 4 ngày trước ngày khởi hành, Quý khách sẽ chịu phí 75% trên giá vé du lịch.\\n- Quý khách hủy chuyến du lịch trong vòng từ 0 đến 2 ngày trước ngày khởi hành, Quý khách sẽ chịu phí 100% trên giá vé du lịch.', '- Quý khách nên mang theo giày thể thao, đồ dùng gọn nhẹ, máy ảnh.\\n- Lịch trình tour có thể thay đổi nhưng dịch vụ không thay đổi và vẫn đảm bảo các điểm thăm quan.\\n- Nếu chương trình du lịch bị hủy bỏ hoặc thay đổi bởi một trong hai bên vì một lý do bất khả kháng (hỏa hoạn, thời tiết, tai nạn, thiên tai, chiến tranh, hoãn và hủy chuyến của các phương tiện vận chuyển công cộng…), thì hai bên sẽ không chịu bất kỳ nghĩa vụ bồi hoàn các tổn thất đã xảy ra và không chịu bất kỳ trách nhiệm pháp lý nào. Tuy nhiên mỗi bên có trách nhiệm cố gắng tối đa để giúp đỡ bên bị thiệt hại nhằm giảm thiểu các tổn thất gây ra vì lý do bất khả kháng.', '250000', '1490000', '1117500', 'ivivu-man-moc-chau-360x225.jfif', 'ivivu-moc-chau-hoa-man-bia-750x390.jfif', 'Như cô gái mới lớn, Mộc Châu đẹp ngỡ ngàng bởi những mùa hoa', 'Mộc Châu khiến dân tình \'đứng ngồi không yên\' bởi cao nguyên xanh tươi mát lành đẹp cả bốn mùa, có núi rừng hùng vĩ bao la, có thác cao suối chảy róc rách, có đỉnh Pha Luông lồng lộng gió trời mây phủ, có những đồi chè xanh bạt ngàn, đàn bò sữa nhởn nhơ gặm cỏ… Và được yêu thích nhất có lẽ là những mùa hoa đầy màu sắc, tạo nên bức tranh tươi đẹp, mới mẻ theo từng tháng trong năm. Bên cạnh đó liên tuyến Tà Xùa những biển mây trắng muốt, bồng bềnh, khiến con tim xốn xang, rộn ràng. Cùng iVIVU khám phá ngay hôm nay!', 'Những trải nghiệm thú vị trong chương trình', 'Núi Rừng Tây Bắc làm cho lữ khách động lòng trước cảnh:\\n- Đồi chè trái tim: Đây là một trong những khu vực đẹp nhất Mộc Châu. Cho dù vào mùa đông cành khô trơ trụi lá hay mùa xuân mơn mởn khoe sắc lá non.\\n- Thung Lũng Mận Nà Ka: Trước mắt bạn sẽ hiện ra thung lũng mận bạt ngàn, bằng phẳng.\\n- Đỉnh núi Tà Xùa: núi trùng điệp, đường đèo dốc quanh co, sương mù giăng kín lối');

COMMIT;


-- -----------------------------------------------------
-- Data for table `booking_db`.`review_tours`
-- -----------------------------------------------------
START TRANSACTION;
USE `booking_db`;
INSERT INTO `booking_db`.`review_tours` (`id_user`, `id_tour`, `score`, `content`, `create_time`) VALUES (1, 1, 8.0, 'Tour tư vấn ban đầu có 25 khách nhưng khi đến sân bay là 45 khách. Tour đi quá đông, hdv không thể chăm sóc tốt hết được', '2020-06-24 00:00:00');
INSERT INTO `booking_db`.`review_tours` (`id_user`, `id_tour`, `score`, `content`, `create_time`) VALUES (2, 2, 8.0, NULL, '2020-07-23 00:00:00');
INSERT INTO `booking_db`.`review_tours` (`id_user`, `id_tour`, `score`, `content`, `create_time`) VALUES (3, 2, 6.0, '(Ngoại trừ HDV thì hành trình tốt cả),HDV chưa nhiệt tình với mọi người, thiếu hoạt náo, hành trình chậm trễ cũng không có ý giải thích lý do. Không có hỏi khách là đồ ăn có ăn được không, còn thiếu gì không, có cần thêm gì không, .... Mình chỉ góp ý để cải thiện dịch vụ tốt hơn.', '2020-07-23 00:00:00');

COMMIT;


-- -----------------------------------------------------
-- Data for table `booking_db`.`departures`
-- -----------------------------------------------------
START TRANSACTION;
USE `booking_db`;
INSERT INTO `booking_db`.`departures` (`id_departure`, `id_tour`, `start_date`, `end_date`, `holiday_surcharge`, `availability`) VALUES (1, 1, '2020-12-23', '2020-12-27', '0', 1);
INSERT INTO `booking_db`.`departures` (`id_departure`, `id_tour`, `start_date`, `end_date`, `holiday_surcharge`, `availability`) VALUES (2, 1, '2021-01-06', '2021-01-10', '0', 1);
INSERT INTO `booking_db`.`departures` (`id_departure`, `id_tour`, `start_date`, `end_date`, `holiday_surcharge`, `availability`) VALUES (3, 1, '2021-01-13', '2021-01-17', '0', 1);
INSERT INTO `booking_db`.`departures` (`id_departure`, `id_tour`, `start_date`, `end_date`, `holiday_surcharge`, `availability`) VALUES (4, 1, '2021-01-20', '2021-01-24', '0', 1);
INSERT INTO `booking_db`.`departures` (`id_departure`, `id_tour`, `start_date`, `end_date`, `holiday_surcharge`, `availability`) VALUES (5, 1, '2021-02-13', '2021-02-17', '1600000', 1);
INSERT INTO `booking_db`.`departures` (`id_departure`, `id_tour`, `start_date`, `end_date`, `holiday_surcharge`, `availability`) VALUES (6, 1, '2021-02-14', '2021-02-18', '1600000', 1);
INSERT INTO `booking_db`.`departures` (`id_departure`, `id_tour`, `start_date`, `end_date`, `holiday_surcharge`, `availability`) VALUES (7, 1, '2021-03-10', '2021-03-14', '0', 1);
INSERT INTO `booking_db`.`departures` (`id_departure`, `id_tour`, `start_date`, `end_date`, `holiday_surcharge`, `availability`) VALUES (8, 1, '2021-03-17', '2021-03-21', '0', 1);
INSERT INTO `booking_db`.`departures` (`id_departure`, `id_tour`, `start_date`, `end_date`, `holiday_surcharge`, `availability`) VALUES (9, 1, '2021-03-24', '2021-03-28', '0', 1);
INSERT INTO `booking_db`.`departures` (`id_departure`, `id_tour`, `start_date`, `end_date`, `holiday_surcharge`, `availability`) VALUES (10, 2, '2020-12-24', '2020-12-28', '0', 1);
INSERT INTO `booking_db`.`departures` (`id_departure`, `id_tour`, `start_date`, `end_date`, `holiday_surcharge`, `availability`) VALUES (11, 2, '2020-12-31', '2020-01-04', '0', 1);
INSERT INTO `booking_db`.`departures` (`id_departure`, `id_tour`, `start_date`, `end_date`, `holiday_surcharge`, `availability`) VALUES (12, 2, '2020-01-07', '2021-01-11', '0', 1);
INSERT INTO `booking_db`.`departures` (`id_departure`, `id_tour`, `start_date`, `end_date`, `holiday_surcharge`, `availability`) VALUES (13, 2, '2021-01-14', '2021-01-18', '0', 1);
INSERT INTO `booking_db`.`departures` (`id_departure`, `id_tour`, `start_date`, `end_date`, `holiday_surcharge`, `availability`) VALUES (14, 2, '2021-01-21', '2021-01-25', '0', 1);
INSERT INTO `booking_db`.`departures` (`id_departure`, `id_tour`, `start_date`, `end_date`, `holiday_surcharge`, `availability`) VALUES (15, 3, '2020-12-31', '2021-01-03', '0', 1);
INSERT INTO `booking_db`.`departures` (`id_departure`, `id_tour`, `start_date`, `end_date`, `holiday_surcharge`, `availability`) VALUES (16, 3, '2021-02-13', '2021-02-16', '1201000', 1);
INSERT INTO `booking_db`.`departures` (`id_departure`, `id_tour`, `start_date`, `end_date`, `holiday_surcharge`, `availability`) VALUES (17, 3, '2021-02-14', '2021-02-17', '1201000', 1);
INSERT INTO `booking_db`.`departures` (`id_departure`, `id_tour`, `start_date`, `end_date`, `holiday_surcharge`, `availability`) VALUES (18, 3, '2021-02-15', '2021-02-18', '1201000', 1);
INSERT INTO `booking_db`.`departures` (`id_departure`, `id_tour`, `start_date`, `end_date`, `holiday_surcharge`, `availability`) VALUES (19, 4, '2020-12-24', '2020-12-27', '0', 1);
INSERT INTO `booking_db`.`departures` (`id_departure`, `id_tour`, `start_date`, `end_date`, `holiday_surcharge`, `availability`) VALUES (20, 4, '2021-02-14', '2021-02-17', '3700000', 1);
INSERT INTO `booking_db`.`departures` (`id_departure`, `id_tour`, `start_date`, `end_date`, `holiday_surcharge`, `availability`) VALUES (21, 4, '2021-02-15', '2021-02-18', '3700000', 1);
INSERT INTO `booking_db`.`departures` (`id_departure`, `id_tour`, `start_date`, `end_date`, `holiday_surcharge`, `availability`) VALUES (22, 5, '2021-02-13', '2021-02-15', '0', 1);
INSERT INTO `booking_db`.`departures` (`id_departure`, `id_tour`, `start_date`, `end_date`, `holiday_surcharge`, `availability`) VALUES (23, 5, '2021-02-14', '2021-02-16', '0', 1);
INSERT INTO `booking_db`.`departures` (`id_departure`, `id_tour`, `start_date`, `end_date`, `holiday_surcharge`, `availability`) VALUES (24, 6, '2021-02-13', '2021-02-15', '0', 1);
INSERT INTO `booking_db`.`departures` (`id_departure`, `id_tour`, `start_date`, `end_date`, `holiday_surcharge`, `availability`) VALUES (25, 7, '2021-02-13', '2021-02-16', '0', 1);
INSERT INTO `booking_db`.`departures` (`id_departure`, `id_tour`, `start_date`, `end_date`, `holiday_surcharge`, `availability`) VALUES (26, 7, '2021-02-14', '2021-02-17', '0', 1);
INSERT INTO `booking_db`.`departures` (`id_departure`, `id_tour`, `start_date`, `end_date`, `holiday_surcharge`, `availability`) VALUES (27, 8, '2021-02-14', '2021-02-15', '0', 1);
INSERT INTO `booking_db`.`departures` (`id_departure`, `id_tour`, `start_date`, `end_date`, `holiday_surcharge`, `availability`) VALUES (28, 8, '2021-02-15', '2021-02-16', '0', 1);
INSERT INTO `booking_db`.`departures` (`id_departure`, `id_tour`, `start_date`, `end_date`, `holiday_surcharge`, `availability`) VALUES (29, 9, '2021-02-13', '2021-02-17', '0', 1);
INSERT INTO `booking_db`.`departures` (`id_departure`, `id_tour`, `start_date`, `end_date`, `holiday_surcharge`, `availability`) VALUES (30, 9, '2021-02-15', '2021-02-19', '0', 1);
INSERT INTO `booking_db`.`departures` (`id_departure`, `id_tour`, `start_date`, `end_date`, `holiday_surcharge`, `availability`) VALUES (31, 10, '2020-12-21', '2020-12-25', '0', 1);
INSERT INTO `booking_db`.`departures` (`id_departure`, `id_tour`, `start_date`, `end_date`, `holiday_surcharge`, `availability`) VALUES (32, 10, '2020-12-22', '2020-12-26', '0', 1);
INSERT INTO `booking_db`.`departures` (`id_departure`, `id_tour`, `start_date`, `end_date`, `holiday_surcharge`, `availability`) VALUES (33, 10, '2020-12-23', '2020-12-27', '0', 1);
INSERT INTO `booking_db`.`departures` (`id_departure`, `id_tour`, `start_date`, `end_date`, `holiday_surcharge`, `availability`) VALUES (34, 10, '2020-12-24', '2020-12-28', '0', 1);
INSERT INTO `booking_db`.`departures` (`id_departure`, `id_tour`, `start_date`, `end_date`, `holiday_surcharge`, `availability`) VALUES (35, 10, '2020-12-25', '2020-12-29', '0', 1);
INSERT INTO `booking_db`.`departures` (`id_departure`, `id_tour`, `start_date`, `end_date`, `holiday_surcharge`, `availability`) VALUES (36, 10, '2020-12-26', '2020-12-30', '0', 1);
INSERT INTO `booking_db`.`departures` (`id_departure`, `id_tour`, `start_date`, `end_date`, `holiday_surcharge`, `availability`) VALUES (37, 10, '2020-12-27', '2020-12-31', '0', 1);
INSERT INTO `booking_db`.`departures` (`id_departure`, `id_tour`, `start_date`, `end_date`, `holiday_surcharge`, `availability`) VALUES (38, 10, '2020-12-28', '2021-01-01', '0', 1);
INSERT INTO `booking_db`.`departures` (`id_departure`, `id_tour`, `start_date`, `end_date`, `holiday_surcharge`, `availability`) VALUES (39, 10, '2020-12-29', '2021-01-02', '0', 1);
INSERT INTO `booking_db`.`departures` (`id_departure`, `id_tour`, `start_date`, `end_date`, `holiday_surcharge`, `availability`) VALUES (40, 10, '2020-12-30', '2021-01-03', '0', 1);
INSERT INTO `booking_db`.`departures` (`id_departure`, `id_tour`, `start_date`, `end_date`, `holiday_surcharge`, `availability`) VALUES (41, 10, '2020-12-31', '2021-01-04', '0', 1);
INSERT INTO `booking_db`.`departures` (`id_departure`, `id_tour`, `start_date`, `end_date`, `holiday_surcharge`, `availability`) VALUES (42, 10, '2021-01-01', '2021-01-05', '0', 1);
INSERT INTO `booking_db`.`departures` (`id_departure`, `id_tour`, `start_date`, `end_date`, `holiday_surcharge`, `availability`) VALUES (43, 10, '2021-01-02', '2021-01-06', '0', 1);
INSERT INTO `booking_db`.`departures` (`id_departure`, `id_tour`, `start_date`, `end_date`, `holiday_surcharge`, `availability`) VALUES (44, 10, '2021-01-03', '2021-01-07', '0', 1);
INSERT INTO `booking_db`.`departures` (`id_departure`, `id_tour`, `start_date`, `end_date`, `holiday_surcharge`, `availability`) VALUES (45, 10, '2021-01-04', '2021-01-08', '0', 1);
INSERT INTO `booking_db`.`departures` (`id_departure`, `id_tour`, `start_date`, `end_date`, `holiday_surcharge`, `availability`) VALUES (46, 10, '2021-01-05', '2021-01-09', '0', 1);
INSERT INTO `booking_db`.`departures` (`id_departure`, `id_tour`, `start_date`, `end_date`, `holiday_surcharge`, `availability`) VALUES (47, 11, '2020-12-26', '2020-12-27', '0', 1);
INSERT INTO `booking_db`.`departures` (`id_departure`, `id_tour`, `start_date`, `end_date`, `holiday_surcharge`, `availability`) VALUES (48, 11, '2021-01-02', '2021-01-03', '0', 1);
INSERT INTO `booking_db`.`departures` (`id_departure`, `id_tour`, `start_date`, `end_date`, `holiday_surcharge`, `availability`) VALUES (49, 11, '2021-01-09', '2021-01-10', '0', 1);
INSERT INTO `booking_db`.`departures` (`id_departure`, `id_tour`, `start_date`, `end_date`, `holiday_surcharge`, `availability`) VALUES (50, 11, '2021-01-16', '2021-01-17', '0', 1);
INSERT INTO `booking_db`.`departures` (`id_departure`, `id_tour`, `start_date`, `end_date`, `holiday_surcharge`, `availability`) VALUES (51, 11, '2021-01-23', '2021-01-24', '0', 1);
INSERT INTO `booking_db`.`departures` (`id_departure`, `id_tour`, `start_date`, `end_date`, `holiday_surcharge`, `availability`) VALUES (52, 11, '2021-01-30', '2021-01-31', '0', 1);
INSERT INTO `booking_db`.`departures` (`id_departure`, `id_tour`, `start_date`, `end_date`, `holiday_surcharge`, `availability`) VALUES (53, 11, '2021-02-06', '2021-02-07', '0', 1);
INSERT INTO `booking_db`.`departures` (`id_departure`, `id_tour`, `start_date`, `end_date`, `holiday_surcharge`, `availability`) VALUES (54, 11, '2021-02-14', '2021-02-15', '250000', 1);
INSERT INTO `booking_db`.`departures` (`id_departure`, `id_tour`, `start_date`, `end_date`, `holiday_surcharge`, `availability`) VALUES (55, 11, '2021-02-15', '2021-02-16', '250000', 1);

COMMIT;


-- -----------------------------------------------------
-- Data for table `booking_db`.`type_of_payments`
-- -----------------------------------------------------
START TRANSACTION;
USE `booking_db`;
INSERT INTO `booking_db`.`type_of_payments` (`id_type_of_payment`, `name`) VALUES (1, 'Tiền mặt');
INSERT INTO `booking_db`.`type_of_payments` (`id_type_of_payment`, `name`) VALUES (2, 'Chuyển khoản');
INSERT INTO `booking_db`.`type_of_payments` (`id_type_of_payment`, `name`) VALUES (3, 'Ví điện tử');
INSERT INTO `booking_db`.`type_of_payments` (`id_type_of_payment`, `name`) VALUES (4, 'Thẻ Tín dụng/Ghi nợ');

COMMIT;


-- -----------------------------------------------------
-- Data for table `booking_db`.`schedules`
-- -----------------------------------------------------
START TRANSACTION;
USE `booking_db`;
INSERT INTO `booking_db`.`schedules` (`id_schedule`, `id_tour`, `day_number`, `title`, `description`, `image1`, `caption1`, `image2`, `caption2`) VALUES (1, 1, 1, 'NGÀY 01: TP HỒ CHÍ MINH - SAPA ( ĂN TRƯA, TỐI)', 'Sáng: 05h30 Nhân viên đón đoàn tại sân bay Tân Sơn Nhất làm thủ tục bay đi Hà Nội ( chuyến bay của Viet Jet Air VJ 128 lúc 07h55). Đến sân bay Nội Bài, xe khởi hành đưa đoàn đi Sapa.\\nĐoàn dùng cơm trưa tại Lào Cai.\\nQuý khách tự do tham quan và chụp hình tại cột mốc hữu nghị Việt Nam – Trung Quốc,\\nMua sắm đồ lưu niệm và điện tử tại chợ Cốc Lếu Lào Cai ( nếu còn thời gian).\\nSau đó khởi hành đi Sapa nhận phòng nghỉ ngơi.\\nTối: Quý khách ăn tối và nghỉ đêm tại SaPa.', 'ivivu-cua-khau-huu-nghi.gif', 'Cột mốc Hữu Nghị.', 'ivivu-cho-coc-leu-lao-cai.gif', 'Chợ Cốc Lếu Lào Cai.');
INSERT INTO `booking_db`.`schedules` (`id_schedule`, `id_tour`, `day_number`, `title`, `description`, `image1`, `caption1`, `image2`, `caption2`) VALUES (2, 1, 2, 'NGÀY 02: KHÁM PHÁ SAPA ( ĂN SÁNG, TRƯA, ĂN TỐI TỰ TÚC)', 'Sáng: Điểm tâm sáng, Xe và HDV đưa Quý khách đến bản Cát Cát, bắt đầu hành trình khám phá bản làng\\n- Tham quan bản Cát Cát - Sín Chải của người H’mong. Quý khách sẽ được thăm và tìm hiểu phong tục tập quán sinh hoạt kỳ thú, đơn sơ đến bình dị của những người dân tộc thiểu số.\\n- Tham quan thác Cát Cát và nhà máy thuỷ điện do người Pháp xây dựng đầu thế kỷ XX, vui chơi và chụp hình lưu niệm…\\nChiều: Quý khách tham quan và tự do mua sắm đồ lưu niệm, đặc sản tại Chợ Sa Pa - nơi trao đổi mua bán nhiều loại hàng hóa, sản phẩm địa phương.\\n- Nhà Thờ Đá - dấu ấn kiến trúc của người Pháp còn lại vẹn toàn nhất tại Sa Pa.\\nNếu Qúy khách muốn chinh phục đỉnh Fanxiphan, Cty sẽ bố trí thời gian tham quan cho phù hợp ( phụ thu thêm 850.000đ/khách  bao gồm tiền cáp treo + xe di chuyển ra ga cáp).\\nHoặc Quý khách tham quan cây cầu kính Rồng Mây (phụ thu thêm chi phí 400.000 đồng/người lớn và 200.000 đồng trẻ em).\\nTối: Đoàn tự túc ăn tối thưởng thức ẩm thực vùng cao: cơm lam, gà nướng, thắng cố, rượu Ngô…tại chợ đêm Sapa. ', 'ivivu-cat-cat-sin-chai.gif', 'Bản Cát Cát - Sín Chải.', 'ivivu-nha-tho-da-sapa2.jpg', 'Nhà Thờ Đá.');
INSERT INTO `booking_db`.`schedules` (`id_schedule`, `id_tour`, `day_number`, `title`, `description`, `image1`, `caption1`, `image2`, `caption2`) VALUES (3, 1, 3, 'NGÀY 03: SAPA  - HÀ NỘI ( ĂN SÁNG, TRƯA, TỐI)', 'Sáng: Quý khách dùng điểm tâm và trả phòng khách sạn, tự do tham quan và mua sắm đặc sản về làm quà cho người thân tại chợ Sapa, sau đó xe đưa đoàn khởi hành về lại Lào Cai,\\nĐoàn dùng cơm trưa tại Lào Cai.\\nChiều: Xe đưa đoàn về lại Hà Nội, Quý khách tham quan:\\nQuý khách ghé thăm Văn Miếu - Quốc Tử Giám – Nơi đựoc xem như Trường Đại học đầu tiên của Việt Nam với 82 tấm bia Tiến sỹ còn lưu danh sử sách.\\nQuý khách dùng cơm tối thưởng thức ẩm thực Hà Nội: Bánh tôm hồ tây, chả cá… nhận phòng khách sạn nghỉ ngơi.\\nTối: Quý khách tự do tham quan :\\nTham quan Đền Ngọc Sơn, Cầu Thê Húc, hồ Hoàn Kiếm, Nhà Hát Lớn Hà Nội, Nhà Thờ Lớn Hà Nội….\\nNhững khu phố ẩm thực trứ danh đất Hà Thành: phố Cấm Chỉ, Tạ Hiện…\\nĐoàn nghỉ đêm tại khách sạn.', 'ivivu-tour-mien-bac-5n4d-ha-noi-sapa-ha-long-van-mieu-quoc-tu-giam.jpg', 'Văn Miếu - Quốc Tử Giám.', 'ivivu-tour-mien-bac-4n3d-ha-noi-ha-long-bai-dinh-trang-an-den-ngoc-son.jpg', 'Cầu Thê Húc.');
INSERT INTO `booking_db`.`schedules` (`id_schedule`, `id_tour`, `day_number`, `title`, `description`, `image1`, `caption1`, `image2`, `caption2`) VALUES (4, 1, 4, 'NGÀY 04: HÀ NỘI  - KDL TRÀNG AN - CHÙA BÁI ĐÍNH ( ĂN SÁNG, TRƯA, TỐI)', 'Sáng: Quý khách dùng ăn sáng và trả phòng khách sạn, Hướng dẫn viên đưa đoàn xe đưa đoàn tham quan cụm di tích lịch sử Phủ Chủ Tịch. Với các quần thể kiến trúc:\\n- Quảng Trường Ba Đình – là một di tích đặc biệt, nơi đây còn là nơi ghi nhận nhiều dấu ấn quan trọng tong lịch sử Việt Nam.\\n- Bảo tàng Hồ Chí Minh - Nằm trong khu vực có nhiều di tích như: Lăng Chủ tịch Hồ Chí Minh, Khu di tích Phủ chủ tịch, Chùa Một Cột... tạo thành một quần thể các di tích đặc biệt.\\n- Nhà Sàn giản dị nằm giữa thủ đô Hà Nội là nơi Bác Hồ đã sống và làm việc lâu nhất trong cuộc đời hoạt động cách mạng của mình.\\n- Chùa Một Cột (Chùa Mật) - ngôi chùa có kiến trúc độc đáo, chỉ có 1 gian dựng trên 1 cột đá nằm giữa lòng hồ Linh Chiểu…..\\n- Tiếp tục hành trình, đoàn khởi hành đi Ninh Bình. Đến Ninh Bình Quý khách cầu lễ phật tại Chùa Bái Đính (không bao gồm xe điện đưa đón lên chùa ), ngôi chùa lớn nhất Việt Nam với 500 pho tượng La Hán, tượng phật đồng lớn nhất Việt Nam cao 10m nặng 100 tấn.\\nDùng cơm trưa với đặc sản Cơm Cháy- Dê núi của Ninh Bình.\\nChiều: Quý khách tham Quần thể Danh thắng Tràng An – Di sản được UNESCO công nhận là di sản văn hóa và thiên nhiên Thế giới, giúp cho Việt Nam lần dầu lọt vào danh sách 30 di sản hỗn hợp Thế Giới. Lên thuyền xuôi dòng Sào khê uốn lượn giữa cánh đồng lúa, nơi những dải đá vôi, thung lũng và những sông ngòi đan xen tạo nên một không gian huyền ảo, kỳ bí , quý khách đi đò tham Hang sáng , Hang tối , Hang nấu rượu…\\nQuý khách rời Ninh Bình, theo Quốc lộ 10 đi Hạ Long, trên đường đi Quý khách sẽ được cảm nhận, khám phá cuộc sống, phong cảnh đặc trưng của Đồng Bằng Bắc Bộ với cảnh làng quê thanh bình qua các tỉnh Nam Định, Thái Bình, Hải Phòng. Đến Hạ Long, nhận phòng, nghỉ ngơi, ăn tối tại nhà hàng.\\nTối: Quý khách tự do dạo chơi Công viên Hoàng Gia dọc biển Bãi Cháy, đi mua sắm hàng hóa tại khu Chợ Đêm Hạ Long sầm uất với các sản phẩm đặc trưng Hạ Long, lên cầu Bãi Cháy – cây cầu dây văng dài nhất Việt Nam ngắm Hạ Long về đêm.\\n', 'ivivu-quang-truong-ba-dinh.gif', 'Quảng Trường Bà Đình.', 'ivivu-lang-chu-tich-ho-chi-minh.jpg', 'Lăng Chủ tịch Hồ Chí Minh.');
INSERT INTO `booking_db`.`schedules` (`id_schedule`, `id_tour`, `day_number`, `title`, `description`, `image1`, `caption1`, `image2`, `caption2`) VALUES (5, 1, 5, 'NGÀY 05: HẠ LONG – HẢI DƯƠNG – SÂN BAY NỘI BÀI ( ĂN SÁNG, TRƯA)', 'Sáng: Quý khách ăn sáng và trả phòng khách sạn, Đoàn đến bến thuyền Tuần Châu bắt đầu hành trình tham quan Di sản thiên nhiên Thế giới tại Việt Nam, với các danh thắng nổi tiếng:\\nTham Động Thiên Cung, ngắm cảnh Làng Chài, hòn Ấm, hòn Rùa, hòn Đỉnh Hương, hòn Chó Đá, hòn Gà Chọi…\\nChiều: Tàu về cập bến, xe đưa đoàn khởi hành về lại Hà Nội, trên đường đoàn dừng chân tham quan và mua sắm đặc sản bánh đậu xanh tại Hải Dương. Về tới Nội Bài, Quý khách dùng bữa tối (ăn nhẹ tại sân bay). Hướng dẫn viên làm thủ tục cho đoàn đáp chuyến bay của VJ173 bay về lại Tp HCM lúc 20h30, chia tay đoàn và kết thúc chương trình tham quan Miền Bắc.', 'ivivu-hon-trong-mai.gif', 'Hòn Gà Chọi.', NULL, NULL);
INSERT INTO `booking_db`.`schedules` (`id_schedule`, `id_tour`, `day_number`, `title`, `description`, `image1`, `caption1`, `image2`, `caption2`) VALUES (6, 2, 1, 'ĐÊM 1: TPHCM – QUY NHƠN BÌNH ĐỊNH', 'Tối: Hướng dẫn viên đón khách tại Ga Sài Gòn đón chuyến Tàu SE4, SQN2, SQN4, SE2 khởi hành đi Diêu Trì hoặc Quy Nhơn, Quý khách ăn tối tự túc trước khi lên tàu, nghỉ đêm trên xe lửa. (Ký hiệu tàu có thể thay đổi tuỳ thuộc vào thời gian quý khách đặt tour).', NULL, NULL, NULL, NULL);
INSERT INTO `booking_db`.`schedules` (`id_schedule`, `id_tour`, `day_number`, `title`, `description`, `image1`, `caption1`, `image2`, `caption2`) VALUES (7, 2, 2, 'NGÀY 1: QUY NHƠN – HÀN MẶC TỬ - KDL GHỀNH RÁNG ( ĂN TRƯA, TỐI) ', 'Sáng: Qúy khách ăn sáng tự túc ngay trên Tàu, Tàu đến Ga Diêu Trì hoặc Ga Quy Nhơn, Xe và HDV đón đoàn khởi hành Tham quan: Eo Gió – một ghềnh đá quanh năm lộng gió. Đứng trên Eo Gió, phóng tầm mắt ra xa, quý khách chiêm ngưỡng bao quát cả vùng biển bao la rộng lớn, đắm say lòng người.\\nSau đó Quý khách lên thuyền qua Bãi tắm Kỳ Co – Một bãi tắm còn hoang sơ, trong sạch. Tại đây, quý khách có thể tận mắt chứng kiến một cảnh đẹp thiên nhiên tuyệt đẹp, làm say đắm biết bao lòng người. Với màu nước trong xanh, bãi cát trắng dài và mịn, những cơn sóng biển êm ái chính là điểm đến lý tưởng thu hút nhiều du khách trong thời gian gần đây. Ngoài tắm biển và vui đùa, quý khách còn có những trò chơi mạo hiểm khi leo lên ghềnh đá và nhảy xuống biển, một cảm giác thật sảng khoái và thú vị.\\n12h00: Quý khách dùng bữa trưa với các món hải sản tươi sống do người dân làng chài vừa mới đánh bắt được, sau đó thuyền đưa quý khách về lại đất liền, khởi hành về khách sạn nghĩ ngơi.\\n14h00:  Quý khách về lại khách sạn nghĩ ngơi, tự do tắm biển hoặc tham quan.\\nBuổi chiều: Đoàn đến khu du lịch Ghềnh Ráng viếng nơi an nghĩ của nhà thơ Hàn Mạc Tử, tham quan bãi tắm Hoàng Hậu, Bãi Trứng, Đá Hòn Chồng.\\nDùng cơm tại nhà hàng, tự do khám phá Thành Phố Quy Nhơn về đêm.', 'ivivu-eo-gio-13.jpg', 'Eo Gió.', 'ivivu-bien-ky-co.jpg', 'Bãi Tắm Kỳ Co.');
INSERT INTO `booking_db`.`schedules` (`id_schedule`, `id_tour`, `day_number`, `title`, `description`, `image1`, `caption1`, `image2`, `caption2`) VALUES (8, 2, 3, 'NGÀY 2: GÀNH ĐÁ DĨA – NHÀ THỜ MẰNG LĂNG – HOA VÀNG CÓ XANH ( ĂN SÁNG, TRƯA, TỐI)', 'Buổi sáng: Đoàn làm thủ tục trả phòng, dùng điểm tâm sáng sau đó khởi hành về Thành Phố Tuy Hoà. Đoàn dừng chân tham quan nhà thờ Mằng Lăng – nơi lưu giữ cuốn kinh thánh bằng chữ quốc ngữ cổ nhất Việt Nam. Đoàn tham quan, chụp hình lưu niệm tại Gành Đá Dĩa – thắng cảnh độc nhất vô nhị tại Việt Nam.\\nChỉ cần một lần đến gành Đá Dĩa, ngắm những khối đá xô lệch bởi bàn tay tạo hóa trầm mặc ngàn năm nghe sóng vỗ, du khách sẽ hiểu tại sao người ta nói Phú Yên sở hữu những báu vật thiên nhiên không nơi nào có được…, chiêm ngưỡng thắng cảnh cấp Quốc Gia Đầm Ô Loan.\\nTrưa: quý khách dùng cơm trưa tại nhà hàng, sau đó đoàn về Khách Sạn Cendeluxe tiêu chuẩn 5 sao nhận phòng nghĩ ngơi.\\nBuổi chiều: Xe đưa quý khách tham quan và tự do tắm biển tại Bãi Xếp - là một trong những phim trường “ Tôi Thấy Hoa Vàng Trên Cỏ Xanh”.\\nTối: Quý khách dùng buổi tối với các món Hải Đặc Sản tại Khu Bờ Kè Hải Sản Tuy Hoà như: Tam Sung Sung, Sò Huyết Ô Loan, Tôm nướng, Cá Nướng, Mực Hấp, Cơm chiên muối ớt, cơm chiên dương châu, Lẩu Hải Sản…. Quý khách nghĩ đêm tại Tuy Hoà.', 'ivivu-nha-tho-mang-lang.jpg', 'Nhà Thờ Mằng Lăng.', 'ivivu-ghenh-da-dia-16.jpg', 'Ghềnh Đá Dĩa.');
INSERT INTO `booking_db`.`schedules` (`id_schedule`, `id_tour`, `day_number`, `title`, `description`, `image1`, `caption1`, `image2`, `caption2`) VALUES (9, 2, 4, 'NGÀY 3: MŨI ĐIỆN “CỰC ĐÔNG TỔ QUỐC” – THÁP NHẠN  – TP HCM ( ĂN SÁNG, TRƯA)NGÀY 3: MŨI ĐIỆN “CỰC ĐÔNG TỔ QUỐC” – THÁP NHẠN  – TP HCM ( ĂN SÁNG, TRƯA)', 'Sáng: Đoàn dùng điểm tâm buffet tại khách sạn, Đoàn khởi hành chinh phục Mũi Điện Đại Lãnh – là nơi Cực Đông của Tổ Quốc, nơi đón ánh mặt trời đầu tiên, quý khách sẽ ngắm tầm nhìn ra vùng biển khơi xa và tạo cho mình những bức ảnh thật đẹp tại điểm tham quan này, sau đó xe đưa quý khách về lại khách sạn nhận phòng nghỉ ngơi.\\n12h00: Quý khách làm thủ tục trả phòng, dùng cơm trưa tại nhà hàng, Đoàn khởi hành viếng chùa Bảo Lâm, Đoàn chinh phục núi Nhạn, tháp Nhạn, ngắm cảnh hoàng hôn trên đỉnh núi và toàn cảnh thành phố Tuy Hoà, mua sắm đặc sản về làm quà cho người thân……sau đó đoàn khởi hành ra Ga Tuy Hòa đón chuyến tàu SQN1, SE9, SE21 về Thành Phố Hồ Chí Minh (Qúy khách ăn tối tự túc trên Tàu ). Sáng hôm sau Đoàn về đến HCM, HDV thay mặt công ty du lịch chào tạm biệt và hẹn gặp lại.\\nThứ tự tham quan có thể thay đổi nhưng vẫn đảm bảo đầy đủ điểm trong chương trình.', 'ivivu-mui-dien-dai-lanh.gif', 'Mũi Điện Đại Lãnh.', 'ivivu-thap-nhan.jpg', 'Tháp Nhạn.');
INSERT INTO `booking_db`.`schedules` (`id_schedule`, `id_tour`, `day_number`, `title`, `description`, `image1`, `caption1`, `image2`, `caption2`) VALUES (10, 3, 1, 'NGÀY 1: HCM - VÂN ĐỒN - HẠ LONG ( ĂN SÁNG, TRƯA, TỐI)', '05h00: Nhân viên đón Quý khách tại Ga Quốc nội, sân bay Tân Sơn Nhất hỗ trợ làm thủ tục đáp chuyến bay đi Vân Đồn dự kiến lúc 07h15.\\n08h30: Đến sân bay, xe đón quý khách về nhà hàng dùng bữa sáng. Khởi hành đi Hạ Long.\\n12h00: Đến Hạ Long, đoàn ăn trưa tại nhà hàng. Nhận phòng tại khách sạn, nghỉ ngơi.\\n14h00: Xe đưa đoàn đến bến thuyền thăm Vịnh Hạ Long - Kỳ quan thiên nhiên thế giới,  được UNESCO hai lần công nhận là di sản thiên nhiên thế giới. Tàu đón quý khách, bắt đầu hành trình khám phá vịnh Hạ Long ngắm cảnh Làng Chài, hòn Ấm, hòn Rùa, hòn Đỉnh Hương, hòn Chó Đá, hòn gà Chọi… Tàu dừng để Đoàn tham quan:\\n- Động Thiên Cung tức là “Cung điện của trời”: Là một trong những hang động đẹp nhất ở Hạ Long. Hang rộng, có nhiều cấp nhiều ngăn với vô vàn nhũ đá, măng đá mang những hình thù kỳ lạ. \\n- Hang Đầu Gỗ - là nơi gắn liền với câu chuyện lịch sử chống quân Nguyên Mông năm 1228 của Trần Hưng Đạo. hải trình du thuyền đi giữa Hạ Long với hàng ngàn đảo đá sừng sững du khách sẽ có dịp chiêm ngưỡng bức tranh thiên tạo khổng lồ như  Hòn Đỉnh Hương,  Hòn Gà Chọi, hòn Chó Đá,….\\n18h30: Đoàn ăn tối tại nhà hàng. Quý khách tự do dạo chơi dọc biển Bãi Cháy, đi mua sắm hàng hóa tại khu Chợ Đêm Hạ Long sầm uất, lên cầu Bãi Cháy – cây cầu dây văng dài nhất Việt Nam ngắm Hạ Long về đêm.\\nHoặc quý khách tự do tham quan khu vui chơi Sun World Hạ Long Complex là tổ hợp vui chơi giải trí hàng đầu Việt Nam với tổng diện tích lên tới 214ha. Tổ hợp được thiết kế bao gồm 03 phân khu chính: Phân khu giải trí ven biển và phân khu giải trí Ba Đèo được kết nối bởi hệ thống cáp theo Nữ Hoàng độc đáo. Hệ thống trò chơi hiện đại, đẳng cấp cùng với không gian kỳ vĩ của vịnh Hạ Long chắc chắn sẽ mang tới cho du khách những trải nghiệm khó quên. (chi phí tự túc)', 'ivivu-dong-thien-cung.gif', 'Động Thiên Cung', 'ivivu-hang-dau-go.gif', 'Hang Đầu Gỗ.');
INSERT INTO `booking_db`.`schedules` (`id_schedule`, `id_tour`, `day_number`, `title`, `description`, `image1`, `caption1`, `image2`, `caption2`) VALUES (11, 3, 2, 'NGÀY 2: HẠ LONG – NINH BÌNH ( ĂN SÁNG, TRƯA, TỐI)', '06h30: Quý khách trả phòng khách sạn, dùng bữa sáng tại nhà hàng.\\n08h00: Xe đón quý khách, khởi hành về Ninh Bình.\\n12h00: Đoàn ăn trưa tai nhà hàng với đặc sản Dê Ninh Bình tại nhà hàng, nghỉ ngơi.\\n13h00: Xe đưa quý khách qua khu du lịch Tràng An tham quan:\\nKDL Tràng An: Di sản được UNESCO công nhận là di sản văn hóa và thiên nhiên Thế giới, giúp cho Việt Nam lần đầu lọt vào danh sách 30 di sản hỗn hợp Thế Giới. Lên thuyền xuôi dòng Sào khê uốn lượn giữa cánh đồng lúa, quý khách đi đò thăm Hang sáng , Hang tối, Hang nấu rượu, nơi những dải đá vôi, thung lũng và những sông ngòi đan xen tạo nên một không gian huyền ảo, kỳ bí. \\n17h00: Đoàn về khác sạn, nhận phong và nghỉ ngơi.\\n18h30: Quý khách tập trung, xe đưa đoàn đến nhà hàng dùng bữa tối. Sau đó, đoàn tự do dạo chơi phố đêm Ninh Binh.', 'ivivu-trang-an.gif', 'KDL Tràng An.', NULL, NULL);
INSERT INTO `booking_db`.`schedules` (`id_schedule`, `id_tour`, `day_number`, `title`, `description`, `image1`, `caption1`, `image2`, `caption2`) VALUES (12, 3, 3, 'NGÀY 3: HOA LƯ – BÁI ĐÍNH – TAM CHÚC – HÀ NỘI ( ĂN SÁNG, TRƯA, TỐI)', '07h00: Quý khách dùng điểm tâm tại nhà hàng. Trả phòng khach sạn.\\n08h30: Đoàn khởi hành tham quan:\\n- Cố Đô Hoa Lư - Kinh đô của nước ta vào thế kỷ X, nơi đây quý khách cùng tham quan hai ngôi đền thờ vua Đinh và vua Lê. \\n- Chùa Bái Đính: Tổ hợp kiến trúc Phật giáo lớn nhất tại Việt Nam. Chùa Bái Đính đã xác lập nhiều kỷ lục: Khu chùa có diện tích rộng nhất Việt Nam, tượng Phật bằng đồng lớn nhất Đông Nam Á, hai quả chuông lớn nhất Đông Nam Á, kỷ lục về số cây bồ đề nhiều nhất Việt Nam.\\n12h30: Đoàn dùng bữa trưa tại nhà hàng.\\n14h00: Đoàn lên xe về lại Hà Nội. Trên đường về đoàn ghe tham quan tại Hà Nam:\\nKDL Chùa Tam Chúc: la ngôi chùa được coi là lớn nhất Thế Giới, với khá nhiều hạng mục đặc sắc nằm trên tổng thể khoang hơn 5000ha, điểm nhấn vổi bật của KDL này là Chùa Tam Chúc là chùa mới hiện nay được xây dựng nằm ở phía Tây và nhìn ra hồ Tam Chúc, với các hạng mục cổng Tam Quan, Vườn cột kinh, điện Quan Âm, điện Pháp Chủ, điện Tam Thế và Tháp Ngọc.\\n17h30: Đến Hà Nội, đoàn về khách sạn nghỉ ngơi tự do.\\n19h00: Đoàn ăn tối tại nhà hàng. Sau đó, Tự do tham quan mua sắm tại Phố Cổ - Hà Nội.', 'ivivu-co-do-hoa-lu-2.gif', 'Cố Đô Hoa Lư.', 'ivivu-bai-dinh.gif', 'Chùa Bái Đính.');
INSERT INTO `booking_db`.`schedules` (`id_schedule`, `id_tour`, `day_number`, `title`, `description`, `image1`, `caption1`, `image2`, `caption2`) VALUES (13, 3, 4, 'NGÀY 4: HÀ NỘI – CITY TOUR – TIỄN KHÁCH ( ĂN SÁNG, TRƯA)', 'Sáng: Sau bữa sáng tại nhà hàng. Quý khách làm thủ tục trả phòng khách sạn.\\n08h00: Xe đưa quý khách khởi hành tham quan City Tour Hà Nội:\\n- Hồ Tây – Hồ đẹp và lớn nhất Hà Nội, Hồ Tây từ xa xưa đã là thắng cảnh nổi tiếng.\\n- Đền Quán Thánh –“Trấn Vũ quán” – Một trong tứ trấn của thành Thăng Long xưa ở đây có pho tượng Thánh Trấn Vũ bằng đồng đen nặng 3600kg.\\n- Chùa Trấn Quốc - Bắc Môn là Phần còn lại của thành cổ Thăng Long xưa, dạo mát ngắm cảnh tại Hồ Tây, Hồ Trúc bạch.\\nCụm di tích Ba Đình: Lăng Bác, Quảng Trường Ba Đình, Phủ Chủ Tịch, Nhà sàn Bác Hồ, chùa Một Cột, bảo tàng Hồ Chí Minh.\\nTrưa: Quý khách dùng bữa trưa tại nhà hàng với đặc sản Bánh tôm hồ tây.\\nChiều: Sau đó xe đưa quý khách ra sân bay Nội Bài, đáp chuyến bay về lại Sài Gòn, Kết thúc chuyến tham quan, chúc sức khoẻ và hẹn ngày gặp lại. ', 'ivivu-chua-tran-quoc.gif', 'Chùa Trấn Quốc.', 'ivivu-tour-ha-noi-city-tour-chua-mot-cot-1.jpg', 'Chùa Một Cột.');
INSERT INTO `booking_db`.`schedules` (`id_schedule`, `id_tour`, `day_number`, `title`, `description`, `image1`, `caption1`, `image2`, `caption2`) VALUES (14, 4, 1, 'NGÀY 01: SÀI GÒN – QUY NHƠN – KHÁM PHÁ BIỂN QUY NHƠN ( ĂN TRƯA, TỐI)', 'Buổi sáng: 05h00’: HDV đón đoàn tại sân bay Tân Sơn Nhất, làm các thủ tục cho đoàn đáp chuyến bay của Vietnam Airline (Sài Gòn – Quy Nhơn).\\n09h00’: HDV đón Quý khách tại sân bay Phù Cát, \\n11h30’: Quý khách dùng bữa trưa tại nhà hàng.\\nĐoàn về nhận phòng khách sạn nghỉ ngơi.\\nBuổi chiều: 14h00’: Xe và hướng dẫn viên đưa đoàn đi tham quan:\\nTháp Đôi – Ngôi tháp Chăm cổ có từ thế kỷ XII trong lòng thành phố.\\nTiếp tục đến tham quan khu du lịch Gềnh Ráng – Tiên Sa với: đồi thi nhân Hàn Mặc Tử, dốc Mộng Cầm, bãi tắm Hoàng Hậu. Tìm hiểu tranh nghệ thuật bút lửa và cuộc đời của nhà thơ tài danh Hàn Mặc Tử cùng những nàng thơ của ông.\\nBuổi tối: Quý khách dùng bữa tối tại nhà hàng, nghỉ ngơi và khám phá thành phố biển về đêm.', 'ivivu-thap-doi.jpg', 'Tháp Đôi.', 'ivivu-ghenh-rang-tien-sa.gif', 'Ghềnh Ráng - Tiên Sa.');
INSERT INTO `booking_db`.`schedules` (`id_schedule`, `id_tour`, `day_number`, `title`, `description`, `image1`, `caption1`, `image2`, `caption2`) VALUES (15, 4, 2, 'NGÀY 02: TÂY SƠN - EO GIÓ - BẢO TÀNG QUANG TRUNG ( ĂN SÁNG, TRƯA, TỐI)', 'Buổi sáng: 06h30’: Quý khách dùng điểm tâm sáng tại khách sạn.\\n07h30’: Xe đưa đoàn di chuyển đi Nhơn Lý, đoàn bắt đầu hành trình:\\nChinh phục đồi cát Nhơn Lý - lớn nhất Việt Nam – nơi được coi là tiểu sa mạc giữa lòng biển xanh .\\nNgắm Cầu Thị Nại – cầu vượt biển dài nhất Việt Nam nối trung tâm thành phố Quy Nhơn với Khu Kinh Tế Nhơn Hội và bán đảo Phương Mai.\\nĐoàn bắt đầu hành trình khám phá đảo Kỳ Co – được mệnh danh là Maldives của Việt Nam với nước biển trong vắt, bãi cắt trắng trải dài đẹp như mộng, với con đường cầu gỗ bắc ra bến tàu đẹp và ảo diệu.\\nQuý khách có thể tham gia trượt cát đầy thú vị nơi đây. Đến tham quan xã đảo Nhơn lý với các thắng cảnh:\\n- Eo gió Nhơn Lý – nơi đất trời, thiên nhiên hội tụ.\\nChiêm bái Phật tại Tịnh Xá Ngọc Hòa - nổi tiếng với tượng Phật Bà 2 mặt ngoài trời cao nhất Việt Nam, một tổ hợp kiến trúc đa dạng và độc đáo giữa văn hóa Champa, Kherme, Nhật Bản, Trung Quốc, Việt Nam…được tái hiện. Tịnh xá còn là chỗ dựa tinh thần cho dân chài nơi đây về sự linh ứng nhuộm màu.\\n11h00’: Đoàn đáp cano cao tốc quay trở về lại đất liền, tắm nước ngọt.\\n11h30’: Quý khách dùng bữa trưa hải sản với những đặc sản nổi tiếng tại biển Quy Nhơn như: ốc nón, bề bề, ốc móng tay, ốc vũ nữ….\\n12h30’: Sau bữa trưa, xe và hướng dẫn viên đưa quý khách thăm quan Tây Sơn, đến làng Kiên Mỹ (Tây Sơn) – quê hương của 3 anh hùng áo vải cờ đào Nguyễn Nhạc, Nguyễn Huệ, Nguyễn Lữ. Đến nơi đây quý khách bồi hồi như sống lại với khí phách hào hùng của lịch sử cách đây hơn 200 năm của chiến thắng « Ngọc Hồi – Đống Đa » lừng lẫy. Đoàn tham quan các di tích còn xót lại như: cây Me, giếng nước, bến Trầu, tham gia chương trình lễ hội đặc sắc « lễ hội Đống Đa » với phần nghi lễ trang trọng và phần hội là những trò chơi dân gian mang đậm bản sắc miền đất võ như: đấu cờ người, chọi gà, trống trận và võ thuật cổ truyền Bình Định.\\n17h00’: Trở về khách sạn, tự do tắm biển.\\n18h30’: Quý khách dùng bữa tối tại nhà hàng, thưởng thức đặc sản Quy Nhơn.\\nBuổi tối: Quý khách tự do dạo phố biển, ngắm biển lúc về đêm.', 'ivivu-eo-gio-13 (1).jpg', 'Eo Gió.', 'ivivu-bai-tam-ky-co.jpg', 'Bãi Tắm Kỳ Co.');
INSERT INTO `booking_db`.`schedules` (`id_schedule`, `id_tour`, `day_number`, `title`, `description`, `image1`, `caption1`, `image2`, `caption2`) VALUES (16, 4, 3, 'NGÀY 03: QUY NHƠN - CẢNG VŨNG RÔ – TUY HÒA ( ĂN SÁNG, TRƯA, TỐI)', 'Buổi sáng: Quý khách dùng điểm tâm tại nhà hàng,trả phòng đoàn khởi hành đi Phú Yên.\\nĐoàn khởi hành tham quan thắng cảnh Gành Xép – nơi được chọn làm bối cảnh quay của bộ phim ăn khách \"Tôi đã thấy hoa vàng trên cỏ xanh\" của đạo diễn Victor Vũ. Đoàn tham quan nhà thờ Mằng Lăng, một trong những ngôi nhà thờ cổ được xây dựng lâu đời nhất tại Việt Nam (1892) và là nơi còn lưu giữ cuốn sách in chữ Quốc ngữ đầu tiên của Việt Nam.\\nTiếp tục di chuyển đến gành Đá Đĩa – thắng cảnh cấp quốc gia với chiều rộng 50m, trải dài trên 200m với những khối đá hình cột dựng đứng như những chiếc đĩa được xếp liền khít, chồng lên nhau. Quý khách lưu lại những tấm hình tuyệt đẹp và độc nhất vô nhị ở Việt Nam.\\nQuý khách dùng bữa trưa tại nhà hàng với những món đặc sản địa phương.\\nĐoàn khởi hành tham quan hải đăng Mũi Điện, chinh Phục ngọn Hải Đăng Mũi Điện bằng đường bậc thang từ chân núi lên đến đỉnh núi. Quý khách sẽ ngỡ ngàng trước cảnh đẹp của vịnh Vũng Rô khi nhìn từ trên đỉnh núi. Chụp ảnh lưu niệm tại di tích lịch sử Vũng Rô, nơi cặp bến của những chiếc tàu không số và đường Hồ Chí Minh trên biển\\nĐoàn đi tham quan tháp Nhạn – nổi tiếng và được coi là biểu tượng du lịch của tỉnh Phú Yên – từ đây, quý khách có thể ngắm nhìn toàn cảnh thành phố Tuy Hoà tuyệt đẹp từ trên cao.\\nBuổi tối: Quý khách ăn tối tại nhà hàng về khách sạn nhận phòng khám phá thành phố biển về đêm.', 'ivivu-mui-dien-dai-lanh (1).gif', 'Ngọn Hải Đăng Mũi Điện.', 'ivivu-tour-phu-yen-3n3d-hai-dang-dai-lanh-ganh-da-dia-hon-kho-quy-nhon-nha-tho-mang-lang.jpg', 'Nhà Thờ Mằng Lăng.');
INSERT INTO `booking_db`.`schedules` (`id_schedule`, `id_tour`, `day_number`, `title`, `description`, `image1`, `caption1`, `image2`, `caption2`) VALUES (17, 4, 4, 'NGÀY 04: TUY HOÀ - SÀI GÒN (ĂN SÁNG)', 'Buổi sáng:Quý khách dùng điểm tâm tại nhà hàng, đoàn trả phòng.\\nXe và hướng dẫn viên đưa đoàn đi mua sắm đặc sản miền trung.\\nXe đưa đoàn ra sân bay Tuy Hòa – Phú Yên làm thủ tục hàng không (Tuy Hòa-SGN) cất cánh lúc 09h35 – 10:45. Chia tay quý khách và hẹn ngày gặp lại.\\n11h30’: Qúy khách dùng bữa trưa tại nhà hàng.\\nLàm các thủ tục trả phòng, xe đưa đoàn ra sân bay làm thủ tục hàng không ( Tuy Hòa-SGN) cất cánh lúc 13h30’. Chia tay quý khách và hẹn ngày gặp lại.', 'ivivu-thap-nhan (1).jpg', 'Tháp Nhạn.', NULL, NULL);
INSERT INTO `booking_db`.`schedules` (`id_schedule`, `id_tour`, `day_number`, `title`, `description`, `image1`, `caption1`, `image2`, `caption2`) VALUES (18, 5, 1, 'NGÀY 1: TPHCM - CHÂU ĐỐC – LÀNG CHĂM - MIẾU BÀ ( ĂN SÁNG, TRƯA, TỐI)', 'Điểm đón:\\n- Nhà văn hóa Thanh Niên ( 04 Phạm Ngọc Thạch, Quận 1) lúc 5h00 sáng.\\n- Cây xăng đối diện bến xe Miền Tây lúc 5h30. \\nSáng: Xe và Hướng dẫn viên đón quý khách tại điểm hẹn, sắp xếp hành lý, gửi lời chào thân ái và chúc sức khỏe quý khách. Xe khởi hành đi An Giang. Trên đường đi, HDV tổ chức hoạt náo, cùng gửi lời chào đến các thành viên của đoàn đã tham gia Tour.\\nĐến với Tiền Giang. Quý khách điểm tâm với đặc sản hủ tiếu Mỹ Tho - là món ăn trứ danh lâu đời. Những sợi hủ tiếu dai ngon cùng nước lèo xương, mực ngọt lịm. Trải lên sợi bánh là sườn non, thịt nạt, gan, tim heo, tôm thẻ, hẹ, rau, giá sống. Khiến ta nhớ hoài.\\nTrưa: Tới Thành Phố Long Xuyên, dùng bữa trưa tại nhà hàng.\\nChiều: Tiếp tục khởi hành đi Châu Đốc.\\nTới Châu Đốc, Quý khách tham quan:\\n- Làng Chăm: là nơi còn lưu giữ khá nhiều nét văn hóa độc đáo trong đời sống vật chất lẫn tinh thần. Nổi bật trong số đó có thể kể đến nghề dệt thổ cẩm truyền thống, tập tục sinh sống nhà sàn và tín ngưỡng Hồi giáo dưới bóng thánh đường. Chính từ điều này mà làng Chăm Châu Đốc thường được các các nhà văn, nhà thơ, nhạc sĩ tìm đến để lấy cảm hứng sáng tác nhiều tác phẩm văn học và nghệ thuật.\\n- Viếng Miếu Bà Chúa Xứ: Tọa lạc ngay dưới chân núi Sam, ngoài kiến trúc độc đáo và đẹp mắt, miếu Bà là một trong những di tích lịch sử, kiến trúc và tâm linh quan trọng cần được bảo tồn và phát triển. Với sự linh thiêng và ứng nghiệm, cầu được ước thấy khiến miếu Bà hàng năm thu hút hàng triệu lượt khách đến tham quan, cúng viếng, là địa điểm du lịch tâm linh hấp dẫn trong những ngày lễ, Tết.\\n- Lăng Thoại Ngọc Hầu: một vị quan triều Nguyễn, được triều đình cử vào khai phá và trấn giữ An Giang. Du khách đến dây không chỉ để chiêm ngưỡng một công trình kiến trúc tiêu biểu, thưởng ngoạn không khí yên ả, thanh bình, mà còn là để thể hiện lòng thành kính đối với những bậc tiền nhân thuở trước.\\nTối: Quý khách dùng bữa tối tại nhà hàng. Tự do khám phá Châu Đốc về đêm.', 'ivivu-lang-cham-da-phuoc.gif', 'Làng Chăm.', 'ivivu-mieu-ba-chua-xu-2.gif', 'Miếu Bà Chúa Xứ.');
INSERT INTO `booking_db`.`schedules` (`id_schedule`, `id_tour`, `day_number`, `title`, `description`, `image1`, `caption1`, `image2`, `caption2`) VALUES (19, 5, 2, 'NGÀY 2: CHÂU ĐỐC - TRÀ SƯ- CẦN THƠ – BẾN NINH KIỀU ( ĂN SÁNG, TRƯA, TỐI)', 'Sáng: Quý khách dùng điểm tâm sáng, làm thủ tục trả phòng. Đoàn khởi hành đi tham quan, HDV sẽ giới thiệu về văn hóa đón tết của các địa phương đi ngang qua. Trước khi chia tay Châu Đốc, đoàn dừng chân tham quan và mua sắm tại:\\nChợ Châu Đốc nơi đây là điểm tập kết, trao đổi mua bán của tất tần tật các loại mắm khác nhau như mắm cá linh, cá chốt, cá lóc, mắm dưa cà,…Những chậu mắm được sắp xếp gọn gàng và bài trí bắt mắt. Mỗi loại mắm bày bán ở chợ Châu Đốc được đặt theo tên cá nguyên liệu làm để cho dễ nhớ. Đi chợ Châu Đốc, đứng cách xa hàng trăm mét, bạn đã ngửi thấy mùi thơm đặc trưng phát ra từ những sạp hàng ở khu chợ mắm.\\nĐoàn tiếp tục hành trình đi Rừng Tràm Trà Sư:\\n- Rừng Tràm Trà Sư - một trong những khu rừng ngập nước có diện tích lớn ở miền Tây Sông Hậu. Là nơi trú ngụ, sinh tồn của hàng trăm loại chim, cá, loại lưỡng cư, và nhiều động thực vật khác, xuồng xuôi theo những con rạch đầy lục bình bèo hoa dâu xanh mướt, xen lẫn là những đầm bông sen hồng, bông súng tím, tham quan phong cảnh, tận hưởng một không gian yên tĩnh, trong lành của rừng tràm và thế giới của chim trời cá nước. Lên đài cao, quan sát toàn cảnh rừng Trà Sư. Ngắm cảnh chao lượn của vạn cánh chim trời bay về kiếm ăn, làm tổ ở nơi đây.\\nTrưa: Đoàn dùng bữa trưa tại Rừng Tràm Trà Sư. Chia tay An Giang, khởi hành về Cần Thơ.\\nChiều: Đoàn đến Cần Thơ nhận phòng khách sạn, nghỉ ngơi.\\nTối: Xe đưa Quý khách đến Bến Ninh Kiều, Đoàn tham gia chương trình: “thưởng ngoại du thuyền trên Sông Hậu”. Cùng thưởng thức nghệ thuật Đờn Ca Tài Tử với những chất giọng ấm cúng trữ tình, đậm chất Miền Tây Nam Bộ, dùng bữa tối trên du thuyền là nét văn hóa cao sang từ ngàn xưa, mà bất cứ du khách đến đây đều muốn trải nghiệm.\\nĐoàn tự do dạo phố đêm. Thành phố Cần Thơ hay được dân giang yêu kiều đặt cho cái tên “Tây Đô” vốn dĩ đông đúc, sôi nổi từ lâu mà ca dao từng khen tặng \"Cần Thơ có bến Ninh Kiều/Có dòng sông đẹp với nhiều giai nhân\"...\\nDu khách sẽ ngỡ ngàng với vẻ đẹp lung linh, lộng lẫy cùng ánh đèn rực rỡ sắc màu tại Bến Ninh Kiều, hay choáng ngợp trước công trình mới đang thu hút giới trẻ: Cầu đi bộ Bông Sen vô cùng độc đáo.', 'ivivu-cho-chau-doc.gif', 'Chợ Châu Đốc.', 'ivivu-rung-tram-tra-su-9.gif', 'Rừng Tràm Trà Sư.');
INSERT INTO `booking_db`.`schedules` (`id_schedule`, `id_tour`, `day_number`, `title`, `description`, `image1`, `caption1`, `image2`, `caption2`) VALUES (20, 5, 3, 'NGÀY 3: CHỢ NỔI CÁI RĂNG - KDL MỸ KHÁNH - HCM ( ĂN SÁNG, TRƯA)', 'Sáng: Quý khách dậy sớm, cùng tìm hiểu văn hóa của người dân Cần Thơ với chuyến đò tham quan đặc sắc:\\n- Chợ Nổi Cái Răng: Hơn 100 năm hình thành và phát triển, chợ nổi Cái Răng trở thành biểu tượng du lịch đặc trưng của TP Cần Thơ. Hãy đến tham quan Chợ nổi, để cùng cảm nhận thực sự cuộc sống miền sông nước, cùng nhau lắng nghe giọng hò ngọt ngào của cô gái chèo ghe đùa vui với người yêu: “Cái Răng, Ba Láng, Vàm Xáng, Xà No/ Anh có thương em xin sắm một cái đò/ Để em qua lại mua cò gởi anh’’. Từ rất sớm người dân từ mọi nơi đã đổ về tập trung tại Chợ để buôn bán hàng hóa nào là: Xoài, nhãn, sầu riêng, măng cụt, chôm chôm, dưa, khoai …trên những chiếc xuồng bấp bênh người dân vội vã và mong muốn sớm bán hết hàng hóa để kịp khi ánh bình minh. Chợ Nổi đại diện cho văn hóa Miền Tây sông nước.\\nĐoàn ăn sáng Buffet, nghỉ ngơi tự do, làm thủ tục trả phòng. Khởi hành đi tham quan:\\n- KDL Vườn trái cây - Mý Khánh: Điểm tham quan vô cùng hấp dẫn với:\\n- Khu vui chơi giải trí: Bao gồm khu trò chơi dưới nước như bơi xuồng, đạp thiên nga, ô tô nước, xe đạp nước, đi cầu khỉ, đi cầu dây. Thay đổi cảm giác hồi hộp bằng trò chơi hấp dẫn, tham quan khu vườn thú hoang dã và phong phú chủng loại. Ngoài ra, quý khách sẽ vô cùng thích thú khi được tận tay cho cá bú bình tại Hồ Cá Chép. Thỏa chí vui vẻ và sảng khoái khi xem các tiếc mục đua heo, đua chó, xiếc khỉ. Khám phá vườn trái cây Mỹ Khánh hoặc khu trò chơi xe điện đụng, xem phim 6D... vô cùng đa dạng.\\n- Ẩm thực Mỹ Khánh: Quý khách có dịp thưởng thức món ăn đặc sản của người Miền Tây như: Bánh xèo, Cá nướng trui, mắm kho bông súng trắng, Ba Khía, Chuột thui rơm..( Chí phí tự túc)\\nTrưa: Đoàn dùng bữa trưa với thực đơn hấp dẫn. Trong không gian trữ tình Nam bộ cùng những cô phục vụ mặc áo bà ba rất duyên dáng. Chắc chắn quý khách sẽ có buổi cơm gia đình thật ấm cúng và vui vẻ bên nhau.\\nChiều: Đoàn khởi hành về lại TP.HCM, trên đường về Quý khách dừng chân mua sắm đặc sản địa phương như: bánh Pía, nem chua, bánh dừa và trái cây ngon... làm quà tặng cho người thân. Về đến TP.HCM, chia tay và hẹn gặp lại Quý khách.', 'ivivu-cho-noi-cai-rang.jpg', 'Chợ Nổi Cái Răng.', 'ivivu-vuon-trai-cay-my-khanh.gif', 'Vườn Trái Cây KDL Mỹ Khánh.');
INSERT INTO `booking_db`.`schedules` (`id_schedule`, `id_tour`, `day_number`, `title`, `description`, `image1`, `caption1`, `image2`, `caption2`) VALUES (21, 6, 1, 'NGÀY 01: TP.HCM – ĐÀ NẴNG – BẢO TÀNG CHĂM - NGŨ HÀNH SƠN - HỘI AN ( ĂN TRƯA, TỐI)', 'Nhân viên công ty đón khách tại sân bay Tân Sơn Nhất làm thủ tục bay Đà Nẵng.\\nTới Đà Nẵng, xe và hướng dẫn viên đưa đoàn đi thăm quan Bảo Tàng Chàm – Bảo tàng được đánh giá là Bảo Tàng có giá trị hàng đầu thế giới.  \\nKhởi hành đi ăn trưa tại nhà hang địa phương. Ăn trưa nhà hàng. Sau đó về khách sạn nhận phòng.\\nBuổi chiều: đi tham quan Khu di tích – danh thắng Ngũ Hành Sơn (khám phá các hang động, viếng những ngôi chùa thiêng), Làng Nghề Điêu Khắc Đá và biển Non Nước.\\nQuý khách bách bộ tham quan & mua sắm tại Phố Cổ Hội An: Chùa cầu Nhật Bản, bảo tàng văn hóa Sa Huỳnh, nhà Cổ hàng trăm năm tuổi, hội quán Phước Kiến.\\n17h00: Khách về lại Đà Nẵng. Ăn tối. Về khách sạn 4 sao nhận phòng nghỉ. Tối tự do khám phá thành phố về đêm.', 'ivivu-bao-tang-cham-da-nang.gif', 'Bảo Tàng Chăm Đà Nẵng.', 'ivivu-tour-da-nang-1n-ngu-hanh-son-hoi-an-ngu-hanh-son.jpg', 'Ngũ Hành Sơn.');
INSERT INTO `booking_db`.`schedules` (`id_schedule`, `id_tour`, `day_number`, `title`, `description`, `image1`, `caption1`, `image2`, `caption2`) VALUES (22, 6, 2, 'NGÀY 02: BÀ NÀ – ĐÀ NẴNG - TẶNG VÉ BÀ NÀ + ĂN TRƯA BUFFET BÀ NÀ ( ĂN SÁNG, TRƯA)', '7h00: Qúy khách dùng điểm tâm sáng tại khách sạn.\\nSau khi dùng bữa sáng đoàn khởi hành đi khu du lịch Bà Nà – Núi Chúa. Nơi mà quý khách khám phá những khoảnh khắc giao mùa bất ngờ Xuân – Hạ - Thu – Đông trong 1 ngày.\\nNgồi cáp treo dài nhất thế giới (gần 6.000m), tham quan:\\n- Đồi Vọng Nguyệt, chùa Linh Ứng, Thích Ca Phật Đài, Cầu Vàng và chinh phục đỉnh núi Chúa ở độ cao 1.487m so với mực nước biển để thưởng thức quang cảnh núi rừng Bà Nà và toàn cảnh Đà Nẵng trên cao.\\n- Tham gia các trò chơi phiêu lưu mới lạ, ngộ nghĩnh, hấp dẫn, hiện đại như vòng quay tình yêu, Phi công Skiver, Đường đua lửa, Xe điện đụng, Ngôi nhà ma...\\nĂn trưa tại nhà hàng BUFFET tại Bà Nà.\\nBuổi chiều: quý khách tắm biển Mỹ Khê – một trong 06 bãi biển quyến rũ nhất hành tinh.\\nĂn tối tự túc. Tối quý khách tự do khám phá Phố Biển Đà Nẵng về đêm.', 'ivivu-cap-treo-ba-na-dn.gif', 'Cap Treo Lên Bà Nà.', 'ivivu-cau-ban-tay-vang.jpg', 'Cầu Vàng.');
INSERT INTO `booking_db`.`schedules` (`id_schedule`, `id_tour`, `day_number`, `title`, `description`, `image1`, `caption1`, `image2`, `caption2`) VALUES (23, 6, 3, 'NGÀY 03:  SƠN TRÀ – MUA SẮM - TIỄN KHÁCH VỀ TP.HCM ( ĂN SÁNG, ĂN TRƯA)', '6h30: Qúy khách dùng Điểm tâm sáng tại khách sạn. \\nĐoàn Tham quan: Bán đảo Sơn Trà (Monkey Moutain) – quý khách sẽ có dịp thưởng ngoạn thành phố Đà Nẵng từ trên cao khi  xe chạy quanh 1 vòng bán đảo, Viếng Linh Ứng Tự - nơi có tượng Phật Bà Quán Thế Âm cao 65m (cao nhất Việt Nam).\\nTiếp tục thăm quan Bảo Tàng Đà Nẵng: hiện nay được xây dựng với tổng diện tích khoảng 6000 m2, nằm trong khuôn viên thành Điện Hải, di tích lịch sử nơi Nguyễn Tri Phương chặn những bước chân xâm lược đầu tiên của thực dân Pháp vào Việt Nam năm 1858.\\nSau đó xe đưa du khách đi mua sắm đặc sản, Về lại khách sạn. Check out. Ăn trưa tại khách sạn 5 sao. Đáp chuyến bay về lại Thành Phố Hồ Chí Minh.\\nKết thúc chương trình. Tạm biệt và hẹn gặp lại !', 'ivivu-ban-dao-son-tra.jpg', 'Bán Đảo Sơn Trà.', 'ivivu-bao-tang-da-nang.gif', 'Bảo Tàng Đà Nẵng.');
INSERT INTO `booking_db`.`schedules` (`id_schedule`, `id_tour`, `day_number`, `title`, `description`, `image1`, `caption1`, `image2`, `caption2`) VALUES (24, 7, 1, 'NGÀY 1: TP. HCM - MỸ THO - CẦN THƠ ( ĂN SÁNG, TRƯA, TỐI).', 'Sáng: HDV và xe công ty du lịch đón khách tại điểm hẹn, khởi hành đi Miền Tây. Đoàn dùng điểm tâm sáng tại Mỹ Tho. Đoàn tiếp tục khởi hành đến bến đò 30/4 đoàn xuống tàu tham quan chương trình Miền Tây Sông Nước.\\n- Ngắm Bè Nuôi Cá Trên Sông Tiền\\n- Cầu Rạch Miễu: Cây cầu dây văng đầu tiên do Việt Nam xây dựng. \\n- Tham quan Cù Lao Thới Sơn: Quý khách ngồi trên xuồng len lỏi vào những con rạch nhỏ ngắm nhìn phong cảnh thiên nhiên Miền Tây. Quý khách tiếp tục bách bộ đường Làng tận hưởng không khí Tết Miền Tây. Thưởng thức đặc sản tại làng nghề nỗi tiếng: Kẹo Dừa, Mật Ong, Bánh Mức Tết, thưởng thức trái cây tại vườn (trái cây theo mùa). \\n- Thưởng thức Đờn Ca Tài Tử được trình bài bỡi những nghệ nhân có chất giọng trầm ấm, đậm chất Nam Bộ.\\nTrưa: Đoàn dùng cơm trưa tại Cù Lao với những món đặc sản như: Cá Chiên Xù, Canh Chua Cá,….\\nChiều: Đoàn khởi hành về Cần Thơ đến khách sạn quý khách nhận phòng nghĩ ngơi. \\nTối: Đoàn dùng cơm tối, quý khách tự do tham quan Cần Thơ về đêm', 'ivivu-cau-rach-mieu.gif', 'Cầu Rạch Miễu.', 'ivivu-cu-lao-thoi-son.jpg', 'Cù Lao Thới Sơn.');
INSERT INTO `booking_db`.`schedules` (`id_schedule`, `id_tour`, `day_number`, `title`, `description`, `image1`, `caption1`, `image2`, `caption2`) VALUES (25, 7, 2, 'NGÀY 2: CẦN THƠ - TRẦN ĐỀ - CÔN ĐẢO  ( ĂN SÁNG, TRƯA, TỐI)', 'Sáng 05h00: Ăn sáng, Khởi hành đi cảng Trần Đề làm thủ tục cho lên tàu cao tốc di chuyển đến với Côn Đảo (chuyến 09h00).\\n10h30: Đoàn cập cảng Bến Đầm. Xe và HDV đón du khách di chuyển về trung tâm thị trấn Côn Đảo. Trên đường về Thị Trấn, du khách tham quan:\\n- Bãi Nhát một trong 6 bãi biển đẹp nhất Châu Á với bãi cát trắng, mịn tuyệt đẹp.\\n- Chụp hình Đỉnh Tình Yêu - Biểu tượng cho tình yêu vĩnh cửu, một biểu tượng đặc biệt mà thiên nhiên ban tặng cho Côn Đảo.\\n- Chụp ảnh cùng Mũi Cá Mập.- Tham quan và viếng hương tại Di tích 198 người tù vượt ngục.\\nĐoàn tiếp tục về trung tâm Thị Trấn Côn Đảo, tiếp tục tham quan:\\n- Vân Sơn Tự - Chùa Núi Một: Ngôi chùa Phật giáo lớn nhất và duy nhất tại Côn Đảo được xây dựng bởi những tù nhân tại Trại Phú Hải vào những năm 1960. với địa thế tuyệt đẹp. Du khách có thể phóng tầm mắt đẹp ngắm toàn bộ thị trấn Côn Đảo, và hồ Sen độc đáo duy nhất tại Côn Đảo. \\n- An Sơn Miếu - Miếu Bà Phi Yến: Ngôi miếu thờ Bà Phi Yến – Thứ Phi của vua Gia Long và là mẹ của Hoàng Tử Cải, được xem là một trong hai vị Nử Thần bảo trợ tâm linh cho người dân Côn Đảo.\\nTrưa 11h30: Đoàn dùng cơm trưa tại nhà hàng với các món hải sản tươi sống mang đặc trưng hương vị Côn Đảo.\\n13h00: HDV đưa quý khách về khách sạn nhận phòng, nghỉ ngơi. \\n(Qui định nhận phòng tại Côn Đảo là 14h00 – HDV sẽ thu xếp và thông báo cho Quý Khách nếu nhận được phòng sớm hơn)\\nChiều:  Đoàn sẽ tham quan các điểm:\\n- Quà Tặng Côn Đảo: nơi du khách có thể mua hải sản,  khô về làm quà đặc biệt là Mứt Hạt bàng – đặc sản độc đáo có một không hai tại Côn Đảo.\\n- Tham quan và viếng hương tại Miếu Hoàng tử Nguyễn Phúc Hội An – Hoàng Tử Cải. \\n- Tham quan tắm biển tại bãi Đầm Trầu, một trong những bãi biển hoang sơ, đẹp hàng đầu Việt Nam. Cùng chiêm ngưỡng khoảnh khắc hoàng hôn vô cùng lãng mạn.\\nTối 18h00: Đoàn dùng cơm tại nhà hàng. Tự do dạo phố biển Côn Đảo hoặc ngồi trước Công Quán (ngay Dinh Chúa Đảo) thưởng thức cà phê nhạc xưa gió biển trong lành… Nghỉ đêm tại Côn Đảo.\\n20h00: Xe và HDV đón đoàn tại điểm hẹn và đi đến viếng Nghĩa trang Hàng Dương – có gần 2000 ngôi mộ được chôn vùi nơi đây. Viếng đài tưởng niệm, các phần mộ liệt sĩ, viếng mộ chị Võ Thị Sáu là nữ tử tù đầu tiên tại Côn Đảo. Về khách sạn tự do nghỉ ngơi.', 'ivivu-tour-con-dao-bai-nhat.jpg', 'Bãi Nhát.', 'ivivu-tour-con-dao-chua-nui-mot-con-dao.jpg', 'An Sơn Tự.');
INSERT INTO `booking_db`.`schedules` (`id_schedule`, `id_tour`, `day_number`, `title`, `description`, `image1`, `caption1`, `image2`, `caption2`) VALUES (26, 7, 3, 'NGÀY 3: CÔN ĐẢO - TRẦN ĐỀ - BẠC LIÊU  ( ĂN SÁNG, TRƯA, TỐI)', 'Sáng: Quý khách dùng điểm tâm  Xe và HDV cùng Quý khách tiếp tục hành trình  tham quan Côn Đảo oai hùng:\\n- Trại Phú Hải: nhà tù cổ kính và lâu đời do thực dân Pháp xây dựng. Nơi đây nổi tiếng với khu biệt giam và khu đập đá Côn Lôn, hầm xay lúa… \\n- Chuồng cọp kiểu Pháp: Hay còn gọi là trại Phú Tường, là tâm điểm nhà tù Côn Đảo. Khám phá hệ thống Chuồng Cọp như mê cung. Cùng nghe thuyết minh về các hình thức tra tấn thể xác và tinh thần các tù nhân.\\n- Chuồng cọp kiểu Mỹ: hay còn gọi là trại Phú Bình với các nhà giam bằng bê tông không có bệ nằm, người tù phải nằm dưới nền xi măng lạnh giá ẩm thấp, khí đất xông lên. Nơi đây chủ yếu dùng để tra tấn tù nhân về tinh thần .\\nTrưa: Đoàn dùng cơm trưa. Sau đó di chuyển xuống cảng Bến Đầm làm thủ tục về lại Trần Đề, Sóc Trăng, tạm biệt Côn Đảo.\\n13h00: Đoàn về tới Trần Đề, đoàn khởi hành về Bạc Liêu đoàn tham quan:\\n- Điện Gió Bạc Liêu: Khu vực điện gió đầu tiên của Miền Tây\\n- Viếng Mẹ Nam Hải: Ngôi chùa với bức tượng Quan Âm to lớn mà nhiều người gọi tắt là Mẹ Nam Hải thuộc hệ phái Phật giáo Bắc Tông.\\nĐoàn về khách sạn nhận phòng nghĩ ngơi.\\nTối: Quý khách dùng bữa tối, xe đưa khách ra quản trường Hùng Vương ngắm công trình văn hóa ĐỜN KÌM cách điệu, Nhà Hát Nón Lá, hay lang thang thưởng thức ẩm thực tại chợ đêm Bạc Liêu. Bạn còn có thể giao lưu, thể hiện niềm đam mê đờn ca tài tử tại những quán cà phê, điểm sinh hoạt cộng đồng về đêm.', 'ivivu-tour-con-dao-chuong-cop-kieu-phap-1.jpg', 'Chuồng Cọp Kiểu Pháp.', 'ivivu-canh-dong-quat-gio.jpg', 'Điện Gió.');
INSERT INTO `booking_db`.`schedules` (`id_schedule`, `id_tour`, `day_number`, `title`, `description`, `image1`, `caption1`, `image2`, `caption2`) VALUES (27, 7, 4, 'NGÀY 4: THAM QUAN BẠC LIÊU - TP. HCM  ( ĂN SÁNG, TRƯA)', 'Sáng: Quý khách dùng điểm tâm tại nhà hàng hoặc Buffet tại khách sạn. Đến giờ hẹn, đoàn làm thủ tục trả phòng khởi hành đi tham quan:\\n- Chùa Kơ\'leng tạo nên quần thể kiến trúc đẹp mắt, linh thiêng. Tôn vinh giá trị lịch sử văn hóa truyền thống của đồng bào khmer.\\n- Nhà công Tử Bạc Liêu tìm hiểu về công tử một thời nổi tiếng tại “Xứ Nam Kỳ Xưa” lấy tiền nấu trứng.\\nĐoàn rời Bạc Liêu khởi hành về Cần Thơ, dùng cơm trưa. Khởi hành về lại TP. HCM', 'ivivu-chua-khleng.gif', 'Chùa Khơ Leng.', 'ivivu-nha-cong-tu-bac-lieu-1.jpg', 'Nhà Công Tử Bạc Liêu.');
INSERT INTO `booking_db`.`schedules` (`id_schedule`, `id_tour`, `day_number`, `title`, `description`, `image1`, `caption1`, `image2`, `caption2`) VALUES (28, 8, 1, 'NGÀY 01: TP.HCM - PHAN THIẾT – SEA LINKS CITY ( ĂN SÁNG, TRƯA, TỐI)', 'Sáng: Xe và Hướng dẫn viên đón quý khách tại điểm hẹn. Chào mừng các thành viên của đoàn đã tham gia tour, cùng lời chúc tết đầu xuân. Đến với địa phận tỉnh Đồng Nai, quý khách dừng chân dùng điểm tâm.\\nĐoàn dọc theo quốc lộ 1A, HDV sẽ cùng Quý khách tìm hiểu đôi nét về văn hóa của từng vùng miền, địa phương của đất nước.\\n10h00: Đến với Bình Thuận, Quý khách di chuyển bằng xe điện tham quan:\\n- Sea Links City: là khu phức hợp nghỉ dưỡng sang trọng với tổng thể kiến trúc sang trọng, hòa quyện với thiên nhiên thơ mộng. Sea Links City sở hữu vị trí lý tưởng với thiết kế mở, sang trọng, tọa lạc trên ngọn đồi cao với mênh mông gợn sóng cỏ xanh và là nơi duy nhất có tầm nhìn bao quát vịnh Mũi Né. \\n- Sea Links Golf & Country Club: là nơi hội tụ tất cả những yếu tố của một sân links đúng nghĩa với tiêu chuẩn quốc tế. Có chiều cao 60m so với mực nước biển, Sea Links là sân golf thử thách nhất châu Á với 18 lỗ golf đều nhìn ra hướng biển cùng nét đẹp tự nhiên của đồi cát với đường cong uốn lượn, gồ ghề và bao bọc bởi những hố cát thử thách. Quý khách sẽ được hướng dẫn và trải nghiệm đánh golf tại đây.\\nTrưa: Đoàn dùng bữa trưa tại nhà hàng. Xe đưa Quý khách tiếp tục lộ trình đến thiên đường resort Mũi Né. Đoàn nhận phòng nghỉ ngơi.\\nChiều: Quý khách tự do tắm biển, hồ bơi tại resort.\\nTối: Đoàn dùng bữa tối với các món đặc sản hấp dẫn tại nhà hàng.\\nVới vị trí gần Tp.HCM, các chương trình tour đi Biển Mũi Né đa phần là tour nghỉ dưỡng. Thưởng thức hải sản tươi sống. Nơi đây đâu đâu cũng là nhà hàng, quán hải sản phục vụ du khách như: khu vực hải sản giá rẽ bình dân tại Hòn Rơm, Bờ kè Mũi Né hoặc Bờ kè Hàm Tiến…\\nHoặc quý khách có thể thay đổi không khí bằng cách tham gia chương trình Xem Nhạc Nước- Fishermen Show Đặc Sắc, Mới Lạ, Hấp Dẫn. ( chi phí tham khảo 200,000/ vé).', 'ivivu-sealink-city.gif', 'Sealink City.', 'ivivu-sealink-golf.gif', 'Sea Links Golf & Country Club.');
INSERT INTO `booking_db`.`schedules` (`id_schedule`, `id_tour`, `day_number`, `title`, `description`, `image1`, `caption1`, `image2`, `caption2`) VALUES (29, 8, 2, 'NGÀY 02: PHAN THIẾT – MŨI NÉ – TPHCM ( ĂN SÁNG, TRƯA)', 'Sáng: Quý khách dậy sớm, khởi hành đến Đồi Cát Bay, tại đây đoàn có thể tham gia trò chơi cảm giác mạnh trên đồi cát bằng cách đi máng trượt, và thưởng thức Dừa Ba Nhát - đặc sản địa phương và ngắm nhìn cảnh Làng Chài nhộn nhịp tấp nập ghe, thuyền đánh bắt cá cập bờ.\\n07h00: Về lại resort. Quý khách dùng điểm tâm sáng Buffet, nghỉ ngơi tắm biển tự do. Quý khách có thể thư giản tại:\\n- Trung Tâm Bùn Khoáng Mũi Né: Quý khách trải nghiệm tắm bùn và ngâm khoáng nóng trong bồn hương hoa và massage bằng thác nước Jaccuzi tạo nên cảm giác vô cùng thoải mái và thích thú khi Quý khách sử dụng dịch vụ tắm bùn (chi phí tự túc: 200.000 – 800.000đ/khách).\\nTrưa: Quý khách làm thủ tục trả phòng, khởi hành dùng bữa trưa tại nhà hàng. Đoàn khởi hành về lại TP.HCM, trên đường về Quý khách dừng chân mua sắm đặc sản địa phương làm quà tặng cho người thân.\\nChiều: Về đến TP.HCM, chia tay và hẹn gặp lại Quý khách.', 'ivivu-doi-cat-bay.gif', 'Đồi Cát Bay.', 'ivivu-trung-tam-bun-khoang.gif', 'Trung Tâm Bùn Khoáng Mũi Né.');
INSERT INTO `booking_db`.`schedules` (`id_schedule`, `id_tour`, `day_number`, `title`, `description`, `image1`, `caption1`, `image2`, `caption2`) VALUES (30, 9, 1, 'NGÀY 1: HCM – LÀO CAI - SAPA ( ĂN SÁNG, TRƯA, CHIỀU) ', 'Sáng: Nhân viên đón Quý khách tại ga Quốc nội, sân bay Tân Sơn Nhất hỗ trợ làm thủ tục đáp chuyến bay đi Nội Bài dự kiến lúc 07h55.\\n10h30: Xe đón đoàn sau đó khởi hành đi Lào Cai, chạy theo đường cao tốc Nội Bài – Lào Cai dài 245Km với chưa đầy 5h đồng hồ. Quý khách có cơ hội ngắm phong cảnh tuyệt đẹp trên cung đường này.\\n12h00: Quý khách ăn trưa tại nhà hàng tiếp tục lộ trình đi Sapa.\\n14h00: Quý khách làm thủ tục nhận phòng Khách sạn và nghỉ ngơi.\\n15h00: Quý khách tham quan:\\n- Bản Cát Cát được ví là ngôi làng cổ đẹp nhất Tây Bắc. Bản Cát Cát có con đường đá thơ mộng, có dòng suối hoa và những chiếc cối xay khổng lồ, có chợ bản hấp dẫn, có khu làng nghề truyền thống cho bạn tha hồ tìm hiểu văn hóa người H’mông. \\n- Nhà Thờ Đá Sapa được xây dựng từ năm 1895 được coi là một dấu ấn kiến trúc cổ toàn vẹn nhất của người Pháp còn sót lại. Nhà thờ đã được tôn tạo và bảo tồn, trở thành một hình ảnh không thể thiếu khi nhắc đến thị trấn Sapa mù sương. \\n18h00: Quý khách dùng bữa tối tại nhà hàng với đặc sản nổi tiếng vùng cao, sau đó Quý khách tham quan: Chợ tình Sapa (nếu đúng vào đêm thứ Bảy).', 'ivivu-ban-cat-cat-2.gif', 'Bản Cát Cát.', 'ivivu-nha-tho-da-sapa7.jpg', 'Nhà Thờ Đá Sapa.');
INSERT INTO `booking_db`.`schedules` (`id_schedule`, `id_tour`, `day_number`, `title`, `description`, `image1`, `caption1`, `image2`, `caption2`) VALUES (31, 9, 2, 'NGÀY 2: SAPA - FANSIPAN - HÀ NỘI ( ĂN SÁNG, TRƯA, CHIỀU) ', '06h30: Đoàn dùng bữa sáng tại nhà hàng.\\n07h30: Quý khách đi tham quan  ( chọn 1 trong 2 chương trình sau ):\\n- KDL Hàm Rồng: được ví như nàng tiên của Sa Pa. Là một trong những địa điểm nằm trong quần thể du lịch của tỉnh Lào Cai, núi Hàm Rồng được xem là bồng lai tiên cảnh trốn trần gian. Du khách được thỏa sức ngắm ngía mọi cảnh vật của tạo hóa giữa những cụm mây vây kín người, hoa nở rực rỡ khắp mặt đất. (chi phí tự túc). \\n- Fansipang: bằng hệ thống cáp treo lớn và hiện đại nhất Thế Giới hiện này (1 cabin có thể ngồi từ 34 - 35 người) Tới đỉnh Fansipan quý khách thưởng thức cảm giác đứng trên mây, ngắm nhìn thị trấn Sapa, sau đó tiếp tục leo 639 bậc để tận mắt thấy cột mộc Fansipan độ cao 3.143m nơi được coi là “nóc nhà Đông Dương”. (chi phí tự túc). \\n10h00: Đoàn khởi hành về Hà Nội.\\n11h30: Đến nhà hàng dùng bữa trưa tại khu vực Lào Cai. Sau đó sẽ ghé Chợ Cốc Lếu tham quan và mua sắm các sản phẩm từ Trung Quốc với giá siêu rẻ (nếu còn thời gian). Trên đường đi đoàn tự do nghỉ ngơi, ngắm cảnh đẹp của núi rừng Tây Bắc hoặc tham gia các trò chơi vui nhộn do hướng dẫn viên tổ chức. \\nChiều: Tham quan các danh lam thắng cảnh nổi tiếng ở đất Thăng Long như: Hồ Hoàn Kiếm, Hồ Tây, Hồ Trúc Bạch.\\n18h00: Đoàn về khác sạn, nhận phong và nghỉ ngơi.\\nTối: Quý khách tập trung, xe đưa đoàn đến nhà hàng dùng bữa tối. Sau đó, đoàn tự do dạo chơi phố đêm Hà Nội.  ', 'ivivu-ham-rong.jpg', 'KDL Hàm Rồng.', 'ivivu-fansipang.gif', 'Fansipan.');
INSERT INTO `booking_db`.`schedules` (`id_schedule`, `id_tour`, `day_number`, `title`, `description`, `image1`, `caption1`, `image2`, `caption2`) VALUES (32, 9, 3, 'NGÀY 3: HÀ NỘI - HẠ LONG ( ĂN SÁNG, TRƯA, CHIỀU) ', 'Sáng: Quý khách dùng bữa sáng. Khởi hành đi Hạ Long.\\n11h00: Đến Hạ Long, đoàn ăn trưa tại nhà hàng Hạ Long.\\n13h00: Nhận phòng tại khách sạn, nghỉ ngơi.\\n14h00: Xe đưa đoàn đến bến thuyền thăm Vịnh Hạ Long - Kỳ quan thiên nhiên thế giới,  được UNESCO hai lần công nhận là di sản thiên nhiên thế giới.\\nTàu đón quý khách, bắt đầu hành trình khám phá vịnh Hạ Long ngắm cảnh Làng Chài, hòn Ấm, hòn Rùa, hòn Đỉnh Hương, hòn Chó Đá, hòn gà Chọi…\\nTàu dừng để Đoàn tham quan:\\n- Động Thiên Cung tức là “Cung điện của trời”: Là một trong những hang động đẹp nhất ở Hạ Long. Hang rộng, có nhiều cấp nhiều ngăn với vô vàn nhũ đá, măng đá mang những hình thù kỳ lạ. \\n- Hang Đầu Gỗ là nơi gắn liền với câu chuyện lịch sử chống quân Nguyên Mông năm 1228 của Trần Hưng Đạo. hải trình du thuyền đi giữa Hạ Long với hàng ngàn đảo đá sừng sững du khách sẽ có dịp chiêm ngưỡng bức tranh thiên tạo khổng lồ như  Hòn Đỉnh Hương,  Hòn Gà Chọi, hòn Chó Đá,…. \\n18h30: Đoàn ăn tối tại nhà hàng. Quý khách tự do dạo chơi dọc biển Bãi Cháy, đi mua sắm hàng hóa tại khu Chợ Đêm Hạ Long sầm uất , lên cầu Bãi Cháy – cây cầu dây văng dài nhất Việt Nam ngắm Hạ Long về đêm.\\nHoặc quý khách tự do tham quan khu vui chơi Sun World Hạ Long Complex là tổ hợp vui chơi giải trí hàng đầu Việt Nam với tổng diện tích lên tới 214ha. Tổ hợp được thiết kế bao gồm 03 phân khu chính: Phân khu giải trí ven biển và phân khu giải trí Ba Đèo được kết nối bởi hệ thống cáp theo Nữ Hoàng độc đáo. Hệ thống trò chơi hiện đại, đẳng cấp cùng với không gian kỳ vĩ của vịnh Hạ Long chắc chắn sẽ mang tới cho du khách những trải nghiệm khó quên. (chi phí tự túc)', 'ivivu-dinh-lu-huong.gif', 'Hòn Đính Hương.', 'ivivu-tour-ha-noi-2n1d-ha-long-tuan-chau-dong-thien-cung.jpg', 'Động Thiên Cung.');
INSERT INTO `booking_db`.`schedules` (`id_schedule`, `id_tour`, `day_number`, `title`, `description`, `image1`, `caption1`, `image2`, `caption2`) VALUES (33, 9, 4, 'NGÀY 4: HẠ LONG - KDL TRÀNG AN ( ĂN SÁNG, TRƯA, TỐI) ', '06h30: Quý khách trả phòng khách sạn, dùng bữa sáng tại nhà hàng.\\n08h00: Xe đón quý khách, khởi hành về Ninh Bình.\\n12h00: Đoàn ăn trưa tai nhà hàng với đặc sản Dê Ninh Bình tại nhà hàng, nghỉ ngơi.\\n13h00: Xe đưa quý khách qua khu du lịch Tràng An tham quan:\\nKDL Tràng An: Di sản được UNESCO công nhận là di sản văn hóa và thiên nhiên Thế giới, giúp cho Việt Nam lần đầu lọt vào danh sách 30 di sản hỗn hợp Thế Giới . Lên thuyền xuôi dòng Sào khê uốn lượn giữa cánh đồng lúa, quý khách đi đò thăm Hang sáng , Hang tối , Hang nấu rượu, nơi những dải đá vôi, thung lũng và những sông ngòi đan xen tạo nên một không gian huyền ảo, kỳ bí.\\n17h00: Đoàn về khách sạn, nhận phòng khách sạn và nghỉ ngơi.\\n18h30: Quý khách tập trung, xe đưa đoàn đến nhà hàng dùng bữa tối. Sau đó, đoàn tự do dạo chơi phố đêm Ninh Bình.', 'ivivu-kdl-trang-an.gif', 'KDL Tràng An.', NULL, NULL);
INSERT INTO `booking_db`.`schedules` (`id_schedule`, `id_tour`, `day_number`, `title`, `description`, `image1`, `caption1`, `image2`, `caption2`) VALUES (34, 9, 5, 'NGÀY 5: CỐ ĐÔ HOA LƯ - BÁI ĐÍNH - HÀ NỘI - HCM ( ĂN SÁNG, TRƯA, TỐI)', '07h00: Quý khách dùng điểm tâm tại nhà hàng. Trả phòng khách sạn.\\n08h30: Quý khách ghé thăm:\\n- Cố Đô Hoa Lư: Kinh đô của nước ta vào thế kỷ X, nơi đây quý khách cùng tham quan hai ngôi đền thờ vua Đinh và vua Lê.\\n- Chùa Bái Đính: Tổ hợp kiến trúc Phật giáo lớn nhất tại Việt Nam. Chùa Bái Đính đã xác lập nhiều kỷ lục: Khu chùa có diện tích rộng nhất Việt Nam, tượng Phật bằng đồng lớn nhất Đông Nam Á, hai quả chuông lớn nhất Đông Nam Á, kỷ lục về số cây bồ đề nhiều nhất Việt Nam. \\n12h30: Đoàn dùng bữa trưa tại nhà hàng.\\n14h00: Đoàn lên xe về lại Hà Nội. Trên đường về đoàn ghe tham quan tại Hà Nam:\\n- KDL Tam Chúc: la ngôi chùa được coi là lớn nhất Thế Giới, với khá nhiều hạng mục đặc sắc nằm trên tổng thể khoang hơn 5000ha, điểm nhấn vổi bật của KDL này là Chùa Tam Chúc là chùa mới hiện nay được xây dựng nằm ở phía Tây và nhìn ra hồ Tam Chúc, với các hạng mục cổng Tam Quan, Vườn cột kinh, điện Quan Âm, điện Pháp Chủ, điện Tam Thế và Tháp Ngọc.\\n17h30: Đến Hà Nội, dùng bữa tối nhẹ sau đó xe đưa quý khách ra sân bay Nội Bài, đáp chuyến bay dự kiến 19h55 về lại Sài Gòn, Kết thúc chuyến tham quan chia tay, chúc sức khoẻ và hẹn ngày gặp lại.', 'ivivu-bai-dinh (1).gif', 'Chùa Bái Đính.', 'ivivu-chua-tam-chuc-2.gif', 'KDL Chùa Tam Chúc.');
INSERT INTO `booking_db`.`schedules` (`id_schedule`, `id_tour`, `day_number`, `title`, `description`, `image1`, `caption1`, `image2`, `caption2`) VALUES (35, 10, 1, 'NGÀY 1: NỘI BÀI – HÀ NỘI – HẠ LONG DU THUYỀN 5 SAO 1 NGÀY ( ĂN TRƯA)', 'Sáng (Từ 7h – 8h20): Xe đón quý khách tại sân bay Nội Bài về nội thành Hà Nội (Quý khách đặt chuyến bay sớm để có mặt tại sân bay Nội Bài muộn nhất 8h20 sáng để đảm bảo lịch trình tour)\\nXe đưa Quý khách về Hà Nội. Nhập đoàn với xe lớn để khởi hành đi Hạ Long lúc 9h15-9h20.\\nXe đi qua đường cao tốc 5B nối liền Hà Nội đến Hạ Long.\\n12h00: Đến cảng tàu Tuần Châu, Quý khách xuống tàu để bắt đầu hành trình khám phá Vịnh Hạ Long.\\nTàu sẽ đưa Quý khách đi thăm vịnh theo hành trình 6 Tiếng. Tàu sẽ đi qua vô vàn các hòn đảo lớn nhỏ với nhiều hình dáng khác nhau và được những ngư dân nơi đây đặt cho những các tên đặc biệt như: Hòn Gà Chọi, hòn Chó Đá, …\\nQuý khách thưởng thức bữa trưa trên tàu.\\n14h00: Đến đảo Bồ Hòn. Quý khách thăm quan Hang Sửng Sốt  - Một trong những hang động đẹp nhất vịnh Hạ Long.\\nTiếp theo, Quý khách sẽ chèo Kayak hoặc đi thuyền nan thăm Hang Luồn.\\nSau 30 phút chèo Kayak, Quý khách lên tàu để đến với đảo Ti Top. Quý khách có thể tắm biển tại bãi tắm TiTop với bãi cát trắng, hoặc thử treekking leo lên đỉnh núi Ti Top ngắm nhìn toàn cảnh Vịnh Hạ Long.\\n17h00: Quý khách quay trở lại tàu. Tàu sẽ di chuyển đưa Quý khách về lại cảng Tuần Châu. Quý khách có thể tắm nắng trên boong tàu, nghe nhạc và thư giãn, hòa mình vào thiên nhiên của Vịnh Hạ Long.\\n18h00: Về tới cảng tàu Tuần Châu. Quý khách lên xe trở về Hà Nội qua đường cao tốc 5B nối liền Hạ Long – Hà Nội.\\n20h30: Quý khách về đến Hà Nội. Xe đưa Quý khách về khách sạn, nhận phòng nghỉ ngơi. Tự do ăn tối với đặc sản Hà Nội như Bún thang, phở Lý Quốc Sư, Chả cá Lã Vọng, Phở cuốn Ngũ Xã,…\\nNgủ đêm tại Khách sạn 3 sao phố cổ Hà Nội.', 'ivivu-hana-premium-cruise.gif', ' Tham Quan Vịnh.', 'ivivu-tour-ha-long-hang-sung-sot-2.jpg', 'Hang Sửng Sốt.');
INSERT INTO `booking_db`.`schedules` (`id_schedule`, `id_tour`, `day_number`, `title`, `description`, `image1`, `caption1`, `image2`, `caption2`) VALUES (36, 10, 2, 'NGÀY 2: HÀ NỘI - CHÙA BÁI ĐÍNH – KDL TRÀNG AN – HÀ GIANG ( ĂN SÁNG, TRƯA)', 'Sáng: Quý khách dùng bữa sáng tại khách sạn. Làm thủ tục trả phòng và gửi hành lý tại Quầy lễ tân.\\n7h00 – 7h30:  Xe và Hướng dẫn viên đón Quý khách tại khách sạn, sau đó khởi hành đi Ninh Bình – một trong những điểm du lịch nổi tiếng thuộc ven Đồng Bằng Sông Hồng, cách Hà Nội  gần 110km về phía nam.\\n10h00: Đoàn đến khuân viên chùa Bái Đính, bắt đầu thăm quan và lễ phật tại đây. Đoàn thăm Điện thờ Tam Thế và Pháp Chủ có diện tích lên tới 1.000 m2; Phật Bà quan Âm; Đức Đạt Ma sư tổ; Tượng Phật bằng đồng lớn nhất Đông Nam Á; ba pho Tam Thế mỗi pho nặng 50 tấn; Hai quả chuông lớn nhất Đông Nam Á: 36 và 27 tấn.\\n12h00: Quý khách nghỉ ngơi ăn trưa tại nhà hàng với đặc sản thịt dê – cơm cháy Ninh Bình.\\n13h30: Sau bữa trưa, xe đưa quý khách ra bến đò Tràng An lên thuyền đi dọc theo suối giữa cánh đồng lúa thăm khu du lịch Tràng An Mới với những dải đá vôi, thung lũng và những sông ngòi đan xen tạo nên một không gian huyền ảo, kỳ bí.\\nVới tuyến này quý khách có cơ hội tham quan 4 hang động tự nhiên trong số những hang động đẹp nhất trong khu du lịch Tràng An là Hang Lấm, Hang Vạng, Hang Thánh Trượt và hang cuối cùng là Hang Đại, quý khách còn dừng chân ghé thăm 3 điểm tâm linh là đền Cao Sơn, đền Suối Tiên và Hành Cung Vũ Lâm.\\nTuyến này sẽ rất phù hợp với những bạn trẻ, những người thích chụp ảnh Check in, quý khách có thể có những trải nghiệm đầy đủ về hành trình ngồi đò thăm hang cũng như có thể lưu lại những cảm xúc, những bức hình đẹp trong hành trình về thăm Tràng An – Di sản văn hòa và thiên nhiên thế giới!\\nBên cạnh loại hình ngồi thuyền ngắm cảnh, giờ đây du khách còn có thêm trải nghiệm mới, đó là tự chèo thuyền Kayak ngắm vẻ đẹp hùng vĩ của Di sản Văn hóa và Thiên nhiên thế giới Tràng An.\\n16h00: Quý khách đạp xe đạp ngắm cảnh làng Quê, hít hà không khí trong lành.\\n17h00: Quý khách lên xe về Hà Nội.\\n19h30: Về đến Hà Nội, xe đưa Quý Khách về lại Khách sạn, tự do ăn tối.\\n20h00: Xe đón Quý khách tại khách sạn di chuyển ra xe giường nằm để khởi hành đi Hà Giang.\\nQuý khách ngủ đêm trên xe giường nằm.', 'ivivu-bai-dinh (2).gif', 'Chùa Bái Đính.', 'ivivu-kdl-trang-an-2.gif', 'KDL Tràng An.');
INSERT INTO `booking_db`.`schedules` (`id_schedule`, `id_tour`, `day_number`, `title`, `description`, `image1`, `caption1`, `image2`, `caption2`) VALUES (37, 10, 3, 'NGÀY 3: HÀ GIANG – CỘT CỜ LŨNG CÚ - ĐỒNG VĂN ( ĂN SÁNG, TRƯA, TỐI )', '04h00-04h30: Đến Hà Giang, xe đưa Quý khách về Homestay để nghỉ ngơi, vệ sinh cá nhân buổi sáng và ăn sáng tại Homestay.\\n06h30: Quý khách ăn sáng sau đó lên xe đi khám phá mảnh đất Hà Giang với phong cảnh hùng vỹ nên thơ. Trên đường đi Quý khách dừng chân tại điểm dừng chân Cổng Trời Quản Bạ chụp hình Núi đôi Cô Tiên hay còn gọi là Núi đôi Quản Bạ và toàn cảnh thị trấn Tam Sơn từ trên cao.\\nTrưa: Đến Yên Minh, ăn trưa tại nhà hàng.\\nChiều: Quý khách tiếp tục lên xe chiêm ngưỡng cảnh đẹp hùng vỹ của Công viên địa chất toàn cầu Cao nguyên đá Đồng Văn. Dọc đường đi Quý khách dừng ghé thăm:\\n- Phố Cáo với những ngôi nhà đặc trưng của người H\'mông bởi những hàng rào đá cung quanh nhà.\\n- Thăm bản Sủng Là thăm ngôi nhà Cổ của người H\'mông với tường trình bằng đất - nơi đã được sử dụng làm bối cảnh để quay bộ phim nhựa \"Chuyện của Pao\" năm 2006 của đạo diễn Ngô Quang Hải được chuyển thể từ truyện ngắn \"Tiếng đàn môi sau bờ rào đá\" của nhà văn Đỗ Bích Thủy đã giành được 4 giải Cánh diều vàng. Quý khách dừng chân nghỉ ngơi và chụp hình hoa tam giác mạch gần dốc chín khoanh.\\n- Dinh Vua Mèo - Vương Chính Đức nằm trong một thung lũng của xã Sà Phìn, đây là dòng họ giàu có và quyền uy nhất Châu Đồng Văn vào đầu thế kỷ 20.\\n- Thăm Cột Cờ Lũng Cũ - nơi địa đầu Tổ quốc, điểm có vĩ độ cao nhất trên bản đồ của Việt Nam.\\n17h00: Về đến thị trấn Đồng Văn, nhận phòng khách sạn, nghỉ ngơi. Ăn tối. Buổi tối, Quý khách tự do thăm quan Phố Cổ Đồng Văn đã tồn tại cùng với thời gian gần một thế kỷ. Quý khách có thể ngồi nhâm nhi thưởng thức một ly cà phê tại quán Café phố Cổ (chi phí tự túc).\\nNghỉ đêm tại Đồng Văn.', 'ivivu-nui-doi-quan-ba.gif', 'Núi Đôi Quản Bạ.', 'ivivu-sung-la.gif', 'Bản Sủng Là.');
INSERT INTO `booking_db`.`schedules` (`id_schedule`, `id_tour`, `day_number`, `title`, `description`, `image1`, `caption1`, `image2`, `caption2`) VALUES (38, 10, 4, 'NGÀY 4: ĐỒNG VĂN - MÈO VẠC - HÀ GIANG ( ĂN SÁNG, TRƯA, TỐI )', 'Sáng: Quý khách ăn sáng, tự do thăm quan mua sắm tại chợ Đồng Văn.\\n08h00: Trả phòng khách sạn và lên xe đi thăm quan:\\n- Chinh phục đèo Mã Pì Lèng trên đường đi Mèo Vạc, cũng là đoạn đẹp nhất trên con đường mang tên \"Đường Hạnh phúc\".\\n- Chụp hình với vẻ đẹp hùng vĩ của hẻm vực Mã Pì Lèng sâu 800m - nơi địa hình bị chia cắt sâu nhất của Việt Nam. Sau đó tiếp tục về qua thị trấn Mèo Vạc để về Yên Minh.\\n- Chèo thuyền thăm quan Hẻm Tu Sản (Không bao gồm tiền xe ôm xuống hẻm, Nếu Quý khách không đi xe ôm có thể đi bộ)\\n- Dừng chân chụp hình tại con đường đèo chữ M nổi tiếng của Mèo Vạc.\\n- Thăm chợ Phiên Mèo Vạc (nếu vào sáng chủ nhật hàng tuần)\\nTrưa: Đến Yên Minh, ăn trưa tại nhà hàng. Sau bữa trưa, Quý khách tiếp tục lên xe về Hà Giang.\\nTrong trường hợp kịp thời gian, xe và hướng dẫn viên sẽ đưa Quý khách vào thăm quan Làng dệt Lanh Lùng Tám nổi tiếng với kỹ thuật dệt lanh của người H\'Mông trắng ( lưu ý: đây là điểm không bắt buộc phải đi).\\n17h00: Về tới thành phố Hà Giang, xe đưa Đoàn về nhà hàng, Quý khách ăn bữa tối tại nhà hàng. Quý khách có thể tranh thủ chụp hình Cột km0 thành phố Hà Giang trong lúc chờ lên xe ô tô để về Hà Nội.\\n20h30: Đoàn lên xe ô tô giường nằm về Hà Nội.', 'ivivu-tour-mie-n-ba-c-3n2d-ha-giang-meo-vac-dong-van-lung-cu-deo-ma-pi-leng.jpg', 'Đèo Mã Pì Lèng.', 'ivivu-hem-tu-san.gif', 'Hẻm Tu Sản.');
INSERT INTO `booking_db`.`schedules` (`id_schedule`, `id_tour`, `day_number`, `title`, `description`, `image1`, `caption1`, `image2`, `caption2`) VALUES (39, 10, 5, 'NGÀY 5: HÀ NỘI – TỰ DO – TIỄN BAY NỘI BÀI ( ĂN SÁNG)', '04h30: Về đến Hà Nội. Xe đưa Quý khách về khách sạn. Nhận phòng khách sạn nghỉ ngơi. Sáng: Quý khách dùng bữa sáng tại khách sạn, sau đó quý khách có 1 ngày tự do vui chơi, thăm quan thủ đô Hà Nội ngàn năm văn hiến với những điểm thăm quan nổi tiếng như:\\n- Lăng Chủ tịch Hồ Chí Minh\\n- Chùa Một Cột\\n- Văn Miếu Quốc Tử Giám\\n- Hồ Hoàn Kiếm – Đền Ngọc Sơn\\n- Chợ Đồng Xuân\\n- Chùa Trấn Quốc\\n(Lưu ý: Thời gian sử dụng phòng khách sạn tới 12h00 trưa – Nếu Quý khách đi thăm quan về khách sạn sau thời gian trên và có chuyến bay muộn vui lòng làm thủ tục trả phòng trước khi đi thăm quan và có thể gửi đồ tại Quầy lễ tân của khách sạn)\\nTới giờ tiễn bay: Xe đón Quý khách tại khách sạn khởi hành ra sân bay Nội Bài. Kết thúc hành trình thăm quan Miền Bắc Việt Nam 5 ngày đầy thú vị và nhiều kỷ niệm đẹp. Hẹn gặp lại Quý khách trong những hành trình du lịch lần sau.', 'ivivu-lang-chu-tich-ho-chi-minh (1).jpg', 'Lăng Chủ Tịch Hồ Chí Minh.', 'ivivu-tour-mien-bac-6n5-ha-noi-sapa-ha-long-ninh-binh-van-mieu-quoc-tu-giam.jpg', 'Văn Miếu Quốc Tử Giám.');
INSERT INTO `booking_db`.`schedules` (`id_schedule`, `id_tour`, `day_number`, `title`, `description`, `image1`, `caption1`, `image2`, `caption2`) VALUES (40, 11, 1, 'NGÀY 01: HÀ NỘI - MỘC CHÂU - BẮC YÊN ( ĂN TRƯA, TỐI)', '05h30: Xe ô tô và hướng dẫn viên công ty đón quý khách tại nhà hát lớn Hà Nội. khởi hành đi tour Mộc Châu – Tà Xùa. Quý khách dừng chân dùng bữa sáng tự túc tại Hòa Bình. Tiếp tục hành trình đến đèo Thung Khe, Thung Chuối quý khách dừng chân chụp ảnh và cùng đón những tia nắng đầu tiên của buổi bình minh nơi núi rừng.\\n10h30: Đến Mộc Châu khách dùng bữa trưa tại nhà hàng với những món ăn đặc sắc nhất của vùng núi rừng Tây Bắc.\\n13h00: Quý khách khởi hành đi thăm quan:\\n- Đồi chè trái tim: Đây là một trong những khu vực đẹp nhất Mộc Châu. Cho dù vào mùa đông cành khô trơ trụi lá hay mùa xuân mơn mởn khoe sắc lá non, Mộc Châu vẫn luôn được bao bọc trong màu sắc xanh tuyệt đẹp của những đồi chè. Đồi chè đẹp nhất có lẽ là đồi chè trái tim, đồi chè chữ S.\\n- Lựa Chọn 1: Thung Lũng mận Nà Ka: Nằm trên đường vào xã Tân Lập, thung lũng mận Nà Ka cách thị trấn Nông trường Mộc Châu 16km. Từ tỉnh lộ 104, rẽ trái vào thung lũng chỉ mất vài phút đi xe máy. Trước mắt bạn sẽ hiện ra thung lũng mận bạt ngàn, bằng phẳng. Hàng năm vào mùa hoa mận nở, thung lũng được phủ một lớp màn trắng lung linh bất tận của hoa mận.\\n- Lựa chọn 2: Vườn hoa Happy land - Happy land có diện tích gần 5ha, nằm giữa một thung lũng rộng lớn ở bản Lùn, xã Mường Sang. Đến đây, du khách sẽ được đón chào bởi những thảm hoa được trồng từ nhiều loại hoa khác nhau, trong đó có những loài hoa đặc trưng của vùng Tây Bắc.\\nTiếp tục hành trình, đoàn khởi hành đi Bắc Yên – quý khách phải vượt qua 28 km đường nhựa chạy ven sông Đà để đến với bến phà Vạn Yên, rồi sau đó di chuyển 57 km nữa mới đến được trung tâm thị trấn Bắc Yên. Quãng đường này đặt biệt thơ mộng với vẻ đẹp sông Đà cùng các bản làng người Thái chạy dọc sông… Quý khách nghỉ đêm tại Bắc Yên.\\n18h00: Quý khách dùng bữa tối tại nhà hàng. Nghỉ đêm tại khách sạn tại Bắc Yên.', 'ivivu-deo-thung-khe.gif', 'Đèo Thung Khe.', 'ivivu-doi-che-trai-tim.gif', 'Đồi Chè Trái Tim.');
INSERT INTO `booking_db`.`schedules` (`id_schedule`, `id_tour`, `day_number`, `title`, `description`, `image1`, `caption1`, `image2`, `caption2`) VALUES (41, 11, 2, 'NGÀY 2: BẮC YÊN - SĂN MÂY TÀ XÙA - HÀ NỘI ( ĂN SÁNG, TRƯA)', '05h00: Xe ô tô và hướng dẫn viên đưa đoàn đi ngắm bình minh trên đỉnh núi Tà Xùa. Đoàn có dịp trải nghiệm với khúc đường ngoằn nghèo, thi thoảng đoàn được chiêm ngắm các loài hoa Đỗ Quyên, Táo Mèo và các loài hoa cúc dại khi chinh phục đỉnh núi Tà Xùa ở độ cao 2.650 m mà chắc hẳn khi leo lên đến đây nhiều bạn sẽ vỡ òa cảm giác sung sướng. Cùng ăn mừng và chụp ảnh chiến thắng ngắm bình minh lên, cùng săn mây trên đỉnh núi Tà Xùa mà có lẽ ít nhất một lần trong đời nên đi để thưởng thức hương vị đó. Quý khách dùng bữa sáng theo kiểu Picnic trên đỉnh Tà Xùa.\\n11h00: Quý khách quay về khách sạn làm thủ tục trả phòng khách sạn di chuyển đến nhà hàng dùng bữa trưa. Sau bữa trưa quý khách lên xe về Hà Nội trên đường về quý khách dùng chân nghỉ ngơi, thưởng thức và mua những đặc sản Sữa Ba Vì.\\n18h00: Về đến Hà Nội. Kết thúc lịch trình tour Mộc Châu – Tà Xùa 2 ngày 1 đêm. Chia tay và hẹn gặp lại quý khách trong những chương trình tiếp theo.', 'ivivu-ta-xua-3.gif', 'Tà Xùa.', NULL, NULL);

COMMIT;


-- -----------------------------------------------------
-- Data for table `booking_db`.`service_tours`
-- -----------------------------------------------------
START TRANSACTION;
USE `booking_db`;
INSERT INTO `booking_db`.`service_tours` (`id_service_tour`, `id_tour`, `name`) VALUES (1, 1, ' Bảo hiểm');
INSERT INTO `booking_db`.`service_tours` (`id_service_tour`, `id_tour`, `name`) VALUES (2, 1, 'Bữa ăn');
INSERT INTO `booking_db`.`service_tours` (`id_service_tour`, `id_tour`, `name`) VALUES (3, 1, 'Hướng dẫn viên');
INSERT INTO `booking_db`.`service_tours` (`id_service_tour`, `id_tour`, `name`) VALUES (4, 1, 'Vé tham quan');
INSERT INTO `booking_db`.`service_tours` (`id_service_tour`, `id_tour`, `name`) VALUES (5, 1, 'Xe đưa đón');
INSERT INTO `booking_db`.`service_tours` (`id_service_tour`, `id_tour`, `name`) VALUES (6, 2, ' Bảo hiểm');
INSERT INTO `booking_db`.`service_tours` (`id_service_tour`, `id_tour`, `name`) VALUES (7, 2, 'Bữa ăn');
INSERT INTO `booking_db`.`service_tours` (`id_service_tour`, `id_tour`, `name`) VALUES (8, 2, 'Hướng dẫn viên');
INSERT INTO `booking_db`.`service_tours` (`id_service_tour`, `id_tour`, `name`) VALUES (9, 2, 'Vé tham quan');
INSERT INTO `booking_db`.`service_tours` (`id_service_tour`, `id_tour`, `name`) VALUES (10, 2, 'Xe đưa đón');
INSERT INTO `booking_db`.`service_tours` (`id_service_tour`, `id_tour`, `name`) VALUES (11, 3, ' Bảo hiểm');
INSERT INTO `booking_db`.`service_tours` (`id_service_tour`, `id_tour`, `name`) VALUES (12, 3, 'Bữa ăn');
INSERT INTO `booking_db`.`service_tours` (`id_service_tour`, `id_tour`, `name`) VALUES (13, 3, 'Hướng dẫn viên');
INSERT INTO `booking_db`.`service_tours` (`id_service_tour`, `id_tour`, `name`) VALUES (14, 3, 'Vé tham quan');
INSERT INTO `booking_db`.`service_tours` (`id_service_tour`, `id_tour`, `name`) VALUES (15, 3, 'Xe đưa đón');
INSERT INTO `booking_db`.`service_tours` (`id_service_tour`, `id_tour`, `name`) VALUES (16, 4, ' Bảo hiểm');
INSERT INTO `booking_db`.`service_tours` (`id_service_tour`, `id_tour`, `name`) VALUES (17, 4, 'Bữa ăn');
INSERT INTO `booking_db`.`service_tours` (`id_service_tour`, `id_tour`, `name`) VALUES (18, 4, 'Hướng dẫn viên');
INSERT INTO `booking_db`.`service_tours` (`id_service_tour`, `id_tour`, `name`) VALUES (19, 4, 'Vé tham quan');
INSERT INTO `booking_db`.`service_tours` (`id_service_tour`, `id_tour`, `name`) VALUES (20, 4, 'Xe đưa đón');
INSERT INTO `booking_db`.`service_tours` (`id_service_tour`, `id_tour`, `name`) VALUES (21, 5, ' Bảo hiểm');
INSERT INTO `booking_db`.`service_tours` (`id_service_tour`, `id_tour`, `name`) VALUES (22, 5, 'Bữa ăn');
INSERT INTO `booking_db`.`service_tours` (`id_service_tour`, `id_tour`, `name`) VALUES (23, 5, 'Hướng dẫn viên');
INSERT INTO `booking_db`.`service_tours` (`id_service_tour`, `id_tour`, `name`) VALUES (24, 5, 'Vé tham quan');
INSERT INTO `booking_db`.`service_tours` (`id_service_tour`, `id_tour`, `name`) VALUES (25, 5, 'Xe đưa đón');
INSERT INTO `booking_db`.`service_tours` (`id_service_tour`, `id_tour`, `name`) VALUES (26, 6, ' Bảo hiểm');
INSERT INTO `booking_db`.`service_tours` (`id_service_tour`, `id_tour`, `name`) VALUES (27, 6, 'Bữa ăn');
INSERT INTO `booking_db`.`service_tours` (`id_service_tour`, `id_tour`, `name`) VALUES (28, 6, 'Hướng dẫn viên');
INSERT INTO `booking_db`.`service_tours` (`id_service_tour`, `id_tour`, `name`) VALUES (29, 6, 'Vé tham quan');
INSERT INTO `booking_db`.`service_tours` (`id_service_tour`, `id_tour`, `name`) VALUES (30, 6, 'Xe đưa đón');
INSERT INTO `booking_db`.`service_tours` (`id_service_tour`, `id_tour`, `name`) VALUES (31, 7, ' Bảo hiểm');
INSERT INTO `booking_db`.`service_tours` (`id_service_tour`, `id_tour`, `name`) VALUES (32, 7, 'Bữa ăn');
INSERT INTO `booking_db`.`service_tours` (`id_service_tour`, `id_tour`, `name`) VALUES (33, 7, 'Hướng dẫn viên');
INSERT INTO `booking_db`.`service_tours` (`id_service_tour`, `id_tour`, `name`) VALUES (34, 7, 'Vé tham quan');
INSERT INTO `booking_db`.`service_tours` (`id_service_tour`, `id_tour`, `name`) VALUES (35, 7, 'Xe đưa đón');
INSERT INTO `booking_db`.`service_tours` (`id_service_tour`, `id_tour`, `name`) VALUES (36, 8, ' Bảo hiểm');
INSERT INTO `booking_db`.`service_tours` (`id_service_tour`, `id_tour`, `name`) VALUES (37, 8, 'Bữa ăn');
INSERT INTO `booking_db`.`service_tours` (`id_service_tour`, `id_tour`, `name`) VALUES (38, 8, 'Hướng dẫn viên');
INSERT INTO `booking_db`.`service_tours` (`id_service_tour`, `id_tour`, `name`) VALUES (39, 8, 'Vé tham quan');
INSERT INTO `booking_db`.`service_tours` (`id_service_tour`, `id_tour`, `name`) VALUES (40, 8, 'Xe đưa đón');
INSERT INTO `booking_db`.`service_tours` (`id_service_tour`, `id_tour`, `name`) VALUES (41, 9, ' Bảo hiểm');
INSERT INTO `booking_db`.`service_tours` (`id_service_tour`, `id_tour`, `name`) VALUES (42, 9, 'Bữa ăn');
INSERT INTO `booking_db`.`service_tours` (`id_service_tour`, `id_tour`, `name`) VALUES (43, 9, 'Hướng dẫn viên');
INSERT INTO `booking_db`.`service_tours` (`id_service_tour`, `id_tour`, `name`) VALUES (44, 9, 'Vé tham quan');
INSERT INTO `booking_db`.`service_tours` (`id_service_tour`, `id_tour`, `name`) VALUES (45, 9, 'Xe đưa đón');
INSERT INTO `booking_db`.`service_tours` (`id_service_tour`, `id_tour`, `name`) VALUES (46, 10, ' Bảo hiểm');
INSERT INTO `booking_db`.`service_tours` (`id_service_tour`, `id_tour`, `name`) VALUES (47, 10, 'Bữa ăn');
INSERT INTO `booking_db`.`service_tours` (`id_service_tour`, `id_tour`, `name`) VALUES (48, 10, 'Hướng dẫn viên');
INSERT INTO `booking_db`.`service_tours` (`id_service_tour`, `id_tour`, `name`) VALUES (49, 10, 'Vé tham quan');
INSERT INTO `booking_db`.`service_tours` (`id_service_tour`, `id_tour`, `name`) VALUES (50, 10, 'Xe đưa đón');
INSERT INTO `booking_db`.`service_tours` (`id_service_tour`, `id_tour`, `name`) VALUES (51, 11, ' Bảo hiểm');
INSERT INTO `booking_db`.`service_tours` (`id_service_tour`, `id_tour`, `name`) VALUES (52, 11, 'Bữa ăn');
INSERT INTO `booking_db`.`service_tours` (`id_service_tour`, `id_tour`, `name`) VALUES (53, 11, 'Hướng dẫn viên');
INSERT INTO `booking_db`.`service_tours` (`id_service_tour`, `id_tour`, `name`) VALUES (54, 11, 'Vé tham quan');
INSERT INTO `booking_db`.`service_tours` (`id_service_tour`, `id_tour`, `name`) VALUES (55, 11, 'Xe đưa đón');
INSERT INTO `booking_db`.`service_tours` (`id_service_tour`, `id_tour`, `name`) VALUES (DEFAULT, NULL, ' Bảo hiểm');

COMMIT;


-- -----------------------------------------------------
-- Data for table `booking_db`.`utility_details`
-- -----------------------------------------------------
START TRANSACTION;
USE `booking_db`;
INSERT INTO `booking_db`.`utility_details` (`id_utility_detail`, `id_hotel`, `name`) VALUES (1, 1, 'Bãi đậu xe oto tại khách sạn');
INSERT INTO `booking_db`.`utility_details` (`id_utility_detail`, `id_hotel`, `name`) VALUES (2, 1, 'Biệt thự (Villa)');
INSERT INTO `booking_db`.`utility_details` (`id_utility_detail`, `id_hotel`, `name`) VALUES (3, 1, 'Dịch vụ giặt ủi');
INSERT INTO `booking_db`.`utility_details` (`id_utility_detail`, `id_hotel`, `name`) VALUES (4, 1, 'Hồ bơi ngoài trời');
INSERT INTO `booking_db`.`utility_details` (`id_utility_detail`, `id_hotel`, `name`) VALUES (5, 1, 'Jacuzzi');
INSERT INTO `booking_db`.`utility_details` (`id_utility_detail`, `id_hotel`, `name`) VALUES (6, 1, 'Khu nghỉ dưỡng (Resort)');
INSERT INTO `booking_db`.`utility_details` (`id_utility_detail`, `id_hotel`, `name`) VALUES (7, 1, 'Nhà hàng, Khu ăn uống');
INSERT INTO `booking_db`.`utility_details` (`id_utility_detail`, `id_hotel`, `name`) VALUES (8, 1, 'Phòng gia đình');
INSERT INTO `booking_db`.`utility_details` (`id_utility_detail`, `id_hotel`, `name`) VALUES (9, 1, 'Sân tennis');
INSERT INTO `booking_db`.`utility_details` (`id_utility_detail`, `id_hotel`, `name`) VALUES (10, 1, 'Sân vườn');
INSERT INTO `booking_db`.`utility_details` (`id_utility_detail`, `id_hotel`, `name`) VALUES (11, 1, 'Spa/Beauty Salon/Massage');
INSERT INTO `booking_db`.`utility_details` (`id_utility_detail`, `id_hotel`, `name`) VALUES (12, 1, 'Wifi / Internet');
INSERT INTO `booking_db`.`utility_details` (`id_utility_detail`, `id_hotel`, `name`) VALUES (13, 1, 'Bãi biển riêng');
INSERT INTO `booking_db`.`utility_details` (`id_utility_detail`, `id_hotel`, `name`) VALUES (14, 1, 'Bar/Club/Pub');
INSERT INTO `booking_db`.`utility_details` (`id_utility_detail`, `id_hotel`, `name`) VALUES (15, 1, 'Dịch vụ dọn phòng');
INSERT INTO `booking_db`.`utility_details` (`id_utility_detail`, `id_hotel`, `name`) VALUES (16, 1, 'Dịch vụ giữ hành lý');
INSERT INTO `booking_db`.`utility_details` (`id_utility_detail`, `id_hotel`, `name`) VALUES (17, 1, 'Hồ bơi');
INSERT INTO `booking_db`.`utility_details` (`id_utility_detail`, `id_hotel`, `name`) VALUES (18, 1, 'Khu vui chơi trẻ em');
INSERT INTO `booking_db`.`utility_details` (`id_utility_detail`, `id_hotel`, `name`) VALUES (19, 1, 'Xe đưa đón vào trung tâm theo lịch trình');
INSERT INTO `booking_db`.`utility_details` (`id_utility_detail`, `id_hotel`, `name`) VALUES (20, 1, 'Phòng tập thể dục');
INSERT INTO `booking_db`.`utility_details` (`id_utility_detail`, `id_hotel`, `name`) VALUES (21, 1, 'Butler service');
INSERT INTO `booking_db`.`utility_details` (`id_utility_detail`, `id_hotel`, `name`) VALUES (DEFAULT, 2, 'Dịch vụ trông trẻ');
INSERT INTO `booking_db`.`utility_details` (`id_utility_detail`, `id_hotel`, `name`) VALUES (DEFAULT, 2, 'Phòng họp/Dịch vụ hội nghị');
INSERT INTO `booking_db`.`utility_details` (`id_utility_detail`, `id_hotel`, `name`) VALUES (DEFAULT, 2, 'Phòng tập thể dục');
INSERT INTO `booking_db`.`utility_details` (`id_utility_detail`, `id_hotel`, `name`) VALUES (DEFAULT, 2, 'Sân chơi Golf');
INSERT INTO `booking_db`.`utility_details` (`id_utility_detail`, `id_hotel`, `name`) VALUES (DEFAULT, 2, 'Business Center');
INSERT INTO `booking_db`.`utility_details` (`id_utility_detail`, `id_hotel`, `name`) VALUES (DEFAULT, 2, 'Nhà hàng, Khu ăn uống');
INSERT INTO `booking_db`.`utility_details` (`id_utility_detail`, `id_hotel`, `name`) VALUES (DEFAULT, 2, 'Phòng xông hơi');
INSERT INTO `booking_db`.`utility_details` (`id_utility_detail`, `id_hotel`, `name`) VALUES (DEFAULT, 2, 'Phục vụ phòng');
INSERT INTO `booking_db`.`utility_details` (`id_utility_detail`, `id_hotel`, `name`) VALUES (DEFAULT, 2, 'Sân vườn');
INSERT INTO `booking_db`.`utility_details` (`id_utility_detail`, `id_hotel`, `name`) VALUES (DEFAULT, 2, 'Dịch vụ trọn gói');
INSERT INTO `booking_db`.`utility_details` (`id_utility_detail`, `id_hotel`, `name`) VALUES (DEFAULT, 2, 'Dịch vụ báo thức');
INSERT INTO `booking_db`.`utility_details` (`id_utility_detail`, `id_hotel`, `name`) VALUES (DEFAULT, 2, 'Biệt thự (Villa)');
INSERT INTO `booking_db`.`utility_details` (`id_utility_detail`, `id_hotel`, `name`) VALUES (DEFAULT, 2, 'Dịch vụ giặt ủi');
INSERT INTO `booking_db`.`utility_details` (`id_utility_detail`, `id_hotel`, `name`) VALUES (DEFAULT, 2, 'Jacuzzi');
INSERT INTO `booking_db`.`utility_details` (`id_utility_detail`, `id_hotel`, `name`) VALUES (DEFAULT, 2, 'Khu vui chơi trẻ em');
INSERT INTO `booking_db`.`utility_details` (`id_utility_detail`, `id_hotel`, `name`) VALUES (DEFAULT, 2, 'Sân tennis');
INSERT INTO `booking_db`.`utility_details` (`id_utility_detail`, `id_hotel`, `name`) VALUES (DEFAULT, 2, 'Spa/Beauty Salon/Massage');
INSERT INTO `booking_db`.`utility_details` (`id_utility_detail`, `id_hotel`, `name`) VALUES (DEFAULT, 2, 'Bãi biển riêng');
INSERT INTO `booking_db`.`utility_details` (`id_utility_detail`, `id_hotel`, `name`) VALUES (DEFAULT, 2, 'Bãi đậu xe ô tô tại khách sạn');
INSERT INTO `booking_db`.`utility_details` (`id_utility_detail`, `id_hotel`, `name`) VALUES (DEFAULT, 2, 'Dịch vụ dọn phòng');
INSERT INTO `booking_db`.`utility_details` (`id_utility_detail`, `id_hotel`, `name`) VALUES (DEFAULT, 2, 'Dịch vụ giữ hành lý');
INSERT INTO `booking_db`.`utility_details` (`id_utility_detail`, `id_hotel`, `name`) VALUES (DEFAULT, 2, 'Nhà hàng, Khu ăn uống');
INSERT INTO `booking_db`.`utility_details` (`id_utility_detail`, `id_hotel`, `name`) VALUES (DEFAULT, 2, 'Phòng gia đình');
INSERT INTO `booking_db`.`utility_details` (`id_utility_detail`, `id_hotel`, `name`) VALUES (DEFAULT, 2, 'Khu nghỉ dưỡng (Resort)');
INSERT INTO `booking_db`.`utility_details` (`id_utility_detail`, `id_hotel`, `name`) VALUES (DEFAULT, 2, 'Wifi miễn phí');
INSERT INTO `booking_db`.`utility_details` (`id_utility_detail`, `id_hotel`, `name`) VALUES (DEFAULT, 2, 'Dịch vụ y tế');
INSERT INTO `booking_db`.`utility_details` (`id_utility_detail`, `id_hotel`, `name`) VALUES (DEFAULT, 2, 'Hệ thống báo cháy');
INSERT INTO `booking_db`.`utility_details` (`id_utility_detail`, `id_hotel`, `name`) VALUES (DEFAULT, 2, 'Hồ bơi ngoài trời');
INSERT INTO `booking_db`.`utility_details` (`id_utility_detail`, `id_hotel`, `name`) VALUES (DEFAULT, 2, 'Mở cửa 24/7');
INSERT INTO `booking_db`.`utility_details` (`id_utility_detail`, `id_hotel`, `name`) VALUES (DEFAULT, 2, 'Quầy bar cạnh bể bơi');
INSERT INTO `booking_db`.`utility_details` (`id_utility_detail`, `id_hotel`, `name`) VALUES (DEFAULT, 2, 'Hồ bơi trẻ em');
INSERT INTO `booking_db`.`utility_details` (`id_utility_detail`, `id_hotel`, `name`) VALUES (DEFAULT, 2, 'Trà/Cà phê miễn phí');
INSERT INTO `booking_db`.`utility_details` (`id_utility_detail`, `id_hotel`, `name`) VALUES (DEFAULT, 2, 'Xe đưa đón vào trung tâm theo lịch trình');
INSERT INTO `booking_db`.`utility_details` (`id_utility_detail`, `id_hotel`, `name`) VALUES (DEFAULT, 2, 'Đưa đón sân bay miễn phí');

COMMIT;


-- -----------------------------------------------------
-- Data for table `booking_db`.`type_of_room_details`
-- -----------------------------------------------------
START TRANSACTION;
USE `booking_db`;
INSERT INTO `booking_db`.`type_of_room_details` (`id_type_of_room_detail`, `id_type_of_room`, `name`) VALUES (1, 1, 'Phòng không hút thuốc');
INSERT INTO `booking_db`.`type_of_room_details` (`id_type_of_room_detail`, `id_type_of_room`, `name`) VALUES (2, 1, 'Phòng cửa sổ mở');
INSERT INTO `booking_db`.`type_of_room_details` (`id_type_of_room_detail`, `id_type_of_room`, `name`) VALUES (3, 1, 'Giường đôi | 2 giường đơn');
INSERT INTO `booking_db`.`type_of_room_details` (`id_type_of_room_detail`, `id_type_of_room`, `name`) VALUES (4, 1, 'Ban công');
INSERT INTO `booking_db`.`type_of_room_details` (`id_type_of_room_detail`, `id_type_of_room`, `name`) VALUES (5, 1, 'Bồn tắm & vòi hoa sen');
INSERT INTO `booking_db`.`type_of_room_details` (`id_type_of_room_detail`, `id_type_of_room`, `name`) VALUES (6, 2, 'Phòng không hút thuốc');
INSERT INTO `booking_db`.`type_of_room_details` (`id_type_of_room_detail`, `id_type_of_room`, `name`) VALUES (7, 2, 'Phòng cửa sổ mở');
INSERT INTO `booking_db`.`type_of_room_details` (`id_type_of_room_detail`, `id_type_of_room`, `name`) VALUES (8, 2, 'Giường đôi | 2 giường đơn');
INSERT INTO `booking_db`.`type_of_room_details` (`id_type_of_room_detail`, `id_type_of_room`, `name`) VALUES (9, 2, 'Ban công');
INSERT INTO `booking_db`.`type_of_room_details` (`id_type_of_room_detail`, `id_type_of_room`, `name`) VALUES (10, 2, 'Vòi hoa sen');
INSERT INTO `booking_db`.`type_of_room_details` (`id_type_of_room_detail`, `id_type_of_room`, `name`) VALUES (11, 3, 'Phòng không hút thuốc');
INSERT INTO `booking_db`.`type_of_room_details` (`id_type_of_room_detail`, `id_type_of_room`, `name`) VALUES (12, 3, 'Phòng cửa sổ mở');
INSERT INTO `booking_db`.`type_of_room_details` (`id_type_of_room_detail`, `id_type_of_room`, `name`) VALUES (13, 3, 'Ban công');
INSERT INTO `booking_db`.`type_of_room_details` (`id_type_of_room_detail`, `id_type_of_room`, `name`) VALUES (14, 3, 'Vòi hoa sen');

COMMIT;


-- -----------------------------------------------------
-- Data for table `booking_db`.`service_room_details`
-- -----------------------------------------------------
START TRANSACTION;
USE `booking_db`;
INSERT INTO `booking_db`.`service_room_details` (`id_service_room_detail`, `id_service_room`, `name`) VALUES (1, 1, 'Gồm ăn sáng');
INSERT INTO `booking_db`.`service_room_details` (`id_service_room_detail`, `id_service_room`, `name`) VALUES (2, 1, '1 giường cỡ king');
INSERT INTO `booking_db`.`service_room_details` (`id_service_room_detail`, `id_service_room`, `name`) VALUES (3, 1, 'Wifi miễn phí');
INSERT INTO `booking_db`.`service_room_details` (`id_service_room_detail`, `id_service_room`, `name`) VALUES (4, 1, 'Bữa sáng miễn phí');
INSERT INTO `booking_db`.`service_room_details` (`id_service_room_detail`, `id_service_room`, `name`) VALUES (5, 1, 'Bãi đậu xe miễn phí có nhân viên phục vụ');
INSERT INTO `booking_db`.`service_room_details` (`id_service_room_detail`, `id_service_room`, `name`) VALUES (6, 1, 'Bãi đậu xe tự phục vụ miễn phí');
INSERT INTO `booking_db`.`service_room_details` (`id_service_room_detail`, `id_service_room`, `name`) VALUES (7, 1, 'Giá rẻ (không hủy/thay đổi)');
INSERT INTO `booking_db`.`service_room_details` (`id_service_room_detail`, `id_service_room`, `name`) VALUES (8, 2, 'Gồm ăn sáng');
INSERT INTO `booking_db`.`service_room_details` (`id_service_room_detail`, `id_service_room`, `name`) VALUES (9, 2, '2 giường đơn');
INSERT INTO `booking_db`.`service_room_details` (`id_service_room_detail`, `id_service_room`, `name`) VALUES (10, 2, 'Wifi miễn phí');
INSERT INTO `booking_db`.`service_room_details` (`id_service_room_detail`, `id_service_room`, `name`) VALUES (11, 2, 'Bữa sáng miễn phí');
INSERT INTO `booking_db`.`service_room_details` (`id_service_room_detail`, `id_service_room`, `name`) VALUES (12, 2, 'Bãi đậu xe miễn phí có nhân viên phục vụ');
INSERT INTO `booking_db`.`service_room_details` (`id_service_room_detail`, `id_service_room`, `name`) VALUES (13, 2, 'Bãi đậu xe tự phục vụ miễn phí');
INSERT INTO `booking_db`.`service_room_details` (`id_service_room_detail`, `id_service_room`, `name`) VALUES (14, 2, 'Đã bao gồm thuế & phí');
INSERT INTO `booking_db`.`service_room_details` (`id_service_room_detail`, `id_service_room`, `name`) VALUES (15, 2, 'Giá rẻ (không hủy/thay đổi)');
INSERT INTO `booking_db`.`service_room_details` (`id_service_room_detail`, `id_service_room`, `name`) VALUES (16, 3, 'Gồm ăn sáng');
INSERT INTO `booking_db`.`service_room_details` (`id_service_room_detail`, `id_service_room`, `name`) VALUES (17, 3, 'STUDIO DELUXE');
INSERT INTO `booking_db`.`service_room_details` (`id_service_room_detail`, `id_service_room`, `name`) VALUES (18, 3, 'Đã bao gồm thuế & phí');
INSERT INTO `booking_db`.`service_room_details` (`id_service_room_detail`, `id_service_room`, `name`) VALUES (19, 3, 'Giá rẻ (không hủy/thay đổi)');
INSERT INTO `booking_db`.`service_room_details` (`id_service_room_detail`, `id_service_room`, `name`) VALUES (20, 4, '1 giường cỡ king');
INSERT INTO `booking_db`.`service_room_details` (`id_service_room_detail`, `id_service_room`, `name`) VALUES (21, 4, 'Wifi miễn phí');
INSERT INTO `booking_db`.`service_room_details` (`id_service_room_detail`, `id_service_room`, `name`) VALUES (22, 4, 'Bữa sáng miễn phí');
INSERT INTO `booking_db`.`service_room_details` (`id_service_room_detail`, `id_service_room`, `name`) VALUES (23, 4, 'Bãi đậu xe miễn phí có nhân viên phục vụ');
INSERT INTO `booking_db`.`service_room_details` (`id_service_room_detail`, `id_service_room`, `name`) VALUES (24, 4, 'Bãi đậu xe tự phục vụ miễn phí');
INSERT INTO `booking_db`.`service_room_details` (`id_service_room_detail`, `id_service_room`, `name`) VALUES (25, 4, 'Đã bao gồm thuế & phí');
INSERT INTO `booking_db`.`service_room_details` (`id_service_room_detail`, `id_service_room`, `name`) VALUES (26, 4, 'Hủy miễn phí');
INSERT INTO `booking_db`.`service_room_details` (`id_service_room_detail`, `id_service_room`, `name`) VALUES (27, 5, '2 giường đơn');
INSERT INTO `booking_db`.`service_room_details` (`id_service_room_detail`, `id_service_room`, `name`) VALUES (28, 5, 'Wifi miễn phí');
INSERT INTO `booking_db`.`service_room_details` (`id_service_room_detail`, `id_service_room`, `name`) VALUES (29, 5, 'Bữa sáng miễn phí');
INSERT INTO `booking_db`.`service_room_details` (`id_service_room_detail`, `id_service_room`, `name`) VALUES (30, 5, 'Bãi đậu xe miễn phí có nhân viên phục vụ');
INSERT INTO `booking_db`.`service_room_details` (`id_service_room_detail`, `id_service_room`, `name`) VALUES (31, 5, 'Bãi đậu xe tự phục vụ miễn phí');
INSERT INTO `booking_db`.`service_room_details` (`id_service_room_detail`, `id_service_room`, `name`) VALUES (32, 5, 'Đã bao gồm thuế & phí');
INSERT INTO `booking_db`.`service_room_details` (`id_service_room_detail`, `id_service_room`, `name`) VALUES (33, 5, 'Hủy miễn phí');
INSERT INTO `booking_db`.`service_room_details` (`id_service_room_detail`, `id_service_room`, `name`) VALUES (34, 6, 'STUDIO DELUXE');
INSERT INTO `booking_db`.`service_room_details` (`id_service_room_detail`, `id_service_room`, `name`) VALUES (35, 6, 'Đã bao gồm thuế & phí');
INSERT INTO `booking_db`.`service_room_details` (`id_service_room_detail`, `id_service_room`, `name`) VALUES (36, 6, 'Xem chính sách hủy bước đặt phòng');
INSERT INTO `booking_db`.`service_room_details` (`id_service_room_detail`, `id_service_room`, `name`) VALUES (37, 7, 'Gồm ăn sáng');
INSERT INTO `booking_db`.`service_room_details` (`id_service_room_detail`, `id_service_room`, `name`) VALUES (38, 7, '01 bữa trưa/booking dịp Lễ | 1 người lớn');
INSERT INTO `booking_db`.`service_room_details` (`id_service_room_detail`, `id_service_room`, `name`) VALUES (39, 7, 'Đã bao gồm thuế & phí');
INSERT INTO `booking_db`.`service_room_details` (`id_service_room_detail`, `id_service_room`, `name`) VALUES (40, 7, 'Giá rẻ (không hủy/thay đổi)');
INSERT INTO `booking_db`.`service_room_details` (`id_service_room_detail`, `id_service_room`, `name`) VALUES (41, 8, 'Gồm ăn sáng');
INSERT INTO `booking_db`.`service_room_details` (`id_service_room_detail`, `id_service_room`, `name`) VALUES (42, 8, '2 giường đơn');
INSERT INTO `booking_db`.`service_room_details` (`id_service_room_detail`, `id_service_room`, `name`) VALUES (43, 8, 'Wifi miễn phí');
INSERT INTO `booking_db`.`service_room_details` (`id_service_room_detail`, `id_service_room`, `name`) VALUES (44, 8, 'Bữa sáng miễn phí');
INSERT INTO `booking_db`.`service_room_details` (`id_service_room_detail`, `id_service_room`, `name`) VALUES (45, 8, 'Bãi đậu xe miễn phí có nhân viên phục vụ');
INSERT INTO `booking_db`.`service_room_details` (`id_service_room_detail`, `id_service_room`, `name`) VALUES (46, 8, 'Bãi đậu xe tự phục vụ miễn phí');
INSERT INTO `booking_db`.`service_room_details` (`id_service_room_detail`, `id_service_room`, `name`) VALUES (47, 8, 'Đã bao gồm thuế & phí');
INSERT INTO `booking_db`.`service_room_details` (`id_service_room_detail`, `id_service_room`, `name`) VALUES (48, 8, 'Giá rẻ (không hủy/thay đổi)');
INSERT INTO `booking_db`.`service_room_details` (`id_service_room_detail`, `id_service_room`, `name`) VALUES (49, 9, 'Gồm ăn sáng');
INSERT INTO `booking_db`.`service_room_details` (`id_service_room_detail`, `id_service_room`, `name`) VALUES (50, 9, 'STUDIO STANDARD');
INSERT INTO `booking_db`.`service_room_details` (`id_service_room_detail`, `id_service_room`, `name`) VALUES (51, 9, 'Đã bao gồm thuế & phí');
INSERT INTO `booking_db`.`service_room_details` (`id_service_room_detail`, `id_service_room`, `name`) VALUES (52, 9, 'Giá rẻ (không hủy/thay đổi)');
INSERT INTO `booking_db`.`service_room_details` (`id_service_room_detail`, `id_service_room`, `name`) VALUES (53, 10, '2 giường đơn');
INSERT INTO `booking_db`.`service_room_details` (`id_service_room_detail`, `id_service_room`, `name`) VALUES (54, 10, 'Wifi miễn phí');
INSERT INTO `booking_db`.`service_room_details` (`id_service_room_detail`, `id_service_room`, `name`) VALUES (55, 10, 'Bữa sáng miễn phí');
INSERT INTO `booking_db`.`service_room_details` (`id_service_room_detail`, `id_service_room`, `name`) VALUES (56, 10, 'Bãi đậu xe miễn phí có nhân viên phục vụ');
INSERT INTO `booking_db`.`service_room_details` (`id_service_room_detail`, `id_service_room`, `name`) VALUES (57, 10, 'Bãi đậu xe tự phục vụ miễn phí');
INSERT INTO `booking_db`.`service_room_details` (`id_service_room_detail`, `id_service_room`, `name`) VALUES (58, 10, 'Đã bao gồm thuế & phí');
INSERT INTO `booking_db`.`service_room_details` (`id_service_room_detail`, `id_service_room`, `name`) VALUES (59, 10, 'Hủy miễn phí');
INSERT INTO `booking_db`.`service_room_details` (`id_service_room_detail`, `id_service_room`, `name`) VALUES (60, 11, 'STUDIO STANDARD');
INSERT INTO `booking_db`.`service_room_details` (`id_service_room_detail`, `id_service_room`, `name`) VALUES (61, 11, 'Đã bao gồm thuế & phí');
INSERT INTO `booking_db`.`service_room_details` (`id_service_room_detail`, `id_service_room`, `name`) VALUES (62, 11, 'Xem chính sách hủy bước đặt phòng');
INSERT INTO `booking_db`.`service_room_details` (`id_service_room_detail`, `id_service_room`, `name`) VALUES (63, 12, '01 bữa trưa/booking dịp Lễ | 1 người lớn');
INSERT INTO `booking_db`.`service_room_details` (`id_service_room_detail`, `id_service_room`, `name`) VALUES (64, 12, 'Đã bao gồm thuế & phí');
INSERT INTO `booking_db`.`service_room_details` (`id_service_room_detail`, `id_service_room`, `name`) VALUES (65, 12, 'Giá rẻ (không hủy/thay đổi)');
INSERT INTO `booking_db`.`service_room_details` (`id_service_room_detail`, `id_service_room`, `name`) VALUES (66, 13, 'Gồm ăn sáng');
INSERT INTO `booking_db`.`service_room_details` (`id_service_room_detail`, `id_service_room`, `name`) VALUES (67, 13, '1 giường cỡ king và 1 giường đơn');
INSERT INTO `booking_db`.`service_room_details` (`id_service_room_detail`, `id_service_room`, `name`) VALUES (68, 13, 'Wifi miễn phí');
INSERT INTO `booking_db`.`service_room_details` (`id_service_room_detail`, `id_service_room`, `name`) VALUES (69, 13, 'Bữa sáng miễn phí');
INSERT INTO `booking_db`.`service_room_details` (`id_service_room_detail`, `id_service_room`, `name`) VALUES (70, 13, 'Bãi đậu xe miễn phí có nhân viên phục vụ');
INSERT INTO `booking_db`.`service_room_details` (`id_service_room_detail`, `id_service_room`, `name`) VALUES (71, 13, 'Bãi đậu xe tự phục vụ miễn phí');
INSERT INTO `booking_db`.`service_room_details` (`id_service_room_detail`, `id_service_room`, `name`) VALUES (72, 13, 'Đã bao gồm thuế & phí');
INSERT INTO `booking_db`.`service_room_details` (`id_service_room_detail`, `id_service_room`, `name`) VALUES (73, 13, 'Giá rẻ (không hủy/thay đổi)');
INSERT INTO `booking_db`.`service_room_details` (`id_service_room_detail`, `id_service_room`, `name`) VALUES (74, 14, 'Gồm ăn sáng');
INSERT INTO `booking_db`.`service_room_details` (`id_service_room_detail`, `id_service_room`, `name`) VALUES (75, 14, 'FAMILY ROOM CAPACITY 4');
INSERT INTO `booking_db`.`service_room_details` (`id_service_room_detail`, `id_service_room`, `name`) VALUES (76, 14, 'Đã bao gồm thuế & phí');
INSERT INTO `booking_db`.`service_room_details` (`id_service_room_detail`, `id_service_room`, `name`) VALUES (77, 14, 'Giá rẻ (không hủy/thay đổi)');
INSERT INTO `booking_db`.`service_room_details` (`id_service_room_detail`, `id_service_room`, `name`) VALUES (78, 15, 'Gồm ăn sáng');
INSERT INTO `booking_db`.`service_room_details` (`id_service_room_detail`, `id_service_room`, `name`) VALUES (79, 15, 'FAMILY ROOM CAPACITY 4');
INSERT INTO `booking_db`.`service_room_details` (`id_service_room_detail`, `id_service_room`, `name`) VALUES (80, 15, 'Đã bao gồm thuế & phí');
INSERT INTO `booking_db`.`service_room_details` (`id_service_room_detail`, `id_service_room`, `name`) VALUES (81, 15, 'Xem chính sách hủy bước đặt phòng');
INSERT INTO `booking_db`.`service_room_details` (`id_service_room_detail`, `id_service_room`, `name`) VALUES (82, 16, 'Gồm ăn sáng');
INSERT INTO `booking_db`.`service_room_details` (`id_service_room_detail`, `id_service_room`, `name`) VALUES (83, 16, '01 bữa trưa/booking dịp Lễ | 1 người lớn');
INSERT INTO `booking_db`.`service_room_details` (`id_service_room_detail`, `id_service_room`, `name`) VALUES (84, 16, 'Đã bao gồm thuế & phí');
INSERT INTO `booking_db`.`service_room_details` (`id_service_room_detail`, `id_service_room`, `name`) VALUES (85, 16, 'Giá rẻ (không hủy/thay đổi)');

COMMIT;


-- -----------------------------------------------------
-- Data for table `booking_db`.`tag_tours`
-- -----------------------------------------------------
START TRANSACTION;
USE `booking_db`;
INSERT INTO `booking_db`.`tag_tours` (`id_tag_tour`, `id_tour`, `name`) VALUES (1, 1, 'Khách sạn 3 sao');
INSERT INTO `booking_db`.`tag_tours` (`id_tag_tour`, `id_tour`, `name`) VALUES (2, 1, 'Bay Vietjet');
INSERT INTO `booking_db`.`tag_tours` (`id_tag_tour`, `id_tour`, `name`) VALUES (3, 2, 'Cendelux tiêu chuẩn 5 sao');
INSERT INTO `booking_db`.`tag_tours` (`id_tag_tour`, `id_tour`, `name`) VALUES (4, 2, 'Đảo Kỳ Co');
INSERT INTO `booking_db`.`tag_tours` (`id_tag_tour`, `id_tour`, `name`) VALUES (5, 2, 'Gành Đá Dĩa');
INSERT INTO `booking_db`.`tag_tours` (`id_tag_tour`, `id_tour`, `name`) VALUES (6, 2, 'Bãi Xếp');
INSERT INTO `booking_db`.`tag_tours` (`id_tag_tour`, `id_tour`, `name`) VALUES (7, 2, 'Mũi Điện Đại Lãnh');
INSERT INTO `booking_db`.`tag_tours` (`id_tag_tour`, `id_tour`, `name`) VALUES (8, 3, 'KDL Chùa Tam Chúc');
INSERT INTO `booking_db`.`tag_tours` (`id_tag_tour`, `id_tour`, `name`) VALUES (9, 3, 'Di sản thiên nhiên thế giới');
INSERT INTO `booking_db`.`tag_tours` (`id_tag_tour`, `id_tour`, `name`) VALUES (10, 3, 'KDL Tràng An');
INSERT INTO `booking_db`.`tag_tours` (`id_tag_tour`, `id_tour`, `name`) VALUES (11, 3, 'City Tour Hà Nội');
INSERT INTO `booking_db`.`tag_tours` (`id_tag_tour`, `id_tour`, `name`) VALUES (12, 4, 'Bay cùng VNA');
INSERT INTO `booking_db`.`tag_tours` (`id_tag_tour`, `id_tour`, `name`) VALUES (13, 4, 'Bán đảo Phương Mai');
INSERT INTO `booking_db`.`tag_tours` (`id_tag_tour`, `id_tour`, `name`) VALUES (14, 4, 'Hải Đăng - Mũi Điện');
INSERT INTO `booking_db`.`tag_tours` (`id_tag_tour`, `id_tour`, `name`) VALUES (15, 4, 'Kiệt tác thiên nhiên Gành Đá Đĩa');
INSERT INTO `booking_db`.`tag_tours` (`id_tag_tour`, `id_tour`, `name`) VALUES (16, 5, 'Viếng múa Bà Chúa Xứ');
INSERT INTO `booking_db`.`tag_tours` (`id_tag_tour`, `id_tour`, `name`) VALUES (17, 5, 'Khám phá rừng tràm Trà Xư');
INSERT INTO `booking_db`.`tag_tours` (`id_tag_tour`, `id_tour`, `name`) VALUES (18, 5, 'Văn hoá chợ nổi Cần Thơ');
INSERT INTO `booking_db`.`tag_tours` (`id_tag_tour`, `id_tour`, `name`) VALUES (19, 6, 'Trải nghiệm dịch vụ 4 sao');
INSERT INTO `booking_db`.`tag_tours` (`id_tag_tour`, `id_tour`, `name`) VALUES (20, 6, 'Tặng vé cáp treo Bà Nà');
INSERT INTO `booking_db`.`tag_tours` (`id_tag_tour`, `id_tour`, `name`) VALUES (21, 6, 'Khám phá Đà Nẵng');
INSERT INTO `booking_db`.`tag_tours` (`id_tag_tour`, `id_tour`, `name`) VALUES (22, 7, 'Khám phá Côn Đảo');
INSERT INTO `booking_db`.`tag_tours` (`id_tag_tour`, `id_tour`, `name`) VALUES (23, 7, 'Hành trình xuôi miền Tây nghe đờn ca tài tử');
INSERT INTO `booking_db`.`tag_tours` (`id_tag_tour`, `id_tour`, `name`) VALUES (24, 7, 'Hành hương linh thiêng');
INSERT INTO `booking_db`.`tag_tours` (`id_tag_tour`, `id_tour`, `name`) VALUES (25, 7, 'Di tích lịch sử');
INSERT INTO `booking_db`.`tag_tours` (`id_tag_tour`, `id_tour`, `name`) VALUES (26, 8, 'Sea Links Golf & Country Club');
INSERT INTO `booking_db`.`tag_tours` (`id_tag_tour`, `id_tour`, `name`) VALUES (27, 8, 'Nghỉ dưỡng dịch vụ cao cấp');
INSERT INTO `booking_db`.`tag_tours` (`id_tag_tour`, `id_tour`, `name`) VALUES (28, 8, 'Đồi cát bay điểm lý tưởng checkin');
INSERT INTO `booking_db`.`tag_tours` (`id_tag_tour`, `id_tour`, `name`) VALUES (29, 9, 'Vịnh Hạ Long kỳ quan thiên nhiên TG');
INSERT INTO `booking_db`.`tag_tours` (`id_tag_tour`, `id_tour`, `name`) VALUES (30, 9, 'Quần thể KDL Bái Đính - Tràng An');
INSERT INTO `booking_db`.`tag_tours` (`id_tag_tour`, `id_tour`, `name`) VALUES (31, 9, 'Chinh phục Fansipan');
INSERT INTO `booking_db`.`tag_tours` (`id_tag_tour`, `id_tour`, `name`) VALUES (32, 9, 'Hành hương các chùa');
INSERT INTO `booking_db`.`tag_tours` (`id_tag_tour`, `id_tour`, `name`) VALUES (33, 10, 'Du thuyền Hạ Long 5 sao');
INSERT INTO `booking_db`.`tag_tours` (`id_tag_tour`, `id_tour`, `name`) VALUES (34, 10, 'Quần thể danh thắng Tràng An');
INSERT INTO `booking_db`.`tag_tours` (`id_tag_tour`, `id_tour`, `name`) VALUES (35, 10, 'Hà Giang miền cực Bắc của Tổ Quốc');
INSERT INTO `booking_db`.`tag_tours` (`id_tag_tour`, `id_tour`, `name`) VALUES (36, 11, 'Mùa hoa cải Mộc Châu');
INSERT INTO `booking_db`.`tag_tours` (`id_tag_tour`, `id_tour`, `name`) VALUES (37, 11, 'Đồi chè Trái Tim');
INSERT INTO `booking_db`.`tag_tours` (`id_tag_tour`, `id_tour`, `name`) VALUES (38, 11, 'Thung lũng Mận');
INSERT INTO `booking_db`.`tag_tours` (`id_tag_tour`, `id_tour`, `name`) VALUES (39, 11, 'Săn mây Tà Xùa');

COMMIT;

