-- MySQL Script generated by MySQL Workbench
-- Wed Dec 16 21:44:27 2020
-- Model: New Model    Version: 1.0
-- MySQL Workbench Forward Engineering

SET @OLD_UNIQUE_CHECKS=@@UNIQUE_CHECKS, UNIQUE_CHECKS=0;
SET @OLD_FOREIGN_KEY_CHECKS=@@FOREIGN_KEY_CHECKS, FOREIGN_KEY_CHECKS=0;
SET @OLD_SQL_MODE=@@SQL_MODE, SQL_MODE='ONLY_FULL_GROUP_BY,STRICT_TRANS_TABLES,NO_ZERO_IN_DATE,NO_ZERO_DATE,ERROR_FOR_DIVISION_BY_ZERO,NO_ENGINE_SUBSTITUTION';

-- -----------------------------------------------------
-- Schema mydb
-- -----------------------------------------------------
-- -----------------------------------------------------
-- Schema booking_db
-- -----------------------------------------------------

-- -----------------------------------------------------
-- Schema booking_db
-- -----------------------------------------------------
CREATE SCHEMA IF NOT EXISTS `booking_db` DEFAULT CHARACTER SET utf8mb4 COLLATE utf8mb4_0900_ai_ci ;
USE `booking_db` ;

-- -----------------------------------------------------
-- Table `booking_db`.`cities`
-- -----------------------------------------------------
DROP TABLE IF EXISTS `booking_db`.`cities` ;

CREATE TABLE IF NOT EXISTS `booking_db`.`cities` (
  `id_city` INT NOT NULL AUTO_INCREMENT,
  `name` NVARCHAR(255) NULL DEFAULT NULL,
  `number_of_hotels` INT NULL DEFAULT 0,
  `image` NVARCHAR(255) NULL DEFAULT NULL,
  PRIMARY KEY (`id_city`))
ENGINE = InnoDB;


-- -----------------------------------------------------
-- Table `booking_db`.`locations`
-- -----------------------------------------------------
DROP TABLE IF EXISTS `booking_db`.`locations` ;

CREATE TABLE IF NOT EXISTS `booking_db`.`locations` (
  `id_location` INT NOT NULL AUTO_INCREMENT,
  `country` NVARCHAR(255) NULL DEFAULT 'Việt Nam',
  `id_city` INT NOT NULL,
  `district` NVARCHAR(255) NULL DEFAULT NULL,
  `street` NVARCHAR(255) NULL DEFAULT NULL,
  `number` NVARCHAR(255) NULL DEFAULT NULL,
  PRIMARY KEY (`id_location`),
  INDEX `City-Location_idx` (`id_city` ASC) VISIBLE,
  CONSTRAINT `fk_locations_cities`
    FOREIGN KEY (`id_city`)
    REFERENCES `booking_db`.`cities` (`id_city`)
    ON DELETE NO ACTION
    ON UPDATE NO ACTION)
ENGINE = InnoDB;


-- -----------------------------------------------------
-- Table `booking_db`.`areas`
-- -----------------------------------------------------
DROP TABLE IF EXISTS `booking_db`.`areas` ;

CREATE TABLE IF NOT EXISTS `booking_db`.`areas` (
  `id_area` INT NOT NULL AUTO_INCREMENT,
  `id_city` INT NOT NULL,
  `name` NVARCHAR(255) NULL DEFAULT NULL,
  `number_of_hotels` INT NULL DEFAULT 0,
  PRIMARY KEY (`id_area`),
  INDEX `City-Area_idx` (`id_city` ASC) VISIBLE,
  CONSTRAINT `fk_areas_cities`
    FOREIGN KEY (`id_city`)
    REFERENCES `booking_db`.`cities` (`id_city`)
    ON DELETE NO ACTION
    ON UPDATE NO ACTION)
ENGINE = InnoDB;


-- -----------------------------------------------------
-- Table `booking_db`.`utilities`
-- -----------------------------------------------------
DROP TABLE IF EXISTS `booking_db`.`utilities` ;

CREATE TABLE IF NOT EXISTS `booking_db`.`utilities` (
  `id_utility` INT NOT NULL AUTO_INCREMENT,
  `family_room` INT NULL DEFAULT NULL,
  `private_beach` INT NULL DEFAULT NULL,
  `car_park` INT NULL DEFAULT NULL,
  `pool` INT NULL DEFAULT NULL,
  `free_airport_transportation` INT NULL DEFAULT NULL,
  `children_amusement_park` INT NULL DEFAULT NULL,
  `package_service` INT NULL DEFAULT NULL,
  PRIMARY KEY (`id_utility`))
ENGINE = InnoDB;


-- -----------------------------------------------------
-- Table `booking_db`.`service_rooms`
-- -----------------------------------------------------
DROP TABLE IF EXISTS `booking_db`.`service_rooms` ;

CREATE TABLE IF NOT EXISTS `booking_db`.`service_rooms` (
  `id_service` INT NOT NULL AUTO_INCREMENT,
  `free_breakfast` INT NULL DEFAULT NULL,
  `free_wifi` INT NULL DEFAULT NULL,
  `booking_cancelling` INT NULL DEFAULT NULL,
  `vat_included` INT NULL DEFAULT NULL,
  `free_transportation` INT NULL DEFAULT NULL,
  PRIMARY KEY (`id_service`))
ENGINE = InnoDB;


-- -----------------------------------------------------
-- Table `booking_db`.`theme_hotels`
-- -----------------------------------------------------
DROP TABLE IF EXISTS `booking_db`.`theme_hotels` ;

CREATE TABLE IF NOT EXISTS `booking_db`.`theme_hotels` (
  `id_theme` INT NOT NULL AUTO_INCREMENT,
  `name` NVARCHAR(255) NULL DEFAULT NULL,
  `description` NVARCHAR(255) NULL DEFAULT NULL,
  `image` NVARCHAR(255) NULL DEFAULT NULL,
  `number_of_hotels` INT NULL DEFAULT 0,
  PRIMARY KEY (`id_theme`))
ENGINE = InnoDB;


-- -----------------------------------------------------
-- Table `booking_db`.`type_of_hotels`
-- -----------------------------------------------------
DROP TABLE IF EXISTS `booking_db`.`type_of_hotels` ;

CREATE TABLE IF NOT EXISTS `booking_db`.`type_of_hotels` (
  `id_type_of_hotel` INT NOT NULL AUTO_INCREMENT,
  `name` NVARCHAR(255) NULL DEFAULT NULL,
  PRIMARY KEY (`id_type_of_hotel`))
ENGINE = InnoDB;


-- -----------------------------------------------------
-- Table `booking_db`.`hotels`
-- -----------------------------------------------------
DROP TABLE IF EXISTS `booking_db`.`hotels` ;

CREATE TABLE IF NOT EXISTS `booking_db`.`hotels` (
  `id_hotel` INT NOT NULL AUTO_INCREMENT,
  `id_location` INT NOT NULL,
  `id_area` INT NOT NULL,
  `id_utility` INT NOT NULL,
  `id_theme` INT NOT NULL DEFAULT 1,
  `id_type_of_hotel` INT NOT NULL DEFAULT 1,
  `title` NVARCHAR(255) NULL DEFAULT NULL,
  `star_rating` INT NULL,
  `description` NVARCHAR(255) NULL DEFAULT NULL,
  `term_checkin` NVARCHAR(255) NULL DEFAULT NULL,
  `term_checkout` NVARCHAR(255) NULL DEFAULT NULL,
  `term_transportation` LONGTEXT NULL DEFAULT NULL,
  `term_receiving_room` LONGTEXT NULL DEFAULT NULL,
  `term_entertainment` LONGTEXT NULL DEFAULT NULL,
  `term_surcharge` LONGTEXT NULL DEFAULT NULL,
  `term_note` LONGTEXT NULL DEFAULT NULL,
  `image_1` NVARCHAR(255) NULL DEFAULT NULL,
  `image_2` NVARCHAR(255) NULL DEFAULT NULL,
  `image_3` NVARCHAR(255) NULL DEFAULT NULL,
  `image_4` NVARCHAR(255) NULL DEFAULT NULL,
  `image_5` NVARCHAR(255) NULL DEFAULT NULL,
  `video_linked` NVARCHAR(255) NULL DEFAULT NULL,
  `score` FLOAT NULL DEFAULT 0.0,
  `number_of_reviews` INT NULL DEFAULT 0,
  PRIMARY KEY (`id_hotel`),
  INDEX `ID_Location_idx` (`id_location` ASC) VISIBLE,
  INDEX `ID_Area_idx` (`id_area` ASC) VISIBLE,
  INDEX `Utility--Hotel_idx` (`id_utility` ASC) VISIBLE,
  INDEX `hotel_has_theme_idx` (`id_theme` ASC) VISIBLE,
  INDEX `hotel_is_of_type_idx` (`id_type_of_hotel` ASC) VISIBLE,
  UNIQUE INDEX `id_location_UNIQUE` (`id_location` ASC) VISIBLE,
  CONSTRAINT `fk_hotels_locations`
    FOREIGN KEY (`id_location`)
    REFERENCES `booking_db`.`locations` (`id_location`)
    ON DELETE NO ACTION
    ON UPDATE NO ACTION,
  CONSTRAINT `fk_hotels_areas`
    FOREIGN KEY (`id_area`)
    REFERENCES `booking_db`.`areas` (`id_area`)
    ON DELETE NO ACTION
    ON UPDATE NO ACTION,
  CONSTRAINT `fk_hotels_utilities`
    FOREIGN KEY (`id_utility`)
    REFERENCES `booking_db`.`utilities` (`id_utility`)
    ON DELETE NO ACTION
    ON UPDATE NO ACTION,
  CONSTRAINT `fk_hotels_theme_hotels`
    FOREIGN KEY (`id_theme`)
    REFERENCES `booking_db`.`theme_hotels` (`id_theme`)
    ON DELETE NO ACTION
    ON UPDATE NO ACTION,
  CONSTRAINT `fk_hotels_type_of_hotels`
    FOREIGN KEY (`id_type_of_hotel`)
    REFERENCES `booking_db`.`type_of_hotels` (`id_type_of_hotel`)
    ON DELETE NO ACTION
    ON UPDATE NO ACTION)
ENGINE = InnoDB;


-- -----------------------------------------------------
-- Table `booking_db`.`type_of_views`
-- -----------------------------------------------------
DROP TABLE IF EXISTS `booking_db`.`type_of_views` ;

CREATE TABLE IF NOT EXISTS `booking_db`.`type_of_views` (
  `id_type_of_view` INT NOT NULL AUTO_INCREMENT,
  `name` VARCHAR(45) NULL DEFAULT NULL,
  PRIMARY KEY (`id_type_of_view`))
ENGINE = InnoDB;


-- -----------------------------------------------------
-- Table `booking_db`.`type_of_rooms`
-- -----------------------------------------------------
DROP TABLE IF EXISTS `booking_db`.`type_of_rooms` ;

CREATE TABLE IF NOT EXISTS `booking_db`.`type_of_rooms` (
  `id_type_of_room` INT NOT NULL,
  `id_hotel` INT NOT NULL,
  `name` NVARCHAR(255) NULL DEFAULT NULL,
  `id_type_of_view` INT NOT NULL,
  `adult_capacity` INT NULL DEFAULT NULL,
  `children_capacity` INT NULL DEFAULT NULL,
  `size` INT NULL DEFAULT NULL,
  `type_of_bed` NVARCHAR(255) NULL DEFAULT NULL,
  `type_of_toilet` NVARCHAR(255) NULL DEFAULT NULL,
  `image` NVARCHAR(255) NULL DEFAULT NULL,
  PRIMARY KEY (`id_type_of_room`),
  INDEX `ID_Hotel_idx` (`id_hotel` ASC) VISIBLE,
  INDEX `type_of_room_has_type_of_view_idx` (`id_type_of_view` ASC) VISIBLE,
  CONSTRAINT `fk_type_of_rooms_hotels`
    FOREIGN KEY (`id_hotel`)
    REFERENCES `booking_db`.`hotels` (`id_hotel`)
    ON DELETE NO ACTION
    ON UPDATE NO ACTION,
  CONSTRAINT `fk_type_of_rooms_type_of_views`
    FOREIGN KEY (`id_type_of_view`)
    REFERENCES `booking_db`.`type_of_views` (`id_type_of_view`)
    ON DELETE NO ACTION
    ON UPDATE NO ACTION)
ENGINE = InnoDB;


-- -----------------------------------------------------
-- Table `booking_db`.`packages`
-- -----------------------------------------------------
DROP TABLE IF EXISTS `booking_db`.`packages` ;

CREATE TABLE IF NOT EXISTS `booking_db`.`packages` (
  `id_type_of_room` INT NOT NULL,
  `id_service` INT NOT NULL,
  `price_per_night` CHAR(40) NULL DEFAULT NULL,
  PRIMARY KEY (`id_type_of_room`, `id_service`),
  INDEX `ID_Service_idx` (`id_service` ASC) VISIBLE,
  CONSTRAINT `fk_packages_service_rooms`
    FOREIGN KEY (`id_service`)
    REFERENCES `booking_db`.`service_rooms` (`id_service`)
    ON DELETE NO ACTION
    ON UPDATE NO ACTION,
  CONSTRAINT `fk_packages_type_of_rooms`
    FOREIGN KEY (`id_type_of_room`)
    REFERENCES `booking_db`.`type_of_rooms` (`id_type_of_room`)
    ON DELETE NO ACTION
    ON UPDATE NO ACTION)
ENGINE = InnoDB;


-- -----------------------------------------------------
-- Table `booking_db`.`combos`
-- -----------------------------------------------------
DROP TABLE IF EXISTS `booking_db`.`combos` ;

CREATE TABLE IF NOT EXISTS `booking_db`.`combos` (
  `id_combo` INT NOT NULL AUTO_INCREMENT,
  `id_hotel` INT NOT NULL,
  `id_type_of_room` INT NOT NULL,
  `id_service` INT NOT NULL,
  `discount` INT NULL DEFAULT NULL,
  `start_date` DATE NULL DEFAULT NULL,
  `end_date` DATE NULL DEFAULT NULL,
  `minimum_number_of_rooms` INT NULL DEFAULT NULL,
  PRIMARY KEY (`id_combo`),
  INDEX `ID_Hotel_idx` (`id_hotel` ASC) VISIBLE,
  INDEX `ID_Service_idx` (`id_service` ASC, `id_type_of_room` ASC) VISIBLE,
  CONSTRAINT `fk_combos_hotels`
    FOREIGN KEY (`id_hotel`)
    REFERENCES `booking_db`.`hotels` (`id_hotel`)
    ON DELETE NO ACTION
    ON UPDATE NO ACTION,
  CONSTRAINT `fk_combos_packages`
    FOREIGN KEY (`id_service` , `id_type_of_room`)
    REFERENCES `booking_db`.`packages` (`id_service` , `id_type_of_room`)
    ON DELETE NO ACTION
    ON UPDATE NO ACTION)
ENGINE = InnoDB;


-- -----------------------------------------------------
-- Table `booking_db`.`rooms`
-- -----------------------------------------------------
DROP TABLE IF EXISTS `booking_db`.`rooms` ;

CREATE TABLE IF NOT EXISTS `booking_db`.`rooms` (
  `id_room` INT NOT NULL AUTO_INCREMENT,
  `id_type_of_room` INT NOT NULL,
  `id_hotel` INT NOT NULL,
  `name` VARCHAR(45) NULL DEFAULT NULL,
  `availability` INT NULL DEFAULT NULL,
  `checkin_date` DATE NULL DEFAULT NULL,
  `checkout_date` DATE NULL DEFAULT NULL,
  `note` LONGTEXT NULL DEFAULT NULL,
  PRIMARY KEY (`id_room`),
  INDEX `ID_Hotel_idx` (`id_hotel` ASC) VISIBLE,
  INDEX `ID_Type_Of_Room_idx` (`id_type_of_room` ASC) VISIBLE,
  CONSTRAINT `fk_rooms_hotels`
    FOREIGN KEY (`id_hotel`)
    REFERENCES `booking_db`.`hotels` (`id_hotel`)
    ON DELETE NO ACTION
    ON UPDATE NO ACTION,
  CONSTRAINT `fk_rooms_type_of_rooms`
    FOREIGN KEY (`id_type_of_room`)
    REFERENCES `booking_db`.`type_of_rooms` (`id_type_of_room`)
    ON DELETE NO ACTION
    ON UPDATE NO ACTION)
ENGINE = InnoDB;


-- -----------------------------------------------------
-- Table `booking_db`.`roles`
-- -----------------------------------------------------
DROP TABLE IF EXISTS `booking_db`.`roles` ;

CREATE TABLE IF NOT EXISTS `booking_db`.`roles` (
  `id_role` INT NOT NULL AUTO_INCREMENT,
  `name` VARCHAR(45) NULL DEFAULT NULL,
  PRIMARY KEY (`id_role`))
ENGINE = InnoDB;


-- -----------------------------------------------------
-- Table `booking_db`.`users`
-- -----------------------------------------------------
DROP TABLE IF EXISTS `booking_db`.`users` ;

CREATE TABLE IF NOT EXISTS `booking_db`.`users` (
  `id_user` INT NOT NULL AUTO_INCREMENT,
  `id_role` INT NOT NULL,
  `username` VARCHAR(16) NOT NULL,
  `password` VARCHAR(32) NOT NULL,
  `email` VARCHAR(255) NULL DEFAULT NULL,
  `google_account` VARCHAR(255) NULL DEFAULT NULL,
  `facebook_account` VARCHAR(255) NULL DEFAULT NULL,
  `create_time` TIMESTAMP NULL DEFAULT NULL,
  PRIMARY KEY (`id_user`),
  INDEX `ID_Role_idx` (`id_role` ASC) VISIBLE,
  CONSTRAINT `fk_users_roles`
    FOREIGN KEY (`id_role`)
    REFERENCES `booking_db`.`roles` (`id_role`)
    ON DELETE NO ACTION
    ON UPDATE NO ACTION)
ENGINE = InnoDB;


-- -----------------------------------------------------
-- Table `booking_db`.`review_hotels`
-- -----------------------------------------------------
DROP TABLE IF EXISTS `booking_db`.`review_hotels` ;

CREATE TABLE IF NOT EXISTS `booking_db`.`review_hotels` (
  `id_user` INT NOT NULL,
  `id_hotel` INT NOT NULL,
  `score` INT NULL DEFAULT NULL,
  `content` LONGTEXT NULL DEFAULT NULL,
  `create_time` TIMESTAMP NULL DEFAULT NULL,
  INDEX `ID_User_idx` (`id_user` ASC) VISIBLE,
  INDEX `ID_Hotel_idx` (`id_hotel` ASC) VISIBLE,
  PRIMARY KEY (`id_user`, `id_hotel`),
  CONSTRAINT `fk_review_hotels_users`
    FOREIGN KEY (`id_user`)
    REFERENCES `booking_db`.`users` (`id_user`)
    ON DELETE NO ACTION
    ON UPDATE NO ACTION,
  CONSTRAINT `fk_review_hotels_hotels`
    FOREIGN KEY (`id_hotel`)
    REFERENCES `booking_db`.`hotels` (`id_hotel`)
    ON DELETE NO ACTION
    ON UPDATE NO ACTION)
ENGINE = InnoDB;


-- -----------------------------------------------------
-- Table `booking_db`.`tour_transportations`
-- -----------------------------------------------------
DROP TABLE IF EXISTS `booking_db`.`tour_transportations` ;

CREATE TABLE IF NOT EXISTS `booking_db`.`tour_transportations` (
  `id_transportation` INT NOT NULL AUTO_INCREMENT,
  `bus` INT NULL DEFAULT NULL,
  `train` INT NULL DEFAULT NULL,
  `airplane` INT NULL DEFAULT NULL,
  `ship` INT NULL DEFAULT NULL,
  PRIMARY KEY (`id_transportation`))
ENGINE = InnoDB;


-- -----------------------------------------------------
-- Table `booking_db`.`service_tours`
-- -----------------------------------------------------
DROP TABLE IF EXISTS `booking_db`.`service_tours` ;

CREATE TABLE IF NOT EXISTS `booking_db`.`service_tours` (
  `id_service` INT NOT NULL AUTO_INCREMENT,
  `tour_guide` INT NULL DEFAULT NULL,
  `insurance` INT NULL DEFAULT NULL,
  `meal` INT NULL DEFAULT NULL,
  `ticket` INT NULL DEFAULT NULL,
  `transportation` INT NULL DEFAULT NULL,
  PRIMARY KEY (`id_service`))
ENGINE = InnoDB;


-- -----------------------------------------------------
-- Table `booking_db`.`theme_tours`
-- -----------------------------------------------------
DROP TABLE IF EXISTS `booking_db`.`theme_tours` ;

CREATE TABLE IF NOT EXISTS `booking_db`.`theme_tours` (
  `id_theme` INT NOT NULL AUTO_INCREMENT,
  `name` NVARCHAR(255) NULL DEFAULT NULL,
  PRIMARY KEY (`id_theme`))
ENGINE = InnoDB;


-- -----------------------------------------------------
-- Table `booking_db`.`tours`
-- -----------------------------------------------------
DROP TABLE IF EXISTS `booking_db`.`tours` ;

CREATE TABLE IF NOT EXISTS `booking_db`.`tours` (
  `id_tour` INT NOT NULL AUTO_INCREMENT,
  `id_transportation` INT NOT NULL,
  `id_city` INT NOT NULL,
  `id_service` INT NOT NULL,
  `id_theme` INT NOT NULL,
  `score` FLOAT NULL DEFAULT NULL,
  `number_of_reviews` INT NULL DEFAULT NULL,
  `name` NVARCHAR(255) NULL DEFAULT NULL,
  `code` VARCHAR(45) NULL DEFAULT NULL,
  `number_of_days` INT NULL DEFAULT NULL,
  `number_of_nights` INT NULL DEFAULT NULL,
  `term_surcharge` LONGTEXT NULL DEFAULT NULL,
  `term_price_included` LONGTEXT NULL DEFAULT NULL,
  `term_price_not_included` LONGTEXT NULL DEFAULT NULL,
  `term_cancelling` LONGTEXT NULL DEFAULT NULL,
  `term_note` LONGTEXT NULL DEFAULT NULL,
  `term_single_room_surchage_price` CHAR(40) NULL DEFAULT NULL,
  `price_per_adult` CHAR(40) NULL DEFAULT NULL,
  `price_per_child` CHAR(40) NULL DEFAULT NULL,
  `thumbnail` VARCHAR(255) NULL,
  `image` VARCHAR(255) NULL,
  `introduction` LONGTEXT NULL,
  `description` LONGTEXT NULL,
  PRIMARY KEY (`id_tour`),
  INDEX `tour_is_at_city_idx` (`id_city` ASC) VISIBLE,
  INDEX `tour_has_transporation_idx` (`id_transportation` ASC) VISIBLE,
  INDEX `tour_has_service_idx` (`id_service` ASC) VISIBLE,
  INDEX `fk_tours_theme_tours_idx` (`id_theme` ASC) VISIBLE,
  CONSTRAINT `fk_tours_tour_transportations`
    FOREIGN KEY (`id_transportation`)
    REFERENCES `booking_db`.`tour_transportations` (`id_transportation`)
    ON DELETE NO ACTION
    ON UPDATE NO ACTION,
  CONSTRAINT `fk_tours_cities`
    FOREIGN KEY (`id_city`)
    REFERENCES `booking_db`.`cities` (`id_city`)
    ON DELETE NO ACTION
    ON UPDATE NO ACTION,
  CONSTRAINT `fk_tours_service_tours`
    FOREIGN KEY (`id_service`)
    REFERENCES `booking_db`.`service_tours` (`id_service`)
    ON DELETE NO ACTION
    ON UPDATE NO ACTION,
  CONSTRAINT `fk_tours_theme_tours`
    FOREIGN KEY (`id_theme`)
    REFERENCES `booking_db`.`theme_tours` (`id_theme`)
    ON DELETE NO ACTION
    ON UPDATE NO ACTION)
ENGINE = InnoDB;


-- -----------------------------------------------------
-- Table `booking_db`.`review_tours`
-- -----------------------------------------------------
DROP TABLE IF EXISTS `booking_db`.`review_tours` ;

CREATE TABLE IF NOT EXISTS `booking_db`.`review_tours` (
  `id_user` INT NOT NULL,
  `id_tour` INT NOT NULL,
  `score` INT NULL DEFAULT NULL,
  `content` LONGTEXT NULL DEFAULT NULL,
  `create_time` TIMESTAMP NULL DEFAULT NULL,
  INDEX `review_is_written_by_user_idx` (`id_user` ASC) VISIBLE,
  INDEX `review_is_for_tour_idx` (`id_tour` ASC) VISIBLE,
  PRIMARY KEY (`id_tour`, `id_user`),
  CONSTRAINT `fk_review_tours_users`
    FOREIGN KEY (`id_user`)
    REFERENCES `booking_db`.`users` (`id_user`)
    ON DELETE NO ACTION
    ON UPDATE NO ACTION,
  CONSTRAINT `fk_review_tours_tours`
    FOREIGN KEY (`id_tour`)
    REFERENCES `booking_db`.`tours` (`id_tour`)
    ON DELETE NO ACTION
    ON UPDATE NO ACTION)
ENGINE = InnoDB;


-- -----------------------------------------------------
-- Table `booking_db`.`hotel_consulting_requests`
-- -----------------------------------------------------
DROP TABLE IF EXISTS `booking_db`.`hotel_consulting_requests` ;

CREATE TABLE IF NOT EXISTS `booking_db`.`hotel_consulting_requests` (
  `id_request` INT NOT NULL AUTO_INCREMENT,
  `hotel_name` NVARCHAR(255) NULL DEFAULT NULL,
  `start_date` DATE NULL DEFAULT NULL,
  `end_date` DATE NULL DEFAULT NULL,
  `number_of_adults` INT NULL DEFAULT NULL,
  `number_of_children` INT NULL DEFAULT NULL,
  `note` LONGTEXT NULL DEFAULT NULL,
  `name` NVARCHAR(45) NULL DEFAULT NULL,
  `phone_number` VARCHAR(45) NULL DEFAULT NULL,
  `email` NVARCHAR(45) NULL DEFAULT NULL,
  PRIMARY KEY (`id_request`))
ENGINE = InnoDB;


-- -----------------------------------------------------
-- Table `booking_db`.`departures`
-- -----------------------------------------------------
DROP TABLE IF EXISTS `booking_db`.`departures` ;

CREATE TABLE IF NOT EXISTS `booking_db`.`departures` (
  `id_departure` INT NOT NULL,
  `id_tour` INT NOT NULL,
  `start_date` DATE NULL DEFAULT NULL,
  `end_date` DATE NULL DEFAULT NULL,
  `holiday_surcharge` CHAR(40) NULL DEFAULT NULL,
  PRIMARY KEY (`id_departure`),
  INDEX `departture_is_for_tour_idx` (`id_tour` ASC) VISIBLE,
  CONSTRAINT `fk_departures_tours`
    FOREIGN KEY (`id_tour`)
    REFERENCES `booking_db`.`tours` (`id_tour`)
    ON DELETE NO ACTION
    ON UPDATE NO ACTION)
ENGINE = InnoDB;


-- -----------------------------------------------------
-- Table `booking_db`.`type_of_payments`
-- -----------------------------------------------------
DROP TABLE IF EXISTS `booking_db`.`type_of_payments` ;

CREATE TABLE IF NOT EXISTS `booking_db`.`type_of_payments` (
  `id_type_of_payment` INT NOT NULL AUTO_INCREMENT,
  `name` NVARCHAR(255) NULL DEFAULT NULL,
  PRIMARY KEY (`id_type_of_payment`))
ENGINE = InnoDB;


-- -----------------------------------------------------
-- Table `booking_db`.`order_hotels`
-- -----------------------------------------------------
DROP TABLE IF EXISTS `booking_db`.`order_hotels` ;

CREATE TABLE IF NOT EXISTS `booking_db`.`order_hotels` (
  `id_order` INT NOT NULL,
  `id_user` INT NOT NULL,
  `id_type_of_room` INT NOT NULL,
  `id_service` INT NOT NULL,
  `id_type_of_payment` INT NOT NULL,
  `id_hotel` INT NOT NULL,
  `price` CHAR(40) NULL DEFAULT NULL,
  `name` NVARCHAR(255) NULL DEFAULT NULL,
  `phone_number` VARCHAR(255) NULL DEFAULT NULL,
  `email` VARCHAR(255) NULL DEFAULT NULL,
  `note` LONGTEXT NULL DEFAULT NULL,
  `number_of_adult` INT NULL DEFAULT NULL,
  `number_of_chidren` INT NULL DEFAULT NULL,
  `start_date` DATE NULL DEFAULT NULL,
  `end_date` DATE NULL DEFAULT NULL,
  `status` INT NULL DEFAULT NULL,
  PRIMARY KEY (`id_order`),
  INDEX `order_is_of_user_idx` (`id_user` ASC) VISIBLE,
  INDEX `order_is_of_hotel_idx` (`id_hotel` ASC) VISIBLE,
  INDEX `order_is_of_type_of_rooom_idx` (`id_type_of_room` ASC, `id_service` ASC) VISIBLE,
  INDEX `order_has_type_of_payment_idx` (`id_type_of_payment` ASC) VISIBLE,
  CONSTRAINT `fk_order_hotels_users`
    FOREIGN KEY (`id_user`)
    REFERENCES `booking_db`.`users` (`id_user`)
    ON DELETE NO ACTION
    ON UPDATE NO ACTION,
  CONSTRAINT `fk_order_hotels_hotels`
    FOREIGN KEY (`id_hotel`)
    REFERENCES `booking_db`.`hotels` (`id_hotel`)
    ON DELETE NO ACTION
    ON UPDATE NO ACTION,
  CONSTRAINT `fk_order_hotels_packages`
    FOREIGN KEY (`id_type_of_room` , `id_service`)
    REFERENCES `booking_db`.`packages` (`id_type_of_room` , `id_service`)
    ON DELETE NO ACTION
    ON UPDATE NO ACTION,
  CONSTRAINT `fk_order_hotels_type_of_payments`
    FOREIGN KEY (`id_type_of_payment`)
    REFERENCES `booking_db`.`type_of_payments` (`id_type_of_payment`)
    ON DELETE NO ACTION
    ON UPDATE NO ACTION)
ENGINE = InnoDB;


-- -----------------------------------------------------
-- Table `booking_db`.`order_tours`
-- -----------------------------------------------------
DROP TABLE IF EXISTS `booking_db`.`order_tours` ;

CREATE TABLE IF NOT EXISTS `booking_db`.`order_tours` (
  `id_order` INT NOT NULL AUTO_INCREMENT,
  `id_user` INT NOT NULL,
  `id_tour` INT NOT NULL,
  `id_type_of_payment` INT NOT NULL,
  `number_of_adults` INT NULL DEFAULT NULL,
  `number_of_children` INT NULL DEFAULT NULL,
  `start_date` DATE NULL DEFAULT NULL,
  `end_date` DATE NULL DEFAULT NULL,
  `price` VARCHAR(40) NULL DEFAULT NULL,
  `name` NVARCHAR(255) NULL DEFAULT NULL,
  `phone_number` VARCHAR(255) NULL DEFAULT NULL,
  `email` VARCHAR(255) NULL DEFAULT NULL,
  `note` LONGTEXT NULL DEFAULT NULL,
  `status` INT NULL DEFAULT NULL,
  PRIMARY KEY (`id_order`),
  INDEX `order_is_of_user_idx` (`id_user` ASC) VISIBLE,
  INDEX `order_is_of_tour_idx` (`id_tour` ASC) VISIBLE,
  INDEX `order_has_type_of_payment_idx` (`id_type_of_payment` ASC) VISIBLE,
  CONSTRAINT `fk_order_tours_users`
    FOREIGN KEY (`id_user`)
    REFERENCES `booking_db`.`users` (`id_user`)
    ON DELETE NO ACTION
    ON UPDATE NO ACTION,
  CONSTRAINT `fk_order_tours_tours`
    FOREIGN KEY (`id_tour`)
    REFERENCES `booking_db`.`tours` (`id_tour`)
    ON DELETE NO ACTION
    ON UPDATE NO ACTION,
  CONSTRAINT `fk_order_tours_type_of_payments`
    FOREIGN KEY (`id_type_of_payment`)
    REFERENCES `booking_db`.`type_of_payments` (`id_type_of_payment`)
    ON DELETE NO ACTION
    ON UPDATE NO ACTION)
ENGINE = InnoDB;


-- -----------------------------------------------------
-- Table `booking_db`.`starter_packages`
-- -----------------------------------------------------
DROP TABLE IF EXISTS `booking_db`.`starter_packages` ;

CREATE TABLE IF NOT EXISTS `booking_db`.`starter_packages` (
  `id_hotel` INT NOT NULL,
  `id_type_of_room` INT NOT NULL,
  `id_service` INT NOT NULL,
  PRIMARY KEY (`id_hotel`, `id_type_of_room`, `id_service`),
  INDEX `fk_starter_packages_packages_idx` (`id_type_of_room` ASC, `id_service` ASC) VISIBLE,
  CONSTRAINT `fk_starter_packages_hotels`
    FOREIGN KEY (`id_hotel`)
    REFERENCES `booking_db`.`hotels` (`id_hotel`)
    ON DELETE NO ACTION
    ON UPDATE NO ACTION,
  CONSTRAINT `fk_starter_packages_packages`
    FOREIGN KEY (`id_type_of_room` , `id_service`)
    REFERENCES `booking_db`.`packages` (`id_type_of_room` , `id_service`)
    ON DELETE NO ACTION
    ON UPDATE NO ACTION)
ENGINE = InnoDB;


-- -----------------------------------------------------
-- Table `booking_db`.`schedules`
-- -----------------------------------------------------
DROP TABLE IF EXISTS `booking_db`.`schedules` ;

CREATE TABLE IF NOT EXISTS `booking_db`.`schedules` (
  `id_schedule` INT NOT NULL AUTO_INCREMENT,
  `id_tour` INT NOT NULL,
  `day_number` INT NULL,
  `title` NVARCHAR(255) NULL,
  `description` LONGTEXT NULL,
  `image1` VARCHAR(255) NULL,
  `image2` VARCHAR(255) NULL,
  `caption1` NVARCHAR(255) NULL,
  `caption2` NVARCHAR(255) NULL,
  PRIMARY KEY (`id_schedule`),
  INDEX `fk_schedules_tours_idx` (`id_tour` ASC) VISIBLE,
  CONSTRAINT `fk_schedules_tours`
    FOREIGN KEY (`id_tour`)
    REFERENCES `booking_db`.`tours` (`id_tour`)
    ON DELETE NO ACTION
    ON UPDATE NO ACTION)
ENGINE = InnoDB;

USE `booking_db`;

DELIMITER $$

USE `booking_db`$$
DROP TRIGGER IF EXISTS `booking_db`.`hotels_AFTER_INSERT` $$
USE `booking_db`$$
CREATE DEFINER = CURRENT_USER TRIGGER `booking_db`.`hotels_AFTER_INSERT` AFTER INSERT ON `hotels` FOR EACH ROW
BEGIN
	declare rowcount int;
    
    select count(*)
    into rowcount
    from areas
    where areas.id_area = new.id_area and areas.number_of_hotels is null;
    
	if rowcount > 0 then
        update areas
		set areas.number_of_hotels = 1
		where new.id_area = areas.id_area;
    else
        update areas
		set areas.number_of_hotels = areas.number_of_hotels+1
		where new.id_area = areas.id_area;
    end if; 
    
    select count(*)
    into rowcount
    from cities
    where ( select id_city from new join locations on new.id_location = locations.id_location) = cities.id_city
			and cities.number_of_hotels is null;
    
    if rowcount > 0 then
        update cities
		set cities.number_of_hotels = 1
		where ( select id_city from new join locations on new.id_location = locations.id_location) = cities.id_city;
    else
		update cities
		set cities.number_of_hotels = cities.number_of_hotels+1
		where ( select id_city from new join locations on new.id_location = locations.id_location) = cities.id_city;
    end if; 
    
    select count(*)
    into rowcount
    from theme_hotels
    where theme_hotels.id_theme = new.id_theme and theme_hotels.number_of_hotels is null;
    
    if rowcount > 0 then
        update theme_hotels
		set theme_hotels.number_of_hotels = 1
		where new.id_theme = theme_hotels.id_theme;
    else
		update theme_hotels
		set theme_hotels.number_of_hotels = theme_hotels.number_of_hotels+1
		where new.id_theme = theme_hotels.id_theme;
    end if; 
END$$


USE `booking_db`$$
DROP TRIGGER IF EXISTS `booking_db`.`hotels_BEFORE_DELETE` $$
USE `booking_db`$$
CREATE DEFINER = CURRENT_USER TRIGGER `booking_db`.`hotels_BEFORE_DELETE` BEFORE DELETE ON `hotels` FOR EACH ROW
BEGIN
    update areas
    set areas.number_of_hotels = areas.number_of_hotels-1
	where old.id_area = areas.id_area;
    
    update cities
    set cities.number_of_hotels = cities.number_of_hotels-1
    where ( select id_city from old join locations on old.id_location = locations.id_location) = cities.id_city;
    
    update hotel_themes
    set hotel_themes.number_of_hotels = hotel_themes.number_of_hotels-1
	where old.id_theme = hotel_themes.id_theme;
END$$


USE `booking_db`$$
DROP TRIGGER IF EXISTS `booking_db`.`review_hotels_AFTER_INSERT` $$
USE `booking_db`$$
CREATE DEFINER = CURRENT_USER TRIGGER `booking_db`.`review_hotels_AFTER_INSERT` AFTER INSERT ON `review_hotels` FOR EACH ROW
BEGIN
	declare rowcount int;
    
    select count(*)
    into rowcount
    from hotels
    where hotels.id_hotel = new.id_hotel and (hotels.number_of_reviews is null or hotels.score is null);
    
    if rowcount > 0 then
        update hotels
		set hotels.number_of_reviews = 1, hotels.score = new.score
		where new.id_hotel = hotels.id_hotel;
    else
        update hotels
		set hotels.score = (hotels.score*hotels.number_of_reviews + new.score) 
						   / (hotels.number_of_reviews+1)
			, hotels.number_of_reviews = hotels.number_of_reviews+1
		where hotels.id_hotel = new.id_hotel;
    end if; 
END$$


USE `booking_db`$$
DROP TRIGGER IF EXISTS `booking_db`.`review_hotels_BEFORE_UPDATE` $$
USE `booking_db`$$
CREATE DEFINER = CURRENT_USER TRIGGER `booking_db`.`review_hotels_BEFORE_UPDATE` BEFORE UPDATE ON `review_hotels` FOR EACH ROW
BEGIN
	update hotels
    set hotels.score = (hotels.score*hotels.number_of_reviews - old.score + new.score) 
                       / (hotels.number_of_reviews)
	where hotels.id_hotel = old.id_hotel;
END$$


USE `booking_db`$$
DROP TRIGGER IF EXISTS `booking_db`.`review_hotels_BEFORE_DELETE` $$
USE `booking_db`$$
CREATE DEFINER = CURRENT_USER TRIGGER `booking_db`.`review_hotels_BEFORE_DELETE` BEFORE DELETE ON `review_hotels` FOR EACH ROW
BEGIN
	declare rowcount int;
    
    select count(*)
    into rowcount
    from hotels
    where hotels.id_hotel = old.id_hotel and hotels.number_of_reviews = 1;
    
    if rowcount > 0 then
        update hotels
		set hotels.score = 0, hotels.number_of_reviews = 0
		where hotels.id_hotel = old.id_hotel;
    else
        update hotels
		set hotels.score = (hotels.score*hotels.number_of_reviews - old.score) 
						   / (hotels.number_of_reviews-1)
			, hotels.number_of_reviews = hotels.number_of_reviews-1
		where hotels.id_hotel = old.id_hotel;
    end if; 
END$$


USE `booking_db`$$
DROP TRIGGER IF EXISTS `booking_db`.`review_tours_AFTER_INSERT` $$
USE `booking_db`$$
CREATE DEFINER = CURRENT_USER TRIGGER `booking_db`.`review_tours_AFTER_INSERT` AFTER INSERT ON `review_tours` FOR EACH ROW
BEGIN
	declare rowcount int;
    
    select count(*)
    into rowcount
    from tours
    where tours.id_tour = new.id_tour and (tours.number_of_reviews is null or tours.score is null);
    
    if rowcount > 0 then
        update tours
		set tours.number_of_reviews = 1, tours.score = new.score
		where tours.id_tour = new.id_tour;
    else
        update tours
		set tours.score = (tours.score*tours.number_of_reviews + new.score) 
						   / (tours.number_of_reviews+1)
			, tours.number_of_reviews = tours.number_of_reviews+1
		where tours.id_tour = new.id_tour;
    end if; 
END$$


USE `booking_db`$$
DROP TRIGGER IF EXISTS `booking_db`.`review_tours_BEFORE_UPDATE` $$
USE `booking_db`$$
CREATE DEFINER = CURRENT_USER TRIGGER `booking_db`.`review_tours_BEFORE_UPDATE` BEFORE UPDATE ON `review_tours` FOR EACH ROW
BEGIN
	update tours
    set tours.score = (tours.score*tours.number_of_reviews - old.score + new.score) 
                       / (tours.number_of_reviews)
	where tours.id_tour = old.id_tour;
END$$


USE `booking_db`$$
DROP TRIGGER IF EXISTS `booking_db`.`review_tours_BEFORE_DELETE` $$
USE `booking_db`$$
CREATE DEFINER = CURRENT_USER TRIGGER `booking_db`.`review_tours_BEFORE_DELETE` BEFORE DELETE ON `review_tours` FOR EACH ROW
BEGIN
	declare rowcount int;
    
    select count(*)
    into rowcount
    from tours
    where tours.id_tour = old.id_tour and tours.number_of_reviews = 1;
    
    if rowcount > 0 then
        update tours
		set tours.score = 0, tours.number_of_reviews = 0
		where tours.id_tour = old.id_tour;
    else
        update tours
		set tours.score = (tours.score*tours.number_of_reviews - old.score) 
						   / (tours.number_of_reviews-1)
			, tours.number_of_reviews = tours.number_of_reviews-1
		where tours.id_tour = old.id_tour;
    end if; 
END$$


DELIMITER ;

SET SQL_MODE=@OLD_SQL_MODE;
SET FOREIGN_KEY_CHECKS=@OLD_FOREIGN_KEY_CHECKS;
SET UNIQUE_CHECKS=@OLD_UNIQUE_CHECKS;

-- -----------------------------------------------------
-- Data for table `booking_db`.`cities`
-- -----------------------------------------------------
START TRANSACTION;
USE `booking_db`;
INSERT INTO `booking_db`.`cities` (`id_city`, `name`, `number_of_hotels`, `image`) VALUES (1, 'An Giang', 0, 'NULL');
INSERT INTO `booking_db`.`cities` (`id_city`, `name`, `number_of_hotels`, `image`) VALUES (2, 'Bà Rịa - Vũng Tàu', 0, 'NULL');
INSERT INTO `booking_db`.`cities` (`id_city`, `name`, `number_of_hotels`, `image`) VALUES (3, 'Bắc Giang', 0, 'NULL');
INSERT INTO `booking_db`.`cities` (`id_city`, `name`, `number_of_hotels`, `image`) VALUES (4, 'Bắc Kạn', 0, 'NULL');
INSERT INTO `booking_db`.`cities` (`id_city`, `name`, `number_of_hotels`, `image`) VALUES (5, 'Bạc Liêu', 0, 'NULL');
INSERT INTO `booking_db`.`cities` (`id_city`, `name`, `number_of_hotels`, `image`) VALUES (6, 'Bắc Ninh', 0, 'NULL');
INSERT INTO `booking_db`.`cities` (`id_city`, `name`, `number_of_hotels`, `image`) VALUES (7, 'Bến Tre', 0, 'NULL');
INSERT INTO `booking_db`.`cities` (`id_city`, `name`, `number_of_hotels`, `image`) VALUES (8, 'Bình Định', 0, 'NULL');
INSERT INTO `booking_db`.`cities` (`id_city`, `name`, `number_of_hotels`, `image`) VALUES (9, 'Bình Dương', 0, 'NULL');
INSERT INTO `booking_db`.`cities` (`id_city`, `name`, `number_of_hotels`, `image`) VALUES (10, 'Bình Phước', 0, 'NULL');
INSERT INTO `booking_db`.`cities` (`id_city`, `name`, `number_of_hotels`, `image`) VALUES (11, 'Bình Thuận', 0, 'NULL');
INSERT INTO `booking_db`.`cities` (`id_city`, `name`, `number_of_hotels`, `image`) VALUES (12, 'Cà Mau', 0, 'NULL');
INSERT INTO `booking_db`.`cities` (`id_city`, `name`, `number_of_hotels`, `image`) VALUES (13, 'Cao Bằng', 0, 'NULL');
INSERT INTO `booking_db`.`cities` (`id_city`, `name`, `number_of_hotels`, `image`) VALUES (14, 'Đắk Lắk', 0, 'NULL');
INSERT INTO `booking_db`.`cities` (`id_city`, `name`, `number_of_hotels`, `image`) VALUES (15, 'Đắk Nông', 0, 'NULL');
INSERT INTO `booking_db`.`cities` (`id_city`, `name`, `number_of_hotels`, `image`) VALUES (16, 'Điện Biên', 0, 'NULL');
INSERT INTO `booking_db`.`cities` (`id_city`, `name`, `number_of_hotels`, `image`) VALUES (17, 'Đồng Nai', 0, 'NULL');
INSERT INTO `booking_db`.`cities` (`id_city`, `name`, `number_of_hotels`, `image`) VALUES (18, 'Đồng Tháp', 0, 'NULL');
INSERT INTO `booking_db`.`cities` (`id_city`, `name`, `number_of_hotels`, `image`) VALUES (19, 'Gia Lai', 0, 'NULL');
INSERT INTO `booking_db`.`cities` (`id_city`, `name`, `number_of_hotels`, `image`) VALUES (20, 'Hà Giang', 0, 'NULL');
INSERT INTO `booking_db`.`cities` (`id_city`, `name`, `number_of_hotels`, `image`) VALUES (21, 'Hà Nam', 0, 'NULL');
INSERT INTO `booking_db`.`cities` (`id_city`, `name`, `number_of_hotels`, `image`) VALUES (22, 'Hà Tĩnh', 0, 'NULL');
INSERT INTO `booking_db`.`cities` (`id_city`, `name`, `number_of_hotels`, `image`) VALUES (23, 'Hải Dương', 0, 'NULL');
INSERT INTO `booking_db`.`cities` (`id_city`, `name`, `number_of_hotels`, `image`) VALUES (24, 'Hậu Giang', 0, 'NULL');
INSERT INTO `booking_db`.`cities` (`id_city`, `name`, `number_of_hotels`, `image`) VALUES (25, 'Hoà Bình', 0, 'NULL');
INSERT INTO `booking_db`.`cities` (`id_city`, `name`, `number_of_hotels`, `image`) VALUES (26, 'Hưng Yên', 0, 'NULL');
INSERT INTO `booking_db`.`cities` (`id_city`, `name`, `number_of_hotels`, `image`) VALUES (27, 'Khánh Hoà', 0, 'NULL');
INSERT INTO `booking_db`.`cities` (`id_city`, `name`, `number_of_hotels`, `image`) VALUES (28, 'Kiên Giang', 0, 'NULL');
INSERT INTO `booking_db`.`cities` (`id_city`, `name`, `number_of_hotels`, `image`) VALUES (29, 'Kon Tum', 0, 'NULL');
INSERT INTO `booking_db`.`cities` (`id_city`, `name`, `number_of_hotels`, `image`) VALUES (30, 'Lai Châu', 0, 'NULL');
INSERT INTO `booking_db`.`cities` (`id_city`, `name`, `number_of_hotels`, `image`) VALUES (31, 'Lâm Đồng', 0, 'NULL');
INSERT INTO `booking_db`.`cities` (`id_city`, `name`, `number_of_hotels`, `image`) VALUES (32, 'Lạng Sơn', 0, 'NULL');
INSERT INTO `booking_db`.`cities` (`id_city`, `name`, `number_of_hotels`, `image`) VALUES (33, 'Lào Cai', 0, 'NULL');
INSERT INTO `booking_db`.`cities` (`id_city`, `name`, `number_of_hotels`, `image`) VALUES (34, 'Long An', 0, 'NULL');
INSERT INTO `booking_db`.`cities` (`id_city`, `name`, `number_of_hotels`, `image`) VALUES (35, 'Nam Định', 0, 'NULL');
INSERT INTO `booking_db`.`cities` (`id_city`, `name`, `number_of_hotels`, `image`) VALUES (36, 'Nghệ An', 0, 'NULL');
INSERT INTO `booking_db`.`cities` (`id_city`, `name`, `number_of_hotels`, `image`) VALUES (37, 'Ninh Bình', 0, 'NULL');
INSERT INTO `booking_db`.`cities` (`id_city`, `name`, `number_of_hotels`, `image`) VALUES (38, 'Ninh Thuận', 0, 'NULL');
INSERT INTO `booking_db`.`cities` (`id_city`, `name`, `number_of_hotels`, `image`) VALUES (39, 'Phú Thọ', 0, 'NULL');
INSERT INTO `booking_db`.`cities` (`id_city`, `name`, `number_of_hotels`, `image`) VALUES (40, 'Quảng Bình', 0, 'NULL');
INSERT INTO `booking_db`.`cities` (`id_city`, `name`, `number_of_hotels`, `image`) VALUES (41, 'Quảng Nam', 0, 'NULL');
INSERT INTO `booking_db`.`cities` (`id_city`, `name`, `number_of_hotels`, `image`) VALUES (42, 'Quảng Ngãi', 0, 'NULL');
INSERT INTO `booking_db`.`cities` (`id_city`, `name`, `number_of_hotels`, `image`) VALUES (43, 'Quảng Ninh', 0, 'NULL');
INSERT INTO `booking_db`.`cities` (`id_city`, `name`, `number_of_hotels`, `image`) VALUES (44, 'Quảng Trị', 0, 'NULL');
INSERT INTO `booking_db`.`cities` (`id_city`, `name`, `number_of_hotels`, `image`) VALUES (45, 'Sóc Trăng', 0, 'NULL');
INSERT INTO `booking_db`.`cities` (`id_city`, `name`, `number_of_hotels`, `image`) VALUES (46, 'Sơn La', 0, 'NULL');
INSERT INTO `booking_db`.`cities` (`id_city`, `name`, `number_of_hotels`, `image`) VALUES (47, 'Tây Ninh', 0, 'NULL');
INSERT INTO `booking_db`.`cities` (`id_city`, `name`, `number_of_hotels`, `image`) VALUES (48, 'Thái Bình', 0, 'NULL');
INSERT INTO `booking_db`.`cities` (`id_city`, `name`, `number_of_hotels`, `image`) VALUES (49, 'Thái Nguyên', 0, 'NULL');
INSERT INTO `booking_db`.`cities` (`id_city`, `name`, `number_of_hotels`, `image`) VALUES (50, 'Thanh Hoá', 0, 'NULL');
INSERT INTO `booking_db`.`cities` (`id_city`, `name`, `number_of_hotels`, `image`) VALUES (51, 'Thừa Thiên Huế', 0, 'NULL');
INSERT INTO `booking_db`.`cities` (`id_city`, `name`, `number_of_hotels`, `image`) VALUES (52, 'Tiền Giang', 0, 'NULL');
INSERT INTO `booking_db`.`cities` (`id_city`, `name`, `number_of_hotels`, `image`) VALUES (53, 'Trà Vinh', 0, 'NULL');
INSERT INTO `booking_db`.`cities` (`id_city`, `name`, `number_of_hotels`, `image`) VALUES (54, 'Tuyên Quang', 0, 'NULL');
INSERT INTO `booking_db`.`cities` (`id_city`, `name`, `number_of_hotels`, `image`) VALUES (55, 'Vĩnh Long', 0, 'NULL');
INSERT INTO `booking_db`.`cities` (`id_city`, `name`, `number_of_hotels`, `image`) VALUES (56, 'Vĩnh Phúc', 0, 'NULL');
INSERT INTO `booking_db`.`cities` (`id_city`, `name`, `number_of_hotels`, `image`) VALUES (57, 'Yên Bái', 0, 'NULL');
INSERT INTO `booking_db`.`cities` (`id_city`, `name`, `number_of_hotels`, `image`) VALUES (58, 'Phú Yên', 0, 'NULL');
INSERT INTO `booking_db`.`cities` (`id_city`, `name`, `number_of_hotels`, `image`) VALUES (59, 'Cần Thơ', 0, 'NULL');
INSERT INTO `booking_db`.`cities` (`id_city`, `name`, `number_of_hotels`, `image`) VALUES (60, 'Thừa Thiên Huế', 0, 'NULL');
INSERT INTO `booking_db`.`cities` (`id_city`, `name`, `number_of_hotels`, `image`) VALUES (61, 'Đà Nẵng', 0, 'NULL');
INSERT INTO `booking_db`.`cities` (`id_city`, `name`, `number_of_hotels`, `image`) VALUES (62, 'Hải Phòng', 0, 'NULL');
INSERT INTO `booking_db`.`cities` (`id_city`, `name`, `number_of_hotels`, `image`) VALUES (63, 'Hà Nội', 0, 'NULL');
INSERT INTO `booking_db`.`cities` (`id_city`, `name`, `number_of_hotels`, `image`) VALUES (64, 'Thành phố Hồ Chí Minh', 0, 'NULL');

COMMIT;


-- -----------------------------------------------------
-- Data for table `booking_db`.`areas`
-- -----------------------------------------------------
START TRANSACTION;
USE `booking_db`;
INSERT INTO `booking_db`.`areas` (`id_area`, `id_city`, `name`, `number_of_hotels`) VALUES (1, 2, 'Bãi Dâu', 0);
INSERT INTO `booking_db`.`areas` (`id_area`, `id_city`, `name`, `number_of_hotels`) VALUES (2, 2, 'Bãi Dứa', 0);
INSERT INTO `booking_db`.`areas` (`id_area`, `id_city`, `name`, `number_of_hotels`) VALUES (3, 2, 'Bãi Sau', 0);
INSERT INTO `booking_db`.`areas` (`id_area`, `id_city`, `name`, `number_of_hotels`) VALUES (4, 2, 'Bãi Trước', 0);
INSERT INTO `booking_db`.`areas` (`id_area`, `id_city`, `name`, `number_of_hotels`) VALUES (5, 2, 'Biển Hồ Cốc', 0);
INSERT INTO `booking_db`.`areas` (`id_area`, `id_city`, `name`, `number_of_hotels`) VALUES (6, 2, 'Côn Đảo', 0);
INSERT INTO `booking_db`.`areas` (`id_area`, `id_city`, `name`, `number_of_hotels`) VALUES (7, 2, 'Hồ Tràm', 0);
INSERT INTO `booking_db`.`areas` (`id_area`, `id_city`, `name`, `number_of_hotels`) VALUES (8, 2, 'Long Hải', 0);
INSERT INTO `booking_db`.`areas` (`id_area`, `id_city`, `name`, `number_of_hotels`) VALUES (9, 2, 'Trung tâm thành phố', 0);
INSERT INTO `booking_db`.`areas` (`id_area`, `id_city`, `name`, `number_of_hotels`) VALUES (10, 2, 'Ở Bà Rịa - Vũng Tàu', 0);
INSERT INTO `booking_db`.`areas` (`id_area`, `id_city`, `name`, `number_of_hotels`) VALUES (11, 4, 'Ở Bắc Kạn', 0);
INSERT INTO `booking_db`.`areas` (`id_area`, `id_city`, `name`, `number_of_hotels`) VALUES (12, 5, 'Ở Bạc Liêu', 0);
INSERT INTO `booking_db`.`areas` (`id_area`, `id_city`, `name`, `number_of_hotels`) VALUES (13, 6, 'Gần Bảo tàng Bắc Ninh', 0);
INSERT INTO `booking_db`.`areas` (`id_area`, `id_city`, `name`, `number_of_hotels`) VALUES (14, 6, 'Gần Trung tâm Văn hóa Kinh Bắc', 0);
INSERT INTO `booking_db`.`areas` (`id_area`, `id_city`, `name`, `number_of_hotels`) VALUES (15, 6, 'Từ Sơn', 0);
INSERT INTO `booking_db`.`areas` (`id_area`, `id_city`, `name`, `number_of_hotels`) VALUES (16, 6, 'Ở Bắc Ninh', 0);
INSERT INTO `booking_db`.`areas` (`id_area`, `id_city`, `name`, `number_of_hotels`) VALUES (17, 7, 'Trên sông', 0);
INSERT INTO `booking_db`.`areas` (`id_area`, `id_city`, `name`, `number_of_hotels`) VALUES (18, 7, 'Ở Bến Tre', 0);
INSERT INTO `booking_db`.`areas` (`id_area`, `id_city`, `name`, `number_of_hotels`) VALUES (19, 8, 'Gần Chùa Long Khánh', 0);
INSERT INTO `booking_db`.`areas` (`id_area`, `id_city`, `name`, `number_of_hotels`) VALUES (20, 8, 'Gần Danh thắng Hầm Hô', 0);
INSERT INTO `booking_db`.`areas` (`id_area`, `id_city`, `name`, `number_of_hotels`) VALUES (21, 8, 'Ở Bình Định', 0);
INSERT INTO `booking_db`.`areas` (`id_area`, `id_city`, `name`, `number_of_hotels`) VALUES (22, 9, 'Tân Định', 0);
INSERT INTO `booking_db`.`areas` (`id_area`, `id_city`, `name`, `number_of_hotels`) VALUES (23, 9, 'Thủ Dầu Một', 0);
INSERT INTO `booking_db`.`areas` (`id_area`, `id_city`, `name`, `number_of_hotels`) VALUES (24, 9, 'Thuận An', 0);
INSERT INTO `booking_db`.`areas` (`id_area`, `id_city`, `name`, `number_of_hotels`) VALUES (25, 9, 'Tại khu vực thương mại', 0);
INSERT INTO `booking_db`.`areas` (`id_area`, `id_city`, `name`, `number_of_hotels`) VALUES (26, 9, 'Trên sông', 0);
INSERT INTO `booking_db`.`areas` (`id_area`, `id_city`, `name`, `number_of_hotels`) VALUES (27, 9, 'Ở Bình Dương', 0);
INSERT INTO `booking_db`.`areas` (`id_area`, `id_city`, `name`, `number_of_hotels`) VALUES (28, 16, 'Gần Đài kỷ niệm Chiến Thắng', 0);
INSERT INTO `booking_db`.`areas` (`id_area`, `id_city`, `name`, `number_of_hotels`) VALUES (29, 16, 'Gần Đồi A1', 0);
INSERT INTO `booking_db`.`areas` (`id_area`, `id_city`, `name`, `number_of_hotels`) VALUES (30, 16, 'Ở Điện Biên', 0);
INSERT INTO `booking_db`.`areas` (`id_area`, `id_city`, `name`, `number_of_hotels`) VALUES (31, 17, 'Biên Hòa', 0);
INSERT INTO `booking_db`.`areas` (`id_area`, `id_city`, `name`, `number_of_hotels`) VALUES (32, 17, 'Gần Bến Phà Nam Cát Tiên', 0);
INSERT INTO `booking_db`.`areas` (`id_area`, `id_city`, `name`, `number_of_hotels`) VALUES (33, 17, 'Ở Đồng Nai', 0);
INSERT INTO `booking_db`.`areas` (`id_area`, `id_city`, `name`, `number_of_hotels`) VALUES (34, 18, 'Cao Lãnh', 0);
INSERT INTO `booking_db`.`areas` (`id_area`, `id_city`, `name`, `number_of_hotels`) VALUES (35, 18, 'Sa Đéc', 0);
INSERT INTO `booking_db`.`areas` (`id_area`, `id_city`, `name`, `number_of_hotels`) VALUES (36, 18, 'Bãi Dâu', 0);
INSERT INTO `booking_db`.`areas` (`id_area`, `id_city`, `name`, `number_of_hotels`) VALUES (37, 18, 'Tam Nông', 0);
INSERT INTO `booking_db`.`areas` (`id_area`, `id_city`, `name`, `number_of_hotels`) VALUES (38, 18, 'Tháp Mười', 0);
INSERT INTO `booking_db`.`areas` (`id_area`, `id_city`, `name`, `number_of_hotels`) VALUES (39, 18, 'Ở Đồng Tháp', 0);
INSERT INTO `booking_db`.`areas` (`id_area`, `id_city`, `name`, `number_of_hotels`) VALUES (40, 19, 'Trung tâm thành phố', 0);
INSERT INTO `booking_db`.`areas` (`id_area`, `id_city`, `name`, `number_of_hotels`) VALUES (41, 19, 'Ở Gia Lai', 0);
INSERT INTO `booking_db`.`areas` (`id_area`, `id_city`, `name`, `number_of_hotels`) VALUES (42, 20, 'Gần Đền Cầu Má', 0);
INSERT INTO `booking_db`.`areas` (`id_area`, `id_city`, `name`, `number_of_hotels`) VALUES (43, 20, 'Gần Sân vận động Hà Giang', 0);
INSERT INTO `booking_db`.`areas` (`id_area`, `id_city`, `name`, `number_of_hotels`) VALUES (44, 20, 'Đồng Văn', 0);
INSERT INTO `booking_db`.`areas` (`id_area`, `id_city`, `name`, `number_of_hotels`) VALUES (45, 20, 'Ở Hà Giang', 0);
INSERT INTO `booking_db`.`areas` (`id_area`, `id_city`, `name`, `number_of_hotels`) VALUES (46, 23, 'Gần Bệnh viện tỉnh Hải Dương', 0);
INSERT INTO `booking_db`.`areas` (`id_area`, `id_city`, `name`, `number_of_hotels`) VALUES (47, 23, 'Ở Hải Dương', 0);
INSERT INTO `booking_db`.`areas` (`id_area`, `id_city`, `name`, `number_of_hotels`) VALUES (48, 25, 'Gần Bảo tàng Không gian Văn hóa Mường', 0);
INSERT INTO `booking_db`.`areas` (`id_area`, `id_city`, `name`, `number_of_hotels`) VALUES (49, 25, 'Mai Châu', 0);
INSERT INTO `booking_db`.`areas` (`id_area`, `id_city`, `name`, `number_of_hotels`) VALUES (50, 25, 'Lương Sơn', 0);
INSERT INTO `booking_db`.`areas` (`id_area`, `id_city`, `name`, `number_of_hotels`) VALUES (51, 25, 'Ở Hoà Bình', 0);
INSERT INTO `booking_db`.`areas` (`id_area`, `id_city`, `name`, `number_of_hotels`) VALUES (52, 27, 'Bãi biển Nhũ Tiên', 0);
INSERT INTO `booking_db`.`areas` (`id_area`, `id_city`, `name`, `number_of_hotels`) VALUES (53, 27, 'Bãi Dài', 0);
INSERT INTO `booking_db`.`areas` (`id_area`, `id_city`, `name`, `number_of_hotels`) VALUES (54, 27, 'Bình Ba', 0);
INSERT INTO `booking_db`.`areas` (`id_area`, `id_city`, `name`, `number_of_hotels`) VALUES (55, 27, 'Cam Ranh', 0);
INSERT INTO `booking_db`.`areas` (`id_area`, `id_city`, `name`, `number_of_hotels`) VALUES (56, 27, 'Đảo Hòn Tre', 0);
INSERT INTO `booking_db`.`areas` (`id_area`, `id_city`, `name`, `number_of_hotels`) VALUES (57, 27, 'Dốc Lết', 0);
INSERT INTO `booking_db`.`areas` (`id_area`, `id_city`, `name`, `number_of_hotels`) VALUES (58, 27, 'Đường Phạm Văn Đồng - Bãi Tiên', 0);
INSERT INTO `booking_db`.`areas` (`id_area`, `id_city`, `name`, `number_of_hotels`) VALUES (59, 27, 'Đường Trần Phú', 0);
INSERT INTO `booking_db`.`areas` (`id_area`, `id_city`, `name`, `number_of_hotels`) VALUES (60, 27, 'Hòn Tằm', 0);
INSERT INTO `booking_db`.`areas` (`id_area`, `id_city`, `name`, `number_of_hotels`) VALUES (61, 27, 'Khu Phố Tây', 0);
INSERT INTO `booking_db`.`areas` (`id_area`, `id_city`, `name`, `number_of_hotels`) VALUES (62, 27, 'Ninh Hòa', 0);
INSERT INTO `booking_db`.`areas` (`id_area`, `id_city`, `name`, `number_of_hotels`) VALUES (63, 27, 'Trung Tâm Thành Phố', 0);
INSERT INTO `booking_db`.`areas` (`id_area`, `id_city`, `name`, `number_of_hotels`) VALUES (64, 27, 'Vịnh Ninh Vân', 0);
INSERT INTO `booking_db`.`areas` (`id_area`, `id_city`, `name`, `number_of_hotels`) VALUES (65, 27, 'Ở Khánh Hoà', 0);
INSERT INTO `booking_db`.`areas` (`id_area`, `id_city`, `name`, `number_of_hotels`) VALUES (66, 28, 'Bãi biển Cửa Cạn', 0);
INSERT INTO `booking_db`.`areas` (`id_area`, `id_city`, `name`, `number_of_hotels`) VALUES (67, 28, 'Bãi biển Cửa Lấp', 0);
INSERT INTO `booking_db`.`areas` (`id_area`, `id_city`, `name`, `number_of_hotels`) VALUES (68, 28, 'Bãi biển Dương Đông', 0);
INSERT INTO `booking_db`.`areas` (`id_area`, `id_city`, `name`, `number_of_hotels`) VALUES (69, 28, 'Bãi biển Ông Lang', 0);
INSERT INTO `booking_db`.`areas` (`id_area`, `id_city`, `name`, `number_of_hotels`) VALUES (70, 28, 'Bãi Dài', 0);
INSERT INTO `booking_db`.`areas` (`id_area`, `id_city`, `name`, `number_of_hotels`) VALUES (71, 28, 'Bãi Khem', 0);
INSERT INTO `booking_db`.`areas` (`id_area`, `id_city`, `name`, `number_of_hotels`) VALUES (72, 28, 'Ở Kiên Giang', 0);
INSERT INTO `booking_db`.`areas` (`id_area`, `id_city`, `name`, `number_of_hotels`) VALUES (73, 31, 'Chợ Đà Lạt', 0);
INSERT INTO `booking_db`.`areas` (`id_area`, `id_city`, `name`, `number_of_hotels`) VALUES (74, 31, 'Hồ Xuân Hương', 0);
INSERT INTO `booking_db`.`areas` (`id_area`, `id_city`, `name`, `number_of_hotels`) VALUES (75, 31, 'Khu du lịch Hồ Tuyền Lâm', 0);
INSERT INTO `booking_db`.`areas` (`id_area`, `id_city`, `name`, `number_of_hotels`) VALUES (76, 31, 'Trung tâm thành phố Đà Lạt', 0);
INSERT INTO `booking_db`.`areas` (`id_area`, `id_city`, `name`, `number_of_hotels`) VALUES (77, 31, 'Ở Lâm Đồng', 0);
INSERT INTO `booking_db`.`areas` (`id_area`, `id_city`, `name`, `number_of_hotels`) VALUES (78, 41, 'Biển Cửa Đại', 0);
INSERT INTO `booking_db`.`areas` (`id_area`, `id_city`, `name`, `number_of_hotels`) VALUES (79, 41, 'Gần Phố cổ Hội An', 0);
INSERT INTO `booking_db`.`areas` (`id_area`, `id_city`, `name`, `number_of_hotels`) VALUES (80, 41, 'Gần sông Thu Bồn', 0);
INSERT INTO `booking_db`.`areas` (`id_area`, `id_city`, `name`, `number_of_hotels`) VALUES (81, 41, 'Ở Trung tâm Hội An', 0);
INSERT INTO `booking_db`.`areas` (`id_area`, `id_city`, `name`, `number_of_hotels`) VALUES (82, 41, 'Ở Quảng Nam', 0);
INSERT INTO `booking_db`.`areas` (`id_area`, `id_city`, `name`, `number_of_hotels`) VALUES (83, 43, 'Bãi Cháy', 0);
INSERT INTO `booking_db`.`areas` (`id_area`, `id_city`, `name`, `number_of_hotels`) VALUES (84, 43, 'Đảo Rều', 0);
INSERT INTO `booking_db`.`areas` (`id_area`, `id_city`, `name`, `number_of_hotels`) VALUES (85, 43, 'Đảo Tuần Châu', 0);
INSERT INTO `booking_db`.`areas` (`id_area`, `id_city`, `name`, `number_of_hotels`) VALUES (86, 43, 'Khu đô thị Hùng Thắng', 0);
INSERT INTO `booking_db`.`areas` (`id_area`, `id_city`, `name`, `number_of_hotels`) VALUES (87, 43, 'Ở Quảng Ninh', 0);
INSERT INTO `booking_db`.`areas` (`id_area`, `id_city`, `name`, `number_of_hotels`) VALUES (88, 61, 'Bãi biển Bắc Mỹ An', 0);
INSERT INTO `booking_db`.`areas` (`id_area`, `id_city`, `name`, `number_of_hotels`) VALUES (89, 61, 'Bãi biển Mỹ Khê', 0);
INSERT INTO `booking_db`.`areas` (`id_area`, `id_city`, `name`, `number_of_hotels`) VALUES (90, 61, 'Bãi biển Non Nước', 0);
INSERT INTO `booking_db`.`areas` (`id_area`, `id_city`, `name`, `number_of_hotels`) VALUES (91, 61, 'Bãi tắm Phạm Văn Đồng', 0);
INSERT INTO `booking_db`.`areas` (`id_area`, `id_city`, `name`, `number_of_hotels`) VALUES (92, 61, 'Bán đảo Sơn Trà', 0);
INSERT INTO `booking_db`.`areas` (`id_area`, `id_city`, `name`, `number_of_hotels`) VALUES (93, 61, 'Gần cầu Rồng', 0);
INSERT INTO `booking_db`.`areas` (`id_area`, `id_city`, `name`, `number_of_hotels`) VALUES (94, 61, 'Gần cầu Sông Hàn', 0);
INSERT INTO `booking_db`.`areas` (`id_area`, `id_city`, `name`, `number_of_hotels`) VALUES (95, 61, 'Gần cầu Thuận Phước', 0);
INSERT INTO `booking_db`.`areas` (`id_area`, `id_city`, `name`, `number_of_hotels`) VALUES (96, 61, 'Gần cầu Trần Thị Lý', 0);
INSERT INTO `booking_db`.`areas` (`id_area`, `id_city`, `name`, `number_of_hotels`) VALUES (97, 61, 'Gần núi Bà Nà', 0);
INSERT INTO `booking_db`.`areas` (`id_area`, `id_city`, `name`, `number_of_hotels`) VALUES (98, 61, 'Gần sân bay', 0);
INSERT INTO `booking_db`.`areas` (`id_area`, `id_city`, `name`, `number_of_hotels`) VALUES (99, 61, 'Khu biệt thự Đảo Xanh', 0);
INSERT INTO `booking_db`.`areas` (`id_area`, `id_city`, `name`, `number_of_hotels`) VALUES (100, 61, 'Trung tâm Thành Phố', 0);
INSERT INTO `booking_db`.`areas` (`id_area`, `id_city`, `name`, `number_of_hotels`) VALUES (101, 61, 'Ở Đà Nẵng', 0);

COMMIT;


-- -----------------------------------------------------
-- Data for table `booking_db`.`utilities`
-- -----------------------------------------------------
START TRANSACTION;
USE `booking_db`;
INSERT INTO `booking_db`.`utilities` (`id_utility`, `family_room`, `private_beach`, `car_park`, `pool`, `free_airport_transportation`, `children_amusement_park`, `package_service`) VALUES (1, 0, 0, 0, 0, 0, 0, 0);
INSERT INTO `booking_db`.`utilities` (`id_utility`, `family_room`, `private_beach`, `car_park`, `pool`, `free_airport_transportation`, `children_amusement_park`, `package_service`) VALUES (2, 0, 0, 0, 0, 0, 0, 1);
INSERT INTO `booking_db`.`utilities` (`id_utility`, `family_room`, `private_beach`, `car_park`, `pool`, `free_airport_transportation`, `children_amusement_park`, `package_service`) VALUES (3, 0, 0, 0, 0, 0, 1, 0);
INSERT INTO `booking_db`.`utilities` (`id_utility`, `family_room`, `private_beach`, `car_park`, `pool`, `free_airport_transportation`, `children_amusement_park`, `package_service`) VALUES (4, 0, 0, 0, 0, 0, 1, 1);
INSERT INTO `booking_db`.`utilities` (`id_utility`, `family_room`, `private_beach`, `car_park`, `pool`, `free_airport_transportation`, `children_amusement_park`, `package_service`) VALUES (5, 0, 0, 0, 0, 1, 0, 0);
INSERT INTO `booking_db`.`utilities` (`id_utility`, `family_room`, `private_beach`, `car_park`, `pool`, `free_airport_transportation`, `children_amusement_park`, `package_service`) VALUES (6, 0, 0, 0, 0, 1, 0, 1);
INSERT INTO `booking_db`.`utilities` (`id_utility`, `family_room`, `private_beach`, `car_park`, `pool`, `free_airport_transportation`, `children_amusement_park`, `package_service`) VALUES (7, 0, 0, 0, 0, 1, 1, 0);
INSERT INTO `booking_db`.`utilities` (`id_utility`, `family_room`, `private_beach`, `car_park`, `pool`, `free_airport_transportation`, `children_amusement_park`, `package_service`) VALUES (8, 0, 0, 0, 0, 1, 1, 1);
INSERT INTO `booking_db`.`utilities` (`id_utility`, `family_room`, `private_beach`, `car_park`, `pool`, `free_airport_transportation`, `children_amusement_park`, `package_service`) VALUES (9, 0, 0, 0, 1, 0, 0, 0);
INSERT INTO `booking_db`.`utilities` (`id_utility`, `family_room`, `private_beach`, `car_park`, `pool`, `free_airport_transportation`, `children_amusement_park`, `package_service`) VALUES (10, 0, 0, 0, 1, 0, 0, 1);
INSERT INTO `booking_db`.`utilities` (`id_utility`, `family_room`, `private_beach`, `car_park`, `pool`, `free_airport_transportation`, `children_amusement_park`, `package_service`) VALUES (11, 0, 0, 0, 1, 0, 1, 0);
INSERT INTO `booking_db`.`utilities` (`id_utility`, `family_room`, `private_beach`, `car_park`, `pool`, `free_airport_transportation`, `children_amusement_park`, `package_service`) VALUES (12, 0, 0, 0, 1, 0, 1, 1);
INSERT INTO `booking_db`.`utilities` (`id_utility`, `family_room`, `private_beach`, `car_park`, `pool`, `free_airport_transportation`, `children_amusement_park`, `package_service`) VALUES (13, 0, 0, 0, 1, 1, 0, 0);
INSERT INTO `booking_db`.`utilities` (`id_utility`, `family_room`, `private_beach`, `car_park`, `pool`, `free_airport_transportation`, `children_amusement_park`, `package_service`) VALUES (14, 0, 0, 0, 1, 1, 0, 1);
INSERT INTO `booking_db`.`utilities` (`id_utility`, `family_room`, `private_beach`, `car_park`, `pool`, `free_airport_transportation`, `children_amusement_park`, `package_service`) VALUES (15, 0, 0, 0, 1, 1, 1, 0);
INSERT INTO `booking_db`.`utilities` (`id_utility`, `family_room`, `private_beach`, `car_park`, `pool`, `free_airport_transportation`, `children_amusement_park`, `package_service`) VALUES (16, 0, 0, 0, 1, 1, 1, 1);
INSERT INTO `booking_db`.`utilities` (`id_utility`, `family_room`, `private_beach`, `car_park`, `pool`, `free_airport_transportation`, `children_amusement_park`, `package_service`) VALUES (17, 0, 0, 1, 0, 0, 0, 0);
INSERT INTO `booking_db`.`utilities` (`id_utility`, `family_room`, `private_beach`, `car_park`, `pool`, `free_airport_transportation`, `children_amusement_park`, `package_service`) VALUES (18, 0, 0, 1, 0, 0, 0, 1);
INSERT INTO `booking_db`.`utilities` (`id_utility`, `family_room`, `private_beach`, `car_park`, `pool`, `free_airport_transportation`, `children_amusement_park`, `package_service`) VALUES (19, 0, 0, 1, 0, 0, 1, 0);
INSERT INTO `booking_db`.`utilities` (`id_utility`, `family_room`, `private_beach`, `car_park`, `pool`, `free_airport_transportation`, `children_amusement_park`, `package_service`) VALUES (20, 0, 0, 1, 0, 0, 1, 1);
INSERT INTO `booking_db`.`utilities` (`id_utility`, `family_room`, `private_beach`, `car_park`, `pool`, `free_airport_transportation`, `children_amusement_park`, `package_service`) VALUES (21, 0, 0, 1, 0, 1, 0, 0);
INSERT INTO `booking_db`.`utilities` (`id_utility`, `family_room`, `private_beach`, `car_park`, `pool`, `free_airport_transportation`, `children_amusement_park`, `package_service`) VALUES (22, 0, 0, 1, 0, 1, 0, 1);
INSERT INTO `booking_db`.`utilities` (`id_utility`, `family_room`, `private_beach`, `car_park`, `pool`, `free_airport_transportation`, `children_amusement_park`, `package_service`) VALUES (23, 0, 0, 1, 0, 1, 1, 0);
INSERT INTO `booking_db`.`utilities` (`id_utility`, `family_room`, `private_beach`, `car_park`, `pool`, `free_airport_transportation`, `children_amusement_park`, `package_service`) VALUES (24, 0, 0, 1, 0, 1, 1, 1);
INSERT INTO `booking_db`.`utilities` (`id_utility`, `family_room`, `private_beach`, `car_park`, `pool`, `free_airport_transportation`, `children_amusement_park`, `package_service`) VALUES (25, 0, 0, 1, 1, 0, 0, 0);
INSERT INTO `booking_db`.`utilities` (`id_utility`, `family_room`, `private_beach`, `car_park`, `pool`, `free_airport_transportation`, `children_amusement_park`, `package_service`) VALUES (26, 0, 0, 1, 1, 0, 0, 1);
INSERT INTO `booking_db`.`utilities` (`id_utility`, `family_room`, `private_beach`, `car_park`, `pool`, `free_airport_transportation`, `children_amusement_park`, `package_service`) VALUES (27, 0, 0, 1, 1, 0, 1, 0);
INSERT INTO `booking_db`.`utilities` (`id_utility`, `family_room`, `private_beach`, `car_park`, `pool`, `free_airport_transportation`, `children_amusement_park`, `package_service`) VALUES (28, 0, 0, 1, 1, 0, 1, 1);
INSERT INTO `booking_db`.`utilities` (`id_utility`, `family_room`, `private_beach`, `car_park`, `pool`, `free_airport_transportation`, `children_amusement_park`, `package_service`) VALUES (29, 0, 0, 1, 1, 1, 0, 0);
INSERT INTO `booking_db`.`utilities` (`id_utility`, `family_room`, `private_beach`, `car_park`, `pool`, `free_airport_transportation`, `children_amusement_park`, `package_service`) VALUES (30, 0, 0, 1, 1, 1, 0, 1);
INSERT INTO `booking_db`.`utilities` (`id_utility`, `family_room`, `private_beach`, `car_park`, `pool`, `free_airport_transportation`, `children_amusement_park`, `package_service`) VALUES (31, 0, 0, 1, 1, 1, 1, 0);
INSERT INTO `booking_db`.`utilities` (`id_utility`, `family_room`, `private_beach`, `car_park`, `pool`, `free_airport_transportation`, `children_amusement_park`, `package_service`) VALUES (32, 0, 0, 1, 1, 1, 1, 1);
INSERT INTO `booking_db`.`utilities` (`id_utility`, `family_room`, `private_beach`, `car_park`, `pool`, `free_airport_transportation`, `children_amusement_park`, `package_service`) VALUES (33, 0, 1, 0, 0, 0, 0, 0);
INSERT INTO `booking_db`.`utilities` (`id_utility`, `family_room`, `private_beach`, `car_park`, `pool`, `free_airport_transportation`, `children_amusement_park`, `package_service`) VALUES (34, 0, 1, 0, 0, 0, 0, 1);
INSERT INTO `booking_db`.`utilities` (`id_utility`, `family_room`, `private_beach`, `car_park`, `pool`, `free_airport_transportation`, `children_amusement_park`, `package_service`) VALUES (35, 0, 1, 0, 0, 0, 1, 0);
INSERT INTO `booking_db`.`utilities` (`id_utility`, `family_room`, `private_beach`, `car_park`, `pool`, `free_airport_transportation`, `children_amusement_park`, `package_service`) VALUES (36, 0, 1, 0, 0, 0, 1, 1);
INSERT INTO `booking_db`.`utilities` (`id_utility`, `family_room`, `private_beach`, `car_park`, `pool`, `free_airport_transportation`, `children_amusement_park`, `package_service`) VALUES (37, 0, 1, 0, 0, 1, 0, 0);
INSERT INTO `booking_db`.`utilities` (`id_utility`, `family_room`, `private_beach`, `car_park`, `pool`, `free_airport_transportation`, `children_amusement_park`, `package_service`) VALUES (38, 0, 1, 0, 0, 1, 0, 1);
INSERT INTO `booking_db`.`utilities` (`id_utility`, `family_room`, `private_beach`, `car_park`, `pool`, `free_airport_transportation`, `children_amusement_park`, `package_service`) VALUES (39, 0, 1, 0, 0, 1, 1, 0);
INSERT INTO `booking_db`.`utilities` (`id_utility`, `family_room`, `private_beach`, `car_park`, `pool`, `free_airport_transportation`, `children_amusement_park`, `package_service`) VALUES (40, 0, 1, 0, 0, 1, 1, 1);
INSERT INTO `booking_db`.`utilities` (`id_utility`, `family_room`, `private_beach`, `car_park`, `pool`, `free_airport_transportation`, `children_amusement_park`, `package_service`) VALUES (41, 0, 1, 0, 1, 0, 0, 0);
INSERT INTO `booking_db`.`utilities` (`id_utility`, `family_room`, `private_beach`, `car_park`, `pool`, `free_airport_transportation`, `children_amusement_park`, `package_service`) VALUES (42, 0, 1, 0, 1, 0, 0, 1);
INSERT INTO `booking_db`.`utilities` (`id_utility`, `family_room`, `private_beach`, `car_park`, `pool`, `free_airport_transportation`, `children_amusement_park`, `package_service`) VALUES (43, 0, 1, 0, 1, 0, 1, 0);
INSERT INTO `booking_db`.`utilities` (`id_utility`, `family_room`, `private_beach`, `car_park`, `pool`, `free_airport_transportation`, `children_amusement_park`, `package_service`) VALUES (44, 0, 1, 0, 1, 0, 1, 1);
INSERT INTO `booking_db`.`utilities` (`id_utility`, `family_room`, `private_beach`, `car_park`, `pool`, `free_airport_transportation`, `children_amusement_park`, `package_service`) VALUES (45, 0, 1, 0, 1, 1, 0, 0);
INSERT INTO `booking_db`.`utilities` (`id_utility`, `family_room`, `private_beach`, `car_park`, `pool`, `free_airport_transportation`, `children_amusement_park`, `package_service`) VALUES (46, 0, 1, 0, 1, 1, 0, 1);
INSERT INTO `booking_db`.`utilities` (`id_utility`, `family_room`, `private_beach`, `car_park`, `pool`, `free_airport_transportation`, `children_amusement_park`, `package_service`) VALUES (47, 0, 1, 0, 1, 1, 1, 0);
INSERT INTO `booking_db`.`utilities` (`id_utility`, `family_room`, `private_beach`, `car_park`, `pool`, `free_airport_transportation`, `children_amusement_park`, `package_service`) VALUES (48, 0, 1, 0, 1, 1, 1, 1);
INSERT INTO `booking_db`.`utilities` (`id_utility`, `family_room`, `private_beach`, `car_park`, `pool`, `free_airport_transportation`, `children_amusement_park`, `package_service`) VALUES (49, 0, 1, 1, 0, 0, 0, 0);
INSERT INTO `booking_db`.`utilities` (`id_utility`, `family_room`, `private_beach`, `car_park`, `pool`, `free_airport_transportation`, `children_amusement_park`, `package_service`) VALUES (50, 0, 1, 1, 0, 0, 0, 1);
INSERT INTO `booking_db`.`utilities` (`id_utility`, `family_room`, `private_beach`, `car_park`, `pool`, `free_airport_transportation`, `children_amusement_park`, `package_service`) VALUES (51, 0, 1, 1, 0, 0, 1, 0);
INSERT INTO `booking_db`.`utilities` (`id_utility`, `family_room`, `private_beach`, `car_park`, `pool`, `free_airport_transportation`, `children_amusement_park`, `package_service`) VALUES (52, 0, 1, 1, 0, 0, 1, 1);
INSERT INTO `booking_db`.`utilities` (`id_utility`, `family_room`, `private_beach`, `car_park`, `pool`, `free_airport_transportation`, `children_amusement_park`, `package_service`) VALUES (53, 0, 1, 1, 0, 1, 0, 0);
INSERT INTO `booking_db`.`utilities` (`id_utility`, `family_room`, `private_beach`, `car_park`, `pool`, `free_airport_transportation`, `children_amusement_park`, `package_service`) VALUES (54, 0, 1, 1, 0, 1, 0, 1);
INSERT INTO `booking_db`.`utilities` (`id_utility`, `family_room`, `private_beach`, `car_park`, `pool`, `free_airport_transportation`, `children_amusement_park`, `package_service`) VALUES (55, 0, 1, 1, 0, 1, 1, 0);
INSERT INTO `booking_db`.`utilities` (`id_utility`, `family_room`, `private_beach`, `car_park`, `pool`, `free_airport_transportation`, `children_amusement_park`, `package_service`) VALUES (56, 0, 1, 1, 0, 1, 1, 1);
INSERT INTO `booking_db`.`utilities` (`id_utility`, `family_room`, `private_beach`, `car_park`, `pool`, `free_airport_transportation`, `children_amusement_park`, `package_service`) VALUES (57, 0, 1, 1, 1, 0, 0, 0);
INSERT INTO `booking_db`.`utilities` (`id_utility`, `family_room`, `private_beach`, `car_park`, `pool`, `free_airport_transportation`, `children_amusement_park`, `package_service`) VALUES (58, 0, 1, 1, 1, 0, 0, 1);
INSERT INTO `booking_db`.`utilities` (`id_utility`, `family_room`, `private_beach`, `car_park`, `pool`, `free_airport_transportation`, `children_amusement_park`, `package_service`) VALUES (59, 0, 1, 1, 1, 0, 1, 0);
INSERT INTO `booking_db`.`utilities` (`id_utility`, `family_room`, `private_beach`, `car_park`, `pool`, `free_airport_transportation`, `children_amusement_park`, `package_service`) VALUES (60, 0, 1, 1, 1, 0, 1, 1);
INSERT INTO `booking_db`.`utilities` (`id_utility`, `family_room`, `private_beach`, `car_park`, `pool`, `free_airport_transportation`, `children_amusement_park`, `package_service`) VALUES (61, 0, 1, 1, 1, 1, 0, 0);
INSERT INTO `booking_db`.`utilities` (`id_utility`, `family_room`, `private_beach`, `car_park`, `pool`, `free_airport_transportation`, `children_amusement_park`, `package_service`) VALUES (62, 0, 1, 1, 1, 1, 0, 1);
INSERT INTO `booking_db`.`utilities` (`id_utility`, `family_room`, `private_beach`, `car_park`, `pool`, `free_airport_transportation`, `children_amusement_park`, `package_service`) VALUES (63, 0, 1, 1, 1, 1, 1, 0);
INSERT INTO `booking_db`.`utilities` (`id_utility`, `family_room`, `private_beach`, `car_park`, `pool`, `free_airport_transportation`, `children_amusement_park`, `package_service`) VALUES (64, 0, 1, 1, 1, 1, 1, 1);
INSERT INTO `booking_db`.`utilities` (`id_utility`, `family_room`, `private_beach`, `car_park`, `pool`, `free_airport_transportation`, `children_amusement_park`, `package_service`) VALUES (65, 1, 0, 0, 0, 0, 0, 0);
INSERT INTO `booking_db`.`utilities` (`id_utility`, `family_room`, `private_beach`, `car_park`, `pool`, `free_airport_transportation`, `children_amusement_park`, `package_service`) VALUES (66, 1, 0, 0, 0, 0, 0, 1);
INSERT INTO `booking_db`.`utilities` (`id_utility`, `family_room`, `private_beach`, `car_park`, `pool`, `free_airport_transportation`, `children_amusement_park`, `package_service`) VALUES (67, 1, 0, 0, 0, 0, 1, 0);
INSERT INTO `booking_db`.`utilities` (`id_utility`, `family_room`, `private_beach`, `car_park`, `pool`, `free_airport_transportation`, `children_amusement_park`, `package_service`) VALUES (68, 1, 0, 0, 0, 0, 1, 1);
INSERT INTO `booking_db`.`utilities` (`id_utility`, `family_room`, `private_beach`, `car_park`, `pool`, `free_airport_transportation`, `children_amusement_park`, `package_service`) VALUES (69, 1, 0, 0, 0, 1, 0, 0);
INSERT INTO `booking_db`.`utilities` (`id_utility`, `family_room`, `private_beach`, `car_park`, `pool`, `free_airport_transportation`, `children_amusement_park`, `package_service`) VALUES (70, 1, 0, 0, 0, 1, 0, 1);
INSERT INTO `booking_db`.`utilities` (`id_utility`, `family_room`, `private_beach`, `car_park`, `pool`, `free_airport_transportation`, `children_amusement_park`, `package_service`) VALUES (71, 1, 0, 0, 0, 1, 1, 0);
INSERT INTO `booking_db`.`utilities` (`id_utility`, `family_room`, `private_beach`, `car_park`, `pool`, `free_airport_transportation`, `children_amusement_park`, `package_service`) VALUES (72, 1, 0, 0, 0, 1, 1, 1);
INSERT INTO `booking_db`.`utilities` (`id_utility`, `family_room`, `private_beach`, `car_park`, `pool`, `free_airport_transportation`, `children_amusement_park`, `package_service`) VALUES (73, 1, 0, 0, 1, 0, 0, 0);
INSERT INTO `booking_db`.`utilities` (`id_utility`, `family_room`, `private_beach`, `car_park`, `pool`, `free_airport_transportation`, `children_amusement_park`, `package_service`) VALUES (74, 1, 0, 0, 1, 0, 0, 1);
INSERT INTO `booking_db`.`utilities` (`id_utility`, `family_room`, `private_beach`, `car_park`, `pool`, `free_airport_transportation`, `children_amusement_park`, `package_service`) VALUES (75, 1, 0, 0, 1, 0, 1, 0);
INSERT INTO `booking_db`.`utilities` (`id_utility`, `family_room`, `private_beach`, `car_park`, `pool`, `free_airport_transportation`, `children_amusement_park`, `package_service`) VALUES (76, 1, 0, 0, 1, 0, 1, 1);
INSERT INTO `booking_db`.`utilities` (`id_utility`, `family_room`, `private_beach`, `car_park`, `pool`, `free_airport_transportation`, `children_amusement_park`, `package_service`) VALUES (77, 1, 0, 0, 1, 1, 0, 0);
INSERT INTO `booking_db`.`utilities` (`id_utility`, `family_room`, `private_beach`, `car_park`, `pool`, `free_airport_transportation`, `children_amusement_park`, `package_service`) VALUES (78, 1, 0, 0, 1, 1, 0, 1);
INSERT INTO `booking_db`.`utilities` (`id_utility`, `family_room`, `private_beach`, `car_park`, `pool`, `free_airport_transportation`, `children_amusement_park`, `package_service`) VALUES (79, 1, 0, 0, 1, 1, 1, 0);
INSERT INTO `booking_db`.`utilities` (`id_utility`, `family_room`, `private_beach`, `car_park`, `pool`, `free_airport_transportation`, `children_amusement_park`, `package_service`) VALUES (80, 1, 0, 0, 1, 1, 1, 1);
INSERT INTO `booking_db`.`utilities` (`id_utility`, `family_room`, `private_beach`, `car_park`, `pool`, `free_airport_transportation`, `children_amusement_park`, `package_service`) VALUES (81, 1, 0, 1, 0, 0, 0, 0);
INSERT INTO `booking_db`.`utilities` (`id_utility`, `family_room`, `private_beach`, `car_park`, `pool`, `free_airport_transportation`, `children_amusement_park`, `package_service`) VALUES (82, 1, 0, 1, 0, 0, 0, 1);
INSERT INTO `booking_db`.`utilities` (`id_utility`, `family_room`, `private_beach`, `car_park`, `pool`, `free_airport_transportation`, `children_amusement_park`, `package_service`) VALUES (83, 1, 0, 1, 0, 0, 1, 0);
INSERT INTO `booking_db`.`utilities` (`id_utility`, `family_room`, `private_beach`, `car_park`, `pool`, `free_airport_transportation`, `children_amusement_park`, `package_service`) VALUES (84, 1, 0, 1, 0, 0, 1, 1);
INSERT INTO `booking_db`.`utilities` (`id_utility`, `family_room`, `private_beach`, `car_park`, `pool`, `free_airport_transportation`, `children_amusement_park`, `package_service`) VALUES (85, 1, 0, 1, 0, 1, 0, 0);
INSERT INTO `booking_db`.`utilities` (`id_utility`, `family_room`, `private_beach`, `car_park`, `pool`, `free_airport_transportation`, `children_amusement_park`, `package_service`) VALUES (86, 1, 0, 1, 0, 1, 0, 1);
INSERT INTO `booking_db`.`utilities` (`id_utility`, `family_room`, `private_beach`, `car_park`, `pool`, `free_airport_transportation`, `children_amusement_park`, `package_service`) VALUES (87, 1, 0, 1, 0, 1, 1, 0);
INSERT INTO `booking_db`.`utilities` (`id_utility`, `family_room`, `private_beach`, `car_park`, `pool`, `free_airport_transportation`, `children_amusement_park`, `package_service`) VALUES (88, 1, 0, 1, 0, 1, 1, 1);
INSERT INTO `booking_db`.`utilities` (`id_utility`, `family_room`, `private_beach`, `car_park`, `pool`, `free_airport_transportation`, `children_amusement_park`, `package_service`) VALUES (89, 1, 0, 1, 1, 0, 0, 0);
INSERT INTO `booking_db`.`utilities` (`id_utility`, `family_room`, `private_beach`, `car_park`, `pool`, `free_airport_transportation`, `children_amusement_park`, `package_service`) VALUES (90, 1, 0, 1, 1, 0, 0, 1);
INSERT INTO `booking_db`.`utilities` (`id_utility`, `family_room`, `private_beach`, `car_park`, `pool`, `free_airport_transportation`, `children_amusement_park`, `package_service`) VALUES (91, 1, 0, 1, 1, 0, 1, 0);
INSERT INTO `booking_db`.`utilities` (`id_utility`, `family_room`, `private_beach`, `car_park`, `pool`, `free_airport_transportation`, `children_amusement_park`, `package_service`) VALUES (92, 1, 0, 1, 1, 0, 1, 1);
INSERT INTO `booking_db`.`utilities` (`id_utility`, `family_room`, `private_beach`, `car_park`, `pool`, `free_airport_transportation`, `children_amusement_park`, `package_service`) VALUES (93, 1, 0, 1, 1, 1, 0, 0);
INSERT INTO `booking_db`.`utilities` (`id_utility`, `family_room`, `private_beach`, `car_park`, `pool`, `free_airport_transportation`, `children_amusement_park`, `package_service`) VALUES (94, 1, 0, 1, 1, 1, 0, 1);
INSERT INTO `booking_db`.`utilities` (`id_utility`, `family_room`, `private_beach`, `car_park`, `pool`, `free_airport_transportation`, `children_amusement_park`, `package_service`) VALUES (95, 1, 0, 1, 1, 1, 1, 0);
INSERT INTO `booking_db`.`utilities` (`id_utility`, `family_room`, `private_beach`, `car_park`, `pool`, `free_airport_transportation`, `children_amusement_park`, `package_service`) VALUES (96, 1, 0, 1, 1, 1, 1, 1);
INSERT INTO `booking_db`.`utilities` (`id_utility`, `family_room`, `private_beach`, `car_park`, `pool`, `free_airport_transportation`, `children_amusement_park`, `package_service`) VALUES (97, 1, 1, 0, 0, 0, 0, 0);
INSERT INTO `booking_db`.`utilities` (`id_utility`, `family_room`, `private_beach`, `car_park`, `pool`, `free_airport_transportation`, `children_amusement_park`, `package_service`) VALUES (98, 1, 1, 0, 0, 0, 0, 1);
INSERT INTO `booking_db`.`utilities` (`id_utility`, `family_room`, `private_beach`, `car_park`, `pool`, `free_airport_transportation`, `children_amusement_park`, `package_service`) VALUES (99, 1, 1, 0, 0, 0, 1, 0);
INSERT INTO `booking_db`.`utilities` (`id_utility`, `family_room`, `private_beach`, `car_park`, `pool`, `free_airport_transportation`, `children_amusement_park`, `package_service`) VALUES (100, 1, 1, 0, 0, 0, 1, 1);
INSERT INTO `booking_db`.`utilities` (`id_utility`, `family_room`, `private_beach`, `car_park`, `pool`, `free_airport_transportation`, `children_amusement_park`, `package_service`) VALUES (101, 1, 1, 0, 0, 1, 0, 0);
INSERT INTO `booking_db`.`utilities` (`id_utility`, `family_room`, `private_beach`, `car_park`, `pool`, `free_airport_transportation`, `children_amusement_park`, `package_service`) VALUES (102, 1, 1, 0, 0, 1, 0, 1);
INSERT INTO `booking_db`.`utilities` (`id_utility`, `family_room`, `private_beach`, `car_park`, `pool`, `free_airport_transportation`, `children_amusement_park`, `package_service`) VALUES (103, 1, 1, 0, 0, 1, 1, 0);
INSERT INTO `booking_db`.`utilities` (`id_utility`, `family_room`, `private_beach`, `car_park`, `pool`, `free_airport_transportation`, `children_amusement_park`, `package_service`) VALUES (104, 1, 1, 0, 0, 1, 1, 1);
INSERT INTO `booking_db`.`utilities` (`id_utility`, `family_room`, `private_beach`, `car_park`, `pool`, `free_airport_transportation`, `children_amusement_park`, `package_service`) VALUES (105, 1, 1, 0, 1, 0, 0, 0);
INSERT INTO `booking_db`.`utilities` (`id_utility`, `family_room`, `private_beach`, `car_park`, `pool`, `free_airport_transportation`, `children_amusement_park`, `package_service`) VALUES (106, 1, 1, 0, 1, 0, 0, 1);
INSERT INTO `booking_db`.`utilities` (`id_utility`, `family_room`, `private_beach`, `car_park`, `pool`, `free_airport_transportation`, `children_amusement_park`, `package_service`) VALUES (107, 1, 1, 0, 1, 0, 1, 0);
INSERT INTO `booking_db`.`utilities` (`id_utility`, `family_room`, `private_beach`, `car_park`, `pool`, `free_airport_transportation`, `children_amusement_park`, `package_service`) VALUES (108, 1, 1, 0, 1, 0, 1, 1);
INSERT INTO `booking_db`.`utilities` (`id_utility`, `family_room`, `private_beach`, `car_park`, `pool`, `free_airport_transportation`, `children_amusement_park`, `package_service`) VALUES (109, 1, 1, 0, 1, 1, 0, 0);
INSERT INTO `booking_db`.`utilities` (`id_utility`, `family_room`, `private_beach`, `car_park`, `pool`, `free_airport_transportation`, `children_amusement_park`, `package_service`) VALUES (110, 1, 1, 0, 1, 1, 0, 1);
INSERT INTO `booking_db`.`utilities` (`id_utility`, `family_room`, `private_beach`, `car_park`, `pool`, `free_airport_transportation`, `children_amusement_park`, `package_service`) VALUES (111, 1, 1, 0, 1, 1, 1, 0);
INSERT INTO `booking_db`.`utilities` (`id_utility`, `family_room`, `private_beach`, `car_park`, `pool`, `free_airport_transportation`, `children_amusement_park`, `package_service`) VALUES (112, 1, 1, 0, 1, 1, 1, 1);
INSERT INTO `booking_db`.`utilities` (`id_utility`, `family_room`, `private_beach`, `car_park`, `pool`, `free_airport_transportation`, `children_amusement_park`, `package_service`) VALUES (113, 1, 1, 1, 0, 0, 0, 0);
INSERT INTO `booking_db`.`utilities` (`id_utility`, `family_room`, `private_beach`, `car_park`, `pool`, `free_airport_transportation`, `children_amusement_park`, `package_service`) VALUES (114, 1, 1, 1, 0, 0, 0, 1);
INSERT INTO `booking_db`.`utilities` (`id_utility`, `family_room`, `private_beach`, `car_park`, `pool`, `free_airport_transportation`, `children_amusement_park`, `package_service`) VALUES (115, 1, 1, 1, 0, 0, 1, 0);
INSERT INTO `booking_db`.`utilities` (`id_utility`, `family_room`, `private_beach`, `car_park`, `pool`, `free_airport_transportation`, `children_amusement_park`, `package_service`) VALUES (116, 1, 1, 1, 0, 0, 1, 1);
INSERT INTO `booking_db`.`utilities` (`id_utility`, `family_room`, `private_beach`, `car_park`, `pool`, `free_airport_transportation`, `children_amusement_park`, `package_service`) VALUES (117, 1, 1, 1, 0, 1, 0, 0);
INSERT INTO `booking_db`.`utilities` (`id_utility`, `family_room`, `private_beach`, `car_park`, `pool`, `free_airport_transportation`, `children_amusement_park`, `package_service`) VALUES (118, 1, 1, 1, 0, 1, 0, 1);
INSERT INTO `booking_db`.`utilities` (`id_utility`, `family_room`, `private_beach`, `car_park`, `pool`, `free_airport_transportation`, `children_amusement_park`, `package_service`) VALUES (119, 1, 1, 1, 0, 1, 1, 0);
INSERT INTO `booking_db`.`utilities` (`id_utility`, `family_room`, `private_beach`, `car_park`, `pool`, `free_airport_transportation`, `children_amusement_park`, `package_service`) VALUES (120, 1, 1, 1, 0, 1, 1, 1);
INSERT INTO `booking_db`.`utilities` (`id_utility`, `family_room`, `private_beach`, `car_park`, `pool`, `free_airport_transportation`, `children_amusement_park`, `package_service`) VALUES (121, 1, 1, 1, 1, 0, 0, 0);
INSERT INTO `booking_db`.`utilities` (`id_utility`, `family_room`, `private_beach`, `car_park`, `pool`, `free_airport_transportation`, `children_amusement_park`, `package_service`) VALUES (122, 1, 1, 1, 1, 0, 0, 1);
INSERT INTO `booking_db`.`utilities` (`id_utility`, `family_room`, `private_beach`, `car_park`, `pool`, `free_airport_transportation`, `children_amusement_park`, `package_service`) VALUES (123, 1, 1, 1, 1, 0, 1, 0);
INSERT INTO `booking_db`.`utilities` (`id_utility`, `family_room`, `private_beach`, `car_park`, `pool`, `free_airport_transportation`, `children_amusement_park`, `package_service`) VALUES (124, 1, 1, 1, 1, 0, 1, 1);
INSERT INTO `booking_db`.`utilities` (`id_utility`, `family_room`, `private_beach`, `car_park`, `pool`, `free_airport_transportation`, `children_amusement_park`, `package_service`) VALUES (125, 1, 1, 1, 1, 1, 0, 0);
INSERT INTO `booking_db`.`utilities` (`id_utility`, `family_room`, `private_beach`, `car_park`, `pool`, `free_airport_transportation`, `children_amusement_park`, `package_service`) VALUES (126, 1, 1, 1, 1, 1, 0, 1);
INSERT INTO `booking_db`.`utilities` (`id_utility`, `family_room`, `private_beach`, `car_park`, `pool`, `free_airport_transportation`, `children_amusement_park`, `package_service`) VALUES (127, 1, 1, 1, 1, 1, 1, 0);
INSERT INTO `booking_db`.`utilities` (`id_utility`, `family_room`, `private_beach`, `car_park`, `pool`, `free_airport_transportation`, `children_amusement_park`, `package_service`) VALUES (128, 1, 1, 1, 1, 1, 1, 1);

COMMIT;


-- -----------------------------------------------------
-- Data for table `booking_db`.`service_rooms`
-- -----------------------------------------------------
START TRANSACTION;
USE `booking_db`;
INSERT INTO `booking_db`.`service_rooms` (`id_service`, `free_breakfast`, `free_wifi`, `booking_cancelling`, `vat_included`, `free_transportation`) VALUES (1, 0, 0, 0, 0, 0);
INSERT INTO `booking_db`.`service_rooms` (`id_service`, `free_breakfast`, `free_wifi`, `booking_cancelling`, `vat_included`, `free_transportation`) VALUES (2, 0, 0, 0, 0, 1);
INSERT INTO `booking_db`.`service_rooms` (`id_service`, `free_breakfast`, `free_wifi`, `booking_cancelling`, `vat_included`, `free_transportation`) VALUES (3, 0, 0, 0, 1, 0);
INSERT INTO `booking_db`.`service_rooms` (`id_service`, `free_breakfast`, `free_wifi`, `booking_cancelling`, `vat_included`, `free_transportation`) VALUES (4, 0, 0, 0, 1, 1);
INSERT INTO `booking_db`.`service_rooms` (`id_service`, `free_breakfast`, `free_wifi`, `booking_cancelling`, `vat_included`, `free_transportation`) VALUES (5, 0, 0, 1, 0, 0);
INSERT INTO `booking_db`.`service_rooms` (`id_service`, `free_breakfast`, `free_wifi`, `booking_cancelling`, `vat_included`, `free_transportation`) VALUES (6, 0, 0, 1, 0, 1);
INSERT INTO `booking_db`.`service_rooms` (`id_service`, `free_breakfast`, `free_wifi`, `booking_cancelling`, `vat_included`, `free_transportation`) VALUES (7, 0, 0, 1, 1, 0);
INSERT INTO `booking_db`.`service_rooms` (`id_service`, `free_breakfast`, `free_wifi`, `booking_cancelling`, `vat_included`, `free_transportation`) VALUES (8, 0, 0, 1, 1, 1);
INSERT INTO `booking_db`.`service_rooms` (`id_service`, `free_breakfast`, `free_wifi`, `booking_cancelling`, `vat_included`, `free_transportation`) VALUES (9, 0, 1, 0, 0, 0);
INSERT INTO `booking_db`.`service_rooms` (`id_service`, `free_breakfast`, `free_wifi`, `booking_cancelling`, `vat_included`, `free_transportation`) VALUES (10, 0, 1, 0, 0, 1);
INSERT INTO `booking_db`.`service_rooms` (`id_service`, `free_breakfast`, `free_wifi`, `booking_cancelling`, `vat_included`, `free_transportation`) VALUES (11, 0, 1, 0, 1, 0);
INSERT INTO `booking_db`.`service_rooms` (`id_service`, `free_breakfast`, `free_wifi`, `booking_cancelling`, `vat_included`, `free_transportation`) VALUES (12, 0, 1, 0, 1, 1);
INSERT INTO `booking_db`.`service_rooms` (`id_service`, `free_breakfast`, `free_wifi`, `booking_cancelling`, `vat_included`, `free_transportation`) VALUES (13, 0, 1, 1, 0, 0);
INSERT INTO `booking_db`.`service_rooms` (`id_service`, `free_breakfast`, `free_wifi`, `booking_cancelling`, `vat_included`, `free_transportation`) VALUES (14, 0, 1, 1, 0, 1);
INSERT INTO `booking_db`.`service_rooms` (`id_service`, `free_breakfast`, `free_wifi`, `booking_cancelling`, `vat_included`, `free_transportation`) VALUES (15, 0, 1, 1, 1, 0);
INSERT INTO `booking_db`.`service_rooms` (`id_service`, `free_breakfast`, `free_wifi`, `booking_cancelling`, `vat_included`, `free_transportation`) VALUES (16, 0, 1, 1, 1, 1);
INSERT INTO `booking_db`.`service_rooms` (`id_service`, `free_breakfast`, `free_wifi`, `booking_cancelling`, `vat_included`, `free_transportation`) VALUES (17, 1, 0, 0, 0, 0);
INSERT INTO `booking_db`.`service_rooms` (`id_service`, `free_breakfast`, `free_wifi`, `booking_cancelling`, `vat_included`, `free_transportation`) VALUES (18, 1, 0, 0, 0, 1);
INSERT INTO `booking_db`.`service_rooms` (`id_service`, `free_breakfast`, `free_wifi`, `booking_cancelling`, `vat_included`, `free_transportation`) VALUES (19, 1, 0, 0, 1, 0);
INSERT INTO `booking_db`.`service_rooms` (`id_service`, `free_breakfast`, `free_wifi`, `booking_cancelling`, `vat_included`, `free_transportation`) VALUES (20, 1, 0, 0, 1, 1);
INSERT INTO `booking_db`.`service_rooms` (`id_service`, `free_breakfast`, `free_wifi`, `booking_cancelling`, `vat_included`, `free_transportation`) VALUES (21, 1, 0, 1, 0, 0);
INSERT INTO `booking_db`.`service_rooms` (`id_service`, `free_breakfast`, `free_wifi`, `booking_cancelling`, `vat_included`, `free_transportation`) VALUES (22, 1, 0, 1, 0, 1);
INSERT INTO `booking_db`.`service_rooms` (`id_service`, `free_breakfast`, `free_wifi`, `booking_cancelling`, `vat_included`, `free_transportation`) VALUES (23, 1, 0, 1, 1, 0);
INSERT INTO `booking_db`.`service_rooms` (`id_service`, `free_breakfast`, `free_wifi`, `booking_cancelling`, `vat_included`, `free_transportation`) VALUES (24, 1, 0, 1, 1, 1);
INSERT INTO `booking_db`.`service_rooms` (`id_service`, `free_breakfast`, `free_wifi`, `booking_cancelling`, `vat_included`, `free_transportation`) VALUES (25, 1, 1, 0, 0, 0);
INSERT INTO `booking_db`.`service_rooms` (`id_service`, `free_breakfast`, `free_wifi`, `booking_cancelling`, `vat_included`, `free_transportation`) VALUES (26, 1, 1, 0, 0, 1);
INSERT INTO `booking_db`.`service_rooms` (`id_service`, `free_breakfast`, `free_wifi`, `booking_cancelling`, `vat_included`, `free_transportation`) VALUES (27, 1, 1, 0, 1, 0);
INSERT INTO `booking_db`.`service_rooms` (`id_service`, `free_breakfast`, `free_wifi`, `booking_cancelling`, `vat_included`, `free_transportation`) VALUES (28, 1, 1, 0, 1, 1);
INSERT INTO `booking_db`.`service_rooms` (`id_service`, `free_breakfast`, `free_wifi`, `booking_cancelling`, `vat_included`, `free_transportation`) VALUES (29, 1, 1, 1, 0, 0);
INSERT INTO `booking_db`.`service_rooms` (`id_service`, `free_breakfast`, `free_wifi`, `booking_cancelling`, `vat_included`, `free_transportation`) VALUES (30, 1, 1, 1, 0, 1);
INSERT INTO `booking_db`.`service_rooms` (`id_service`, `free_breakfast`, `free_wifi`, `booking_cancelling`, `vat_included`, `free_transportation`) VALUES (31, 1, 1, 1, 1, 0);
INSERT INTO `booking_db`.`service_rooms` (`id_service`, `free_breakfast`, `free_wifi`, `booking_cancelling`, `vat_included`, `free_transportation`) VALUES (32, 1, 1, 1, 1, 1);

COMMIT;


-- -----------------------------------------------------
-- Data for table `booking_db`.`theme_hotels`
-- -----------------------------------------------------
START TRANSACTION;
USE `booking_db`;
INSERT INTO `booking_db`.`theme_hotels` (`id_theme`, `name`, `description`, `image`, `number_of_hotels`) VALUES (1, 'Mặc định', 'Không', 'NULL', 0);
INSERT INTO `booking_db`.`theme_hotels` (`id_theme`, `name`, `description`, `image`, `number_of_hotels`) VALUES (2, 'Năm mới', 'Nghỉ lễ xả hơi, chào năm tươi mới', 'NULL', 0);
INSERT INTO `booking_db`.`theme_hotels` (`id_theme`, `name`, `description`, `image`, `number_of_hotels`) VALUES (3, 'Tích cực', 'Ở villa, làm việc tử xa', 'NULL', 0);
INSERT INTO `booking_db`.`theme_hotels` (`id_theme`, `name`, `description`, `image`, `number_of_hotels`) VALUES (4, 'Vượt dịch', 'Đặt sớm, ưu đãi lớn', 'NULL', 0);

COMMIT;


-- -----------------------------------------------------
-- Data for table `booking_db`.`type_of_hotels`
-- -----------------------------------------------------
START TRANSACTION;
USE `booking_db`;
INSERT INTO `booking_db`.`type_of_hotels` (`id_type_of_hotel`, `name`) VALUES (1, 'Khu nghỉ dưỡng (Resort)');
INSERT INTO `booking_db`.`type_of_hotels` (`id_type_of_hotel`, `name`) VALUES (2, 'Biệt thự (Villa)');
INSERT INTO `booking_db`.`type_of_hotels` (`id_type_of_hotel`, `name`) VALUES (3, 'Khách sạn (Hotel)');
INSERT INTO `booking_db`.`type_of_hotels` (`id_type_of_hotel`, `name`) VALUES (4, 'Căn hộ (Apartment)');
INSERT INTO `booking_db`.`type_of_hotels` (`id_type_of_hotel`, `name`) VALUES (5, 'Du thuyền (Cruise)');
INSERT INTO `booking_db`.`type_of_hotels` (`id_type_of_hotel`, `name`) VALUES (6, 'Nhà nghỉ (Guest house, Homestay, ...)');

COMMIT;


-- -----------------------------------------------------
-- Data for table `booking_db`.`type_of_views`
-- -----------------------------------------------------
START TRANSACTION;
USE `booking_db`;
INSERT INTO `booking_db`.`type_of_views` (`id_type_of_view`, `name`) VALUES (1, 'Mặc định');
INSERT INTO `booking_db`.`type_of_views` (`id_type_of_view`, `name`) VALUES (2, 'Hướng thành phố');
INSERT INTO `booking_db`.`type_of_views` (`id_type_of_view`, `name`) VALUES (3, 'Hướng vườn');
INSERT INTO `booking_db`.`type_of_views` (`id_type_of_view`, `name`) VALUES (4, 'Hướng biển');
INSERT INTO `booking_db`.`type_of_views` (`id_type_of_view`, `name`) VALUES (5, 'Hướng sân golf');
INSERT INTO `booking_db`.`type_of_views` (`id_type_of_view`, `name`) VALUES (6, 'Hướng hồ bơi');

COMMIT;


-- -----------------------------------------------------
-- Data for table `booking_db`.`roles`
-- -----------------------------------------------------
START TRANSACTION;
USE `booking_db`;
INSERT INTO `booking_db`.`roles` (`id_role`, `name`) VALUES (1, 'admin');
INSERT INTO `booking_db`.`roles` (`id_role`, `name`) VALUES (2, 'hotel manager');
INSERT INTO `booking_db`.`roles` (`id_role`, `name`) VALUES (3, 'hotel reservation clerk');
INSERT INTO `booking_db`.`roles` (`id_role`, `name`) VALUES (4, 'tour manager');
INSERT INTO `booking_db`.`roles` (`id_role`, `name`) VALUES (5, 'tour reservation clerk');
INSERT INTO `booking_db`.`roles` (`id_role`, `name`) VALUES (6, 'tour advisor');

COMMIT;


-- -----------------------------------------------------
-- Data for table `booking_db`.`tour_transportations`
-- -----------------------------------------------------
START TRANSACTION;
USE `booking_db`;
INSERT INTO `booking_db`.`tour_transportations` (`id_transportation`, `bus`, `train`, `airplane`, `ship`) VALUES (1, 0, 0, 0, 0);
INSERT INTO `booking_db`.`tour_transportations` (`id_transportation`, `bus`, `train`, `airplane`, `ship`) VALUES (2, 0, 0, 0, 1);
INSERT INTO `booking_db`.`tour_transportations` (`id_transportation`, `bus`, `train`, `airplane`, `ship`) VALUES (3, 0, 0, 1, 0);
INSERT INTO `booking_db`.`tour_transportations` (`id_transportation`, `bus`, `train`, `airplane`, `ship`) VALUES (4, 0, 0, 1, 1);
INSERT INTO `booking_db`.`tour_transportations` (`id_transportation`, `bus`, `train`, `airplane`, `ship`) VALUES (5, 0, 1, 0, 0);
INSERT INTO `booking_db`.`tour_transportations` (`id_transportation`, `bus`, `train`, `airplane`, `ship`) VALUES (6, 0, 1, 0, 1);
INSERT INTO `booking_db`.`tour_transportations` (`id_transportation`, `bus`, `train`, `airplane`, `ship`) VALUES (7, 0, 1, 1, 0);
INSERT INTO `booking_db`.`tour_transportations` (`id_transportation`, `bus`, `train`, `airplane`, `ship`) VALUES (8, 0, 1, 1, 1);
INSERT INTO `booking_db`.`tour_transportations` (`id_transportation`, `bus`, `train`, `airplane`, `ship`) VALUES (9, 1, 0, 0, 0);
INSERT INTO `booking_db`.`tour_transportations` (`id_transportation`, `bus`, `train`, `airplane`, `ship`) VALUES (10, 1, 0, 0, 1);
INSERT INTO `booking_db`.`tour_transportations` (`id_transportation`, `bus`, `train`, `airplane`, `ship`) VALUES (11, 1, 0, 1, 0);
INSERT INTO `booking_db`.`tour_transportations` (`id_transportation`, `bus`, `train`, `airplane`, `ship`) VALUES (12, 1, 0, 1, 1);
INSERT INTO `booking_db`.`tour_transportations` (`id_transportation`, `bus`, `train`, `airplane`, `ship`) VALUES (13, 1, 1, 0, 0);
INSERT INTO `booking_db`.`tour_transportations` (`id_transportation`, `bus`, `train`, `airplane`, `ship`) VALUES (14, 1, 1, 0, 1);
INSERT INTO `booking_db`.`tour_transportations` (`id_transportation`, `bus`, `train`, `airplane`, `ship`) VALUES (15, 1, 1, 1, 0);
INSERT INTO `booking_db`.`tour_transportations` (`id_transportation`, `bus`, `train`, `airplane`, `ship`) VALUES (16, 1, 1, 1, 1);

COMMIT;


-- -----------------------------------------------------
-- Data for table `booking_db`.`service_tours`
-- -----------------------------------------------------
START TRANSACTION;
USE `booking_db`;
INSERT INTO `booking_db`.`service_tours` (`id_service`, `tour_guide`, `insurance`, `meal`, `ticket`, `transportation`) VALUES (1, 0, 0, 0, 0, 0);
INSERT INTO `booking_db`.`service_tours` (`id_service`, `tour_guide`, `insurance`, `meal`, `ticket`, `transportation`) VALUES (2, 0, 0, 0, 0, 1);
INSERT INTO `booking_db`.`service_tours` (`id_service`, `tour_guide`, `insurance`, `meal`, `ticket`, `transportation`) VALUES (3, 0, 0, 0, 1, 0);
INSERT INTO `booking_db`.`service_tours` (`id_service`, `tour_guide`, `insurance`, `meal`, `ticket`, `transportation`) VALUES (4, 0, 0, 0, 1, 1);
INSERT INTO `booking_db`.`service_tours` (`id_service`, `tour_guide`, `insurance`, `meal`, `ticket`, `transportation`) VALUES (5, 0, 0, 1, 0, 0);
INSERT INTO `booking_db`.`service_tours` (`id_service`, `tour_guide`, `insurance`, `meal`, `ticket`, `transportation`) VALUES (6, 0, 0, 1, 0, 1);
INSERT INTO `booking_db`.`service_tours` (`id_service`, `tour_guide`, `insurance`, `meal`, `ticket`, `transportation`) VALUES (7, 0, 0, 1, 1, 0);
INSERT INTO `booking_db`.`service_tours` (`id_service`, `tour_guide`, `insurance`, `meal`, `ticket`, `transportation`) VALUES (8, 0, 0, 1, 1, 1);
INSERT INTO `booking_db`.`service_tours` (`id_service`, `tour_guide`, `insurance`, `meal`, `ticket`, `transportation`) VALUES (9, 0, 1, 0, 0, 0);
INSERT INTO `booking_db`.`service_tours` (`id_service`, `tour_guide`, `insurance`, `meal`, `ticket`, `transportation`) VALUES (10, 0, 1, 0, 0, 1);
INSERT INTO `booking_db`.`service_tours` (`id_service`, `tour_guide`, `insurance`, `meal`, `ticket`, `transportation`) VALUES (11, 0, 1, 0, 1, 0);
INSERT INTO `booking_db`.`service_tours` (`id_service`, `tour_guide`, `insurance`, `meal`, `ticket`, `transportation`) VALUES (12, 0, 1, 0, 1, 1);
INSERT INTO `booking_db`.`service_tours` (`id_service`, `tour_guide`, `insurance`, `meal`, `ticket`, `transportation`) VALUES (13, 0, 1, 1, 0, 0);
INSERT INTO `booking_db`.`service_tours` (`id_service`, `tour_guide`, `insurance`, `meal`, `ticket`, `transportation`) VALUES (14, 0, 1, 1, 0, 1);
INSERT INTO `booking_db`.`service_tours` (`id_service`, `tour_guide`, `insurance`, `meal`, `ticket`, `transportation`) VALUES (15, 0, 1, 1, 1, 0);
INSERT INTO `booking_db`.`service_tours` (`id_service`, `tour_guide`, `insurance`, `meal`, `ticket`, `transportation`) VALUES (16, 0, 1, 1, 1, 1);
INSERT INTO `booking_db`.`service_tours` (`id_service`, `tour_guide`, `insurance`, `meal`, `ticket`, `transportation`) VALUES (17, 1, 0, 0, 0, 0);
INSERT INTO `booking_db`.`service_tours` (`id_service`, `tour_guide`, `insurance`, `meal`, `ticket`, `transportation`) VALUES (18, 1, 0, 0, 0, 1);
INSERT INTO `booking_db`.`service_tours` (`id_service`, `tour_guide`, `insurance`, `meal`, `ticket`, `transportation`) VALUES (19, 1, 0, 0, 1, 0);
INSERT INTO `booking_db`.`service_tours` (`id_service`, `tour_guide`, `insurance`, `meal`, `ticket`, `transportation`) VALUES (20, 1, 0, 0, 1, 1);
INSERT INTO `booking_db`.`service_tours` (`id_service`, `tour_guide`, `insurance`, `meal`, `ticket`, `transportation`) VALUES (21, 1, 0, 1, 0, 0);
INSERT INTO `booking_db`.`service_tours` (`id_service`, `tour_guide`, `insurance`, `meal`, `ticket`, `transportation`) VALUES (22, 1, 0, 1, 0, 1);
INSERT INTO `booking_db`.`service_tours` (`id_service`, `tour_guide`, `insurance`, `meal`, `ticket`, `transportation`) VALUES (23, 1, 0, 1, 1, 0);
INSERT INTO `booking_db`.`service_tours` (`id_service`, `tour_guide`, `insurance`, `meal`, `ticket`, `transportation`) VALUES (24, 1, 0, 1, 1, 1);
INSERT INTO `booking_db`.`service_tours` (`id_service`, `tour_guide`, `insurance`, `meal`, `ticket`, `transportation`) VALUES (25, 1, 1, 0, 0, 0);
INSERT INTO `booking_db`.`service_tours` (`id_service`, `tour_guide`, `insurance`, `meal`, `ticket`, `transportation`) VALUES (26, 1, 1, 0, 0, 1);
INSERT INTO `booking_db`.`service_tours` (`id_service`, `tour_guide`, `insurance`, `meal`, `ticket`, `transportation`) VALUES (27, 1, 1, 0, 1, 0);
INSERT INTO `booking_db`.`service_tours` (`id_service`, `tour_guide`, `insurance`, `meal`, `ticket`, `transportation`) VALUES (28, 1, 1, 0, 1, 1);
INSERT INTO `booking_db`.`service_tours` (`id_service`, `tour_guide`, `insurance`, `meal`, `ticket`, `transportation`) VALUES (29, 1, 1, 1, 0, 0);
INSERT INTO `booking_db`.`service_tours` (`id_service`, `tour_guide`, `insurance`, `meal`, `ticket`, `transportation`) VALUES (30, 1, 1, 1, 0, 1);
INSERT INTO `booking_db`.`service_tours` (`id_service`, `tour_guide`, `insurance`, `meal`, `ticket`, `transportation`) VALUES (31, 1, 1, 1, 1, 0);
INSERT INTO `booking_db`.`service_tours` (`id_service`, `tour_guide`, `insurance`, `meal`, `ticket`, `transportation`) VALUES (32, 1, 1, 1, 1, 1);

COMMIT;


-- -----------------------------------------------------
-- Data for table `booking_db`.`theme_tours`
-- -----------------------------------------------------
START TRANSACTION;
USE `booking_db`;
INSERT INTO `booking_db`.`theme_tours` (`id_theme`, `name`) VALUES (1, 'Mặc định');
INSERT INTO `booking_db`.`theme_tours` (`id_theme`, `name`) VALUES (2, 'Tết Tân Sửu');
INSERT INTO `booking_db`.`theme_tours` (`id_theme`, `name`) VALUES (3, 'Cung Đường Đông Tây Bắc');
INSERT INTO `booking_db`.`theme_tours` (`id_theme`, `name`) VALUES (4, 'Tour Trải Nghiệm');
INSERT INTO `booking_db`.`theme_tours` (`id_theme`, `name`) VALUES (5, 'Tour Cao Cấp');

COMMIT;


-- -----------------------------------------------------
-- Data for table `booking_db`.`type_of_payments`
-- -----------------------------------------------------
START TRANSACTION;
USE `booking_db`;
INSERT INTO `booking_db`.`type_of_payments` (`id_type_of_payment`, `name`) VALUES (1, 'Tiền mặt');
INSERT INTO `booking_db`.`type_of_payments` (`id_type_of_payment`, `name`) VALUES (2, 'Chuyển khoản');
INSERT INTO `booking_db`.`type_of_payments` (`id_type_of_payment`, `name`) VALUES (3, 'Ví điện tử');
INSERT INTO `booking_db`.`type_of_payments` (`id_type_of_payment`, `name`) VALUES (4, 'Thẻ Tín dụng/Ghi nợ');

COMMIT;

ALTER TABLE `booking_db`.`tours` 
ADD COLUMN `introduction_heading` VARCHAR(255) NULL AFTER `description`,
ADD COLUMN `description_heading` VARCHAR(255) NULL AFTER `introduction_heading`;

